as_of,player_id,name,overall,overall_matches,hard_rating,hard_matches,clay_rating,clay_matches,grass_rating,grass_matches,carpet_rating,carpet_matches
2026-09-29,S0AG,Jannik Sinner,2626.4150877866978,497,2565.1650557837766,324,2408.5985019096847,123,2298.9205450222084,50,1500.0,0
2026-09-29,A0E2,Carlos Alcaraz,2509.526184590932,425,2404.9992612146953,214,2441.6865877537366,172,2296.116711739054,39,1500.0,0
2026-09-29,F324,Roger Federer,2385.9928907011,1510,2366.793446996926,936,2234.7628837523566,294,2202.0942292168434,221,1934.9840465563902,59
2026-09-29,D643,Novak Djokovic,2381.021280501426,1468,2347.293778550187,898,2296.1914965036704,393,2294.9344351699096,153,1730.784902268333,24
2026-09-29,Z355,Alexander Zverev,2377.882052676719,888,2289.2940113274926,523,2287.054929918472,286,2021.1613420200422,79,1500.0,0
2026-09-29,N409,Rafael Nadal,2318.1956572665385,1370,2238.0306481306293,693,2380.369925112593,564,2116.2739818094115,97,1516.1640543081426,16
2026-09-29,F0F1,Arthur Fils,2290.8572599814374,259,2199.5778738866393,150,2199.444106400087,92,1804.2377207951258,17,1500.0,0
2026-09-29,D683,Juan Martin del Potro,2275.206249722482,689,2278.3349867677584,459,2128.6060245032863,163,1960.6874529262957,58,1678.4749835041928,9
2026-09-29,SA49,Robin Soderling,2267.1072115795473,557,2201.04493770259,312,2222.3551766668074,159,1924.729285450227,43,1865.7967159709808,39
2026-09-29,S0S1,Ben Shelton,2245.871427267034,291,2228.231285606387,205,1960.7164138573753,50,1907.6933981703764,31,1500.0,0
2026-09-29,FB98,Taylor Fritz,2212.7325106646563,725,2137.0848441352846,519,1922.4626375663809,107,2034.0815693174582,97,1500.0,0
2026-09-29,TD51,Frances Tiafoe,2212.373094141638,677,2160.6199347074203,451,1988.5141025172534,151,1878.4219060674645,67,1500.0,0
2026-09-29,J0DZ,Rafael Jodar,2209.5361824460374,113,2072.233221832187,82,2161.1591372498247,28,1595.4964408924445,3,1500.0,0
2026-09-29,PL56,Tommy Paul,2203.4382638945035,576,2117.44798910734,386,2126.49711551182,130,1878.6239176490403,59,1500.0,0
2026-09-29,AG37,Felix Auger-Aliassime,2202.855642813917,590,2160.1080145545297,377,2008.720749670277,157,1858.8997371940277,56,1500.0,0
2026-09-29,L0BV,Jiri Lehecka,2179.6908660879276,367,2123.4917743325245,209,2016.9611722478817,125,1874.2875650611968,30,1500.0,0
2026-09-29,M0EJ,Lorenzo Musetti,2176.472120465344,432,2069.415890423502,220,2217.259414890844,183,1887.7112410398352,29,1500.0,0
2026-09-29,RH16,Casper Ruud,2175.583095652779,645,2028.01486415978,306,2211.907810985342,325,1528.923295505785,14,1500.0,0
2026-09-29,F0FV,Joao Fonseca,2167.5501996342214,162,2147.6456162459076,82,2081.1142824533836,64,1677.0021350329562,16,1500.0,0
2026-09-29,DH58,Alex De Minaur,2165.711276675439,618,2139.0385886351623,427,2064.8355489399673,108,1932.1741639548786,83,1500.0,0
2026-09-29,C0E9,Flavio Cobolli,2162.7202734313223,400,2009.3996412928943,164,2075.7066742051475,212,1885.5595297263626,24,1500.0,0
2026-09-29,D0CO,Jack Draper,2161.5330944292873,255,2147.0813168725667,172,2070.0062880863384,43,1853.1268917012333,40,1500.0,0
2026-09-29,T0HA,Learner Tien,2158.548515951349,177,2133.683065146225,141,1973.9534912289591,24,1595.122823885244,12,1500.0,0
2026-09-29,MM58,Daniil Medvedev,2150.0497305642566,758,2157.428830968514,552,2047.5500876227093,112,1902.543376261042,94,1500.0,0
2026-09-29,N0AE,Brandon Nakashima,2145.5824679949833,429,2097.4948298711865,294,1861.136387260725,76,1787.4847628916318,56,1500.0,0
2026-09-29,M0NI,Jakub Mensik,2142.2964337892226,223,2100.5905520324295,147,2097.468323680875,59,1665.3670241285645,17,1500.0,0
2026-09-29,KE17,Nick Kyrgios,2139.834727101857,376,2088.4798299869967,246,1989.9856335313607,64,1922.9027779493924,66,1500.0,0
2026-09-29,R0DG,Holger Rune,2139.4995008513965,370,2116.944367182455,206,2116.7103591349955,143,1785.7700347372358,21,1500.0,0
2026-09-29,K0AH,Sebastian Korda,2133.227627349468,322,2082.8550134880093,227,1924.7574329676295,70,1817.3836546193772,25,1500.0,0
2026-09-29,DH50,Alejandro Davidovich Fokina,2128.271336862108,430,2068.40552075711,241,1954.1552351470866,146,1858.5061815288711,42,1500.0,0
2026-09-29,B0PG,Alexander Blockx,2127.4163261050558,190,1958.4171024440259,136,2063.377191317172,45,1590.849994650954,9,1500.0,0
2026-09-29,R975,Milos Raonic,2116.015916282221,630,2100.404498077772,442,2038.6802006926534,104,1918.7072945465666,81,1440.9031244009152,1
2026-09-29,BK92,Alexander Bublik,2114.219708817845,610,2037.0507773628506,401,1985.5717939395936,124,1923.2144517264212,85,1500.0,0
2026-09-29,M0QI,Alex Michelsen,2112.5365708406925,253,2112.8226456759967,169,1810.290404070497,40,1672.788085693892,37,1500.0,0
2026-09-29,C0AU,Francisco Cerundolo,2112.2228972756625,414,2055.2553275277137,141,2038.048585465618,246,1700.3008909372131,26,1500.0,0
2026-09-29,TE51,Stefanos Tsitsipas,2110.9538652186757,701,2054.0572664850342,425,2114.843497989729,226,1689.5269793538837,50,1500.0,0
2026-09-29,M0N7,Daniel Merida,2109.874783427381,129,2040.9400419976114,48,1937.001852378631,75,1476.1214858152375,3,1500.0,0
2026-09-29,HB71,Hubert Hurkacz,2106.6608575956816,552,2009.948554910351,367,2011.4013768931916,132,1925.8091043066083,51,1500.0,0
2026-09-29,R485,Andy Roddick,2100.6224992778916,856,2087.476387240754,591,1785.8381287392772,121,1966.1739187410865,109,1837.9490205842446,35
2026-09-29,RE44,Andrey Rublev,2090.28200307253,774,2008.102904078236,517,2099.976009413794,209,1794.4986778350813,48,1500.0,0
2026-09-29,BA47,Tomas Berdych,2089.7618487393165,1071,2063.7695424206677,649,2056.905522687284,295,1907.3090593569739,99,1851.4227043552767,27
2026-09-29,BK40,Matteo Berrettini,2078.499744649569,457,2017.7506385431475,264,2060.585017008087,132,1962.0011521258027,61,1500.0,0
2026-09-29,KE29,Karen Khachanov,2076.728406215914,692,2018.4868410892389,447,1995.1828291526188,187,1823.7801341165539,58,1500.0,0
2026-09-29,VA25,Valentin Vacherot,2076.3676961446727,193,2011.310998274864,103,1896.88451511434,88,1427.6311357766708,2,1500.0,0
2026-09-29,V812,Botic van de Zandschulp,2064.9413107559767,416,2044.7445759546242,241,1845.060604278363,143,1599.9531937344866,32,1500.0,0
2026-09-29,F0DM,Arthur Fery,2059.8506647166755,127,1905.1328187141967,73,1700.8092146274134,18,1851.1247369519049,36,1500.0,0
2026-09-29,F0F2,Jaime Faria,2057.1981519743504,180,1952.2120999994806,53,1939.7901484962483,112,1747.929104416348,15,1500.0,0
2026-09-29,D0FJ,Luciano Darderi,2056.9771833288473,335,1932.4838011099005,66,2075.86858947673,254,1552.0418808793756,15,1500.0,0
2026-09-29,N771,Cameron Norrie,2055.689164077916,607,2003.885480288413,404,1993.2770222266306,144,1767.0629908113249,59,1500.0,0
2026-09-29,M0FH,Tomas Machac,2055.0351626029446,354,2004.5088075122972,242,1956.5978526379972,94,1682.7910896176727,17,1440.9031244009152,1
2026-09-29,F339,Mardy Fish,2054.1363429239727,606,2001.4485430287502,435,1837.5234154066807,80,1931.9020466598595,80,1543.337795984748,11
2026-09-29,N0BS,Mariano Navone,2046.200053494942,268,1927.464340445662,56,1974.283838581961,202,1386.4758283899625,10,1500.0,0
2026-09-29,TE30,Alejandro Tabilo,2043.39142605837,423,1998.2825130724884,157,1929.4099142463583,241,1627.6272065619105,25,1500.0,0
2026-09-29,BT72,Nuno Borges,2043.3328482968946,354,1976.2427887288025,172,1914.7773302185874,147,1701.0087091935075,34,1500.0,0
2026-09-29,D875,Grigor Dimitrov,2041.0270622461162,926,2048.5182055269597,606,1900.6413985057932,215,1888.529606993861,99,1490.7240522871637,6
2026-09-29,D801,Alexandr Dolgopolov,2040.6028058309325,592,2000.484037319506,301,1940.5041784603388,244,1693.6833859745125,43,1458.23909100892,4
2026-09-29,T0A1,Thiago Agustin Tirante,2039.9979000309916,368,1939.9346480031213,98,1939.3968655477559,258,1447.0526181940966,11,1500.0,0
2026-09-29,A092,Andre Agassi,2039.3155149394374,358,2051.649429323751,265,1862.255549550236,54,1746.7994652079449,29,1671.5813456273322,10
2026-09-29,N301,David Nalbandian,2033.030331617141,644,2012.1237150676147,304,1983.5874548214788,255,1803.7216201048498,45,1849.3179459935095,39
2026-09-29,B0ID,Ignacio Buse,2027.46991289994,169,1926.8653084317598,35,1950.6519625203878,127,1563.5534983828948,7,1500.0,0
2026-09-29,P0HW,Dino Prizmic,2026.6598779547196,190,1871.8913782026445,86,2001.6533087583396,97,1516.153452561795,7,1500.0,0
2026-09-29,F401,David Ferrer,2026.1921165407382,1201,2018.02727951614,560,2035.0333515012715,547,1727.3318913031358,70,1534.6377675191056,24
2026-09-29,HH26,Ugo Humbert,2026.0129490502768,495,2009.8473665820413,348,1817.657019994076,81,1778.7836586728533,66,1500.0,0
2026-09-29,Z0BZ,Michael Zheng,2018.6005593159564,92,1955.8739225199915,77,1792.1824215508243,6,1721.1510364816631,9,1500.0,0
2026-09-29,KD46,Thanasi Kokkinakis,2018.5533941086017,414,1994.8593064019067,287,1885.7773066979498,99,1503.2147697882515,28,1500.0,0
2026-09-29,SX50,Roman Safiullin,2013.216907536307,383,1881.6473798290958,246,1962.2706878212246,94,1827.720574990349,40,1500.0,0
2026-09-29,G0IX,Arthur Gea,2012.1033548899902,130,2022.9185856210386,54,1661.3759837508355,67,1570.589688908662,9,1500.0,0
2026-09-29,S694,Radek Stepanek,2011.7493668422128,826,1935.7439150443863,454,1881.7225474384293,251,1784.7142496740598,75,1766.0447714577797,46
2026-09-29,D0DW,Titouan Droguet,2009.2072542123008,264,1930.4848249673541,128,1904.6321750969084,123,1580.8359168571835,13,1500.0,0
2026-09-29,SU55,Denis Shapovalov,2006.7871992594376,517,2036.781940594046,375,1807.7409472133143,88,1624.26318746103,54,1500.0,0
2026-09-29,C977,Marin Cilic,2006.7400979790186,1074,1972.6961479270346,640,1858.7916838800093,291,1903.8272843375296,130,1625.7186258861761,13
2026-09-29,MC10,Andy Murray,2005.2786229124765,1074,1965.4113950388037,713,2092.484495290983,176,1972.5723746952801,171,1815.7723282108,14
2026-09-29,EA24,Tomas Martin Etcheverry,2003.9967624834082,421,1967.9588089825097,119,1941.9656361158975,282,1440.3784101254887,20,1500.0,0
2026-09-29,MU94,Jaume Munar,2002.828358338483,567,1993.6411227771755,195,1850.3738809428621,345,1678.0284701453318,27,1500.0,0
2026-09-29,S0TM,Toby Samuel,2002.6918717787473,82,1973.2417507275802,52,1832.9456851641714,17,1527.8345528911766,13,1500.0,0
2026-09-29,C0H0,Arthur Cazaux,2002.0870251963402,224,1913.7236479362818,153,1828.0824790046015,50,1660.2374659654863,21,1500.0,0
2026-09-29,C0C8,Juan Manuel Cerundolo,2000.4791058711269,394,1832.8754388602952,58,1971.8095981908293,325,1442.7516168803643,9,1500.0,0
2026-09-29,TC61,Jordan Thompson,1999.4790594135764,671,1950.5534163143477,460,1646.1128590937954,95,1815.498295780963,107,1377.421448533687,2
2026-09-29,R255,Patrick Rafter,1998.9088264562015,119,1933.3008924127944,69,1470.851947529538,12,1979.6517843123227,31,1634.4927685736354,7
2026-09-29,MC65,Gael Monfils,1998.0912863524761,998,1998.438864269642,630,1831.734793900756,274,1719.0958202909508,84,1658.9506236784196,10
2026-09-29,S402,Pete Sampras,1996.0178443785253,151,2062.535000479117,100,1532.7005907589878,24,1778.6275206701305,25,1495.3817226312292,2
2026-09-29,BU13,Zizou Bergs,1995.846786505473,359,1924.7642966958874,209,1768.104969892879,106,1762.0682641862925,44,1500.0,0
2026-09-29,RC91,Arthur Rinderknech,1995.6021516260184,433,1951.4200189685157,261,1862.1721485397422,123,1741.419145477997,48,1500.0,0
2026-09-29,HB64,Quentin Halys,1994.3512121344086,659,1890.5256747311903,427,1959.942618859115,177,1636.25116051699,48,1758.985888643401,5
2026-09-29,MQ75,Kamil Majchrzak,1993.5851831737552,472,1912.554537770419,233,1833.1877068869685,189,1828.164063185815,48,1500.0,0
2026-09-29,Q02L,Ethan Quinn,1993.0630168175007,192,1979.6479468292098,131,1772.1383669692434,40,1726.1409236758745,20,1500.0,0
2026-09-29,H997,Yannick Hanfmann,1991.7903626836928,525,1897.2056384186014,184,1916.3652419414086,290,1645.4512977195698,51,1500.0,0
2026-09-29,BM95,Benjamin Bonzi,1990.4240023101006,485,1932.924700611531,318,1724.5481605241307,110,1716.7821600603525,52,1500.0,0
2026-09-29,S0JA,Eliot Spizzirri,1986.5819548806344,132,1971.0795367871256,103,1649.7125250361119,17,1561.2989850790123,12,1500.0,0
2026-09-29,GJ37,Tallon Griekspoor,1986.0514404036971,458,2004.5269760623485,234,1891.5390635322506,175,1702.9658918986788,43,1500.0,0
2026-09-29,N552,Kei Nishikori,1984.6336958590418,840,1946.2247242437718,566,1952.7057578197373,188,1854.6340234866163,78,1512.2324532085154,2
2026-09-29,CD85,Pablo Carreno Busta,1984.0236705232212,797,1900.925611457638,369,1942.0777162957643,406,1499.9443678205748,22,1500.0,0
2026-09-29,C0JP,Raphael Collignon,1978.222346856109,188,1869.8798557387572,99,1976.0409679333911,79,1595.0361628853932,10,1500.0,0
2026-09-29,G415,Fernando Gonzalez,1977.9597975895404,626,1939.2164754456142,273,2006.447900065939,288,1765.4353204078675,37,1678.0778667204254,28
2026-09-29,A0GC,Terence Atmane,1976.5065043764466,237,1955.747405039986,166,1765.8069921886704,55,1462.1280221889376,16,1500.0,0
2026-09-29,I186,John Isner,1976.166827037907,870,1913.8488727660776,625,1970.0826121548178,157,1833.1515857909353,85,1567.700893168017,3
2026-09-29,SL28,Jan-Lennard Struff,1976.0962093978892,893,1829.5502285669768,474,1885.2020439827381,334,1870.4854039547731,78,1419.7161513037129,4
2026-09-29,MA21,Juan Monaco,1975.0177352606688,668,1870.0752074089503,229,1979.8650694291216,411,1671.6048207834879,18,1469.577317947891,10
2026-09-29,CA12,Jeremy Chardy,1971.7399954543716,807,1990.9445478736532,428,1838.4773970192175,303,1625.4009242651603,73,1483.1567624517654,3
2026-09-29,F316,Juan Carlos Ferrero,1970.650679459649,721,1882.935361909016,312,1956.8975125797137,331,1832.2975165716075,49,1595.0999127666073,29
2026-09-29,B0BI,Sebastian Baez,1969.8129893152768,366,1926.062545843361,116,1888.9096636113386,232,1426.473955482602,13,1500.0,0
2026-09-29,L360,Ivan Ljubicic,1967.7523611365555,722,1894.7530596481527,416,1958.6299595977796,179,1682.7018241858561,50,1847.109001171717,77
2026-09-29,M0JF,Hamad Medjedovic,1967.4383957598275,225,1811.0417487119194,117,2019.6356944754757,89,1580.7158396348796,17,1500.0,0
2026-09-29,A385,Mario Ancic,1967.0150065329433,434,1971.288662818718,234,1874.6290164599834,72,1984.4661703759534,58,1742.1044084199298,70
2026-09-29,V0DZ,Luca Van Assche,1967.0137728205416,317,1882.7012703318528,164,1916.7051338338695,140,1492.6934350181004,13,1500.0,0
2026-09-29,M0CI,Fabian Marozsan,1965.1481545403935,259,1897.7648223318706,127,1865.1602049185105,109,1662.4260177606839,23,1500.0,0
2026-09-29,O522,Reilly Opelka,1963.211383610073,386,1973.6109128582025,276,1742.5495778859568,74,1632.6800086172768,36,1500.0,0
2026-09-29,PF39,Lucas Pouille,1961.2502690751141,524,1893.4252952720883,306,1799.018981879888,163,1771.2612896074393,55,1500.0,0
2026-09-29,B747,Julien Benneteau,1957.735033495188,787,1897.3289080404759,489,1749.7386387495667,187,1735.2948894120127,82,1723.7933037244336,29
2026-09-29,A0FC,Matteo Arnaldi,1955.6238856866823,294,1812.7111237454799,145,2054.341757597746,135,1489.6118574945967,14,1500.0,0
2026-09-29,F724,Marton Fucsovics,1955.459450833398,747,1901.61186384269,430,1826.307516355625,233,1781.9838932796245,75,1508.1585663875055,5
2026-09-29,H0BH,Rinky Hijikata,1953.5554394007904,335,1897.9322167836801,248,1608.5389435948691,37,1673.1196764817082,48,1500.0,0
2026-09-29,MV14,Alex Molcan,1952.6791431674121,326,1829.8381646082355,122,1895.2743463926427,184,1648.682720190092,15,1500.0,0
2026-09-29,B0NN,Nishesh Basavareddy,1952.1367550289715,169,1885.596310766708,134,1770.1918552989505,30,1437.4357513547532,5,1500.0,0
2026-09-29,P09Z,Alexei Popyrin,1950.5037005222978,448,1870.494753594811,284,1939.106911702963,117,1510.9343209228007,47,1500.0,0
2026-09-29,KF17,Soonwoo Kwon,1950.0413798629945,371,1885.8633135715468,305,1740.0399622277337,33,1663.5129676254035,32,1500.0,0
2026-09-29,F0BY,Jacob Fearnley,1945.4078289084719,155,1855.391820807434,101,1805.148727958512,22,1767.3568152387554,32,1500.0,0
2026-09-29,S0RE,Juncheng Shang,1941.4988591517376,191,1843.968964124168,141,1734.7494669517314,30,1688.6661970505975,19,1500.0,0
2026-09-29,A678,Kevin Anderson,1940.6403792534838,809,1874.7965470034835,568,1976.9639113289809,146,1895.2193066993095,93,1500.0,0
2026-09-29,B0GG,Mattia Bellucci,1939.4897196903223,269,1864.6983487720745,179,1762.2837702669008,55,1737.4974273076011,35,1500.0,0
2026-09-29,WB32,Yibing Wu,1939.3592615256455,209,1954.3545822303527,154,1817.6587556951013,37,1388.8085193079958,11,1500.0,0
2026-09-29,HG86,Lloyd Harris,1937.5396932425813,457,1884.465707432589,327,1724.7088166711462,79,1676.8777539420703,49,1500.0,0
2026-09-29,KI95,Miomir Kecmanovic,1935.2023125361413,525,1864.7717386400845,338,1879.6903816804243,142,1682.2835885817867,45,1500.0,0
2026-09-29,T786,Jo-Wilfried Tsonga,1932.9893742009133,801,1960.3638117917271,545,1861.9386359851835,153,1871.8717390622353,90,1791.5847089105694,13
2026-09-29,S0K7,Zachary Svajda,1931.2180628403753,251,1856.7906898944486,184,1761.1249547605814,24,1762.659539139828,38,1500.0,0
2026-09-29,H355,Tommy Haas,1930.4482653388118,746,1909.483715628741,455,1913.3437480601294,189,1795.9016520953799,72,1812.308698455495,30
2026-09-29,D0F6,Gabriel Diallo,1929.581857106591,249,1883.9628919345512,179,1797.9726228775023,36,1689.1827078897652,34,1500.0,0
2026-09-29,SU87,Lorenzo Sonego,1928.6404993619105,563,1902.7576788079639,293,1759.00223141,210,1756.2456310331359,60,1500.0,0
2026-09-29,MA30,Gilles Muller,1928.3415016948873,850,1858.1402228596778,589,1766.138195348877,113,1865.5036783645764,109,1699.2176331283833,35
2026-09-29,D0CG,Facundo Diaz Acosta,1927.5842259031167,301,1616.9793036968535,42,1921.469395407492,254,1317.8903070154904,5,1500.0,0
2026-09-29,D402,Nikolay Davydenko,1926.0472047766696,918,1937.1381466447424,456,1814.2097696790213,362,1579.1112281259864,30,1860.582630422105,70
2026-09-29,KE73,Dominik Koepfer,1919.6658960079862,366,1855.2906172725714,239,1934.4505129293264,96,1539.7845742415102,30,1500.0,0
2026-09-29,Y09V,Yunchaokete Bu,1919.0962290082691,222,1842.3314693518196,170,1691.0942262677534,21,1682.4433973566838,25,1504.1564496318938,2
2026-09-29,D0C1,Jesper de Jong,1917.9286353199243,332,1778.9176751719601,110,1901.5858130694232,205,1558.1963231093853,17,1500.0,0
2026-09-29,B0CD,Jenson Brooksby,1917.0245370534917,209,1858.952504728691,140,1718.9054397278785,37,1753.7293043926247,32,1500.0,0
2026-09-29,O483,Christopher O'Connell,1916.341056895556,423,1910.5614904518993,291,1648.084036326987,91,1664.845750553025,41,1500.0,0
2026-09-29,H432,Lleyton Hewitt,1915.492705825341,799,1895.4277532406256,485,1766.3732769574765,144,1846.8994146244506,155,1796.757949072112,15
2026-09-29,W09E,Adam Walton,1915.3783888009968,261,1824.1179563965698,221,1674.1567594205294,12,1607.5849972181384,26,1500.0,0
2026-09-29,MW02,Corentin Moutet,1913.691919012068,475,1901.3632604277377,245,1875.614813788253,189,1655.71179702804,39,1500.0,0
2026-09-29,K0JH,Jan Kumstat,1912.3353762137178,32,1519.4271478958412,3,1898.5911355821945,29,1500.0,0,1500.0,0
2026-09-29,R0FS,Leandro Riedi,1912.1406959922422,167,1901.8559781804402,111,1733.2062898032596,33,1680.5162562376888,21,1500.0,0
2026-09-29,D0DT,Martin Damm,1911.9804191374803,148,1845.7896355554765,111,1611.613628256878,24,1619.836889730687,10,1500.0,0
2026-09-29,AE14,Daniel Altmaier,1909.524002555413,456,1777.416488146541,190,1883.2271309559235,232,1595.1806175637391,34,1500.0,0
2026-09-29,N732,Yoshihito Nishioka,1909.2138263081224,605,1879.9129915235524,463,1747.5990512112357,98,1531.5840199420736,33,1784.8898416216011,8
2026-09-29,N0AM,Emilio Nava,1908.4688030428272,327,1797.6926434750565,153,1889.0992821807386,152,1435.6071177880606,14,1500.0,0
2026-09-29,CG80,Borna Coric,1908.3201571846482,540,1830.0442166734335,333,1916.8867123884502,178,1646.4043534375555,28,1485.6753602949311,1
2026-09-29,T0GR,Oliver Tarvet,1907.3738585671074,37,1761.2470265586549,23,1500.0,0,1735.442557704527,14,1500.0,0
2026-09-29,BH09,Aljaz Bedene,1903.7395506059634,548,1831.3315658256797,221,1882.71585470334,284,1607.2955798825415,41,1500.0,0
2026-09-29,E140,Nicolas Escude,1903.5627197917809,209,1881.4204930236237,111,1681.7397299493555,36,1781.9575917777145,30,1704.2226899792242,32
2026-09-29,Y268,Mikael Ymer,1902.5887750995578,292,1866.786074368873,170,1747.9871610238586,99,1700.564733536783,23,1500.0,0
2026-09-29,BD06,Roberto Bautista Agut,1900.343280151563,990,1867.7667823502272,600,1795.8510457878162,288,1736.4538225840001,98,1566.1572609922237,2
2026-09-29,S741,Marat Safin,1899.9569452968612,588,1856.9777730607473,312,1789.7329965670533,170,1857.9876541994586,42,1851.0680783604855,64
2026-09-29,V0DP,Adolfo Daniel Vallejo,1899.7492167876255,196,1692.3216684804245,30,1872.1531479177847,162,1395.402351539648,2,1500.0,0
2026-09-29,PC11,Guido Pella,1898.7313843640823,575,1842.869096711285,173,1832.406948288492,370,1744.1014834065772,32,1500.0,0
2026-09-29,U182,Camilo Ugo Carabelli,1898.120109612398,377,1720.6666624706968,63,1917.8185125404723,308,1307.6832331042913,6,1500.0,0
2026-09-29,K316,Nicolas Kiefer,1897.912680091534,447,1940.3701275648154,268,1809.3256098253164,97,1680.9702906019136,53,1694.4884927582448,29
2026-09-29,D994,James Duckworth,1897.2309473726732,754,1843.5031792017583,540,1695.1252895512318,105,1595.638219390859,95,1535.766305535566,7
2026-09-29,P09O,Zsombor Piros,1897.2179131269852,326,1825.310206779203,122,1853.6295347956466,189,1522.9120574537976,14,1500.0,0
2026-09-29,K435,Philipp Kohlschreiber,1896.7542805474875,1041,1908.1153032606533,510,1853.73521536451,398,1713.6733537377015,103,1576.9382520640127,28
2026-09-29,W0BH,Coleman Wong,1896.1473878299014,218,1870.4262457216537,189,1527.9615491463217,13,1392.2653172132748,15,1500.0,0
2026-09-29,PH71,Max Purcell,1889.9934660959855,352,1815.8766084560052,281,1608.2391199972117,35,1695.2829075089128,36,1500.0,0
2026-09-29,ME82,Adrian Mannarino,1889.246707188267,1117,1863.8780977097958,755,1489.4110173850017,171,1752.9134941625034,182,1527.4200178548692,4
2026-09-29,SM25,Jack Sock,1889.217346295145,505,1830.5785675005768,363,1806.5886731531225,93,1783.5220371915623,47,1500.0,0
2026-09-29,VA08,Andrea Vavassori,1887.9323479696197,228,1842.512593722948,99,1838.6305191696993,119,1511.17267060437,10,1500.0,0
2026-09-29,B837,Marcos Baghdatis,1887.0066141487828,780,1852.5859074265156,551,1660.428173815967,97,1713.214221654206,111,1879.875592256499,21
2026-09-29,K0AZ,Aleksandar Kovacevic,1885.8080626572987,329,1857.6805706694993,248,1699.4013417067383,51,1408.6439551925482,24,1500.0,0
2026-09-29,V0AM,Otto Virtanen,1882.9506781565399,300,1832.5348688106483,179,1628.3730380233133,75,1796.2719966557347,45,1440.9031244009152,1
2026-09-29,GC88,Marcos Giron,1882.810519949999,515,1831.7933129595456,373,1699.6781779857624,84,1715.974339728143,58,1500.0,0
2026-09-29,A479,Nicolas Almagro,1882.4262580497384,786,1832.4093813815007,235,1909.9423290908537,510,1683.8643459857258,30,1553.8949050911542,11
2026-09-29,KI82,Vit Kopriva,1881.7056028576874,394,1779.7208406541345,109,1862.1729048012587,269,1549.7114787153816,15,1500.0,0
2026-09-29,S0UV,Rei Sakamoto,1878.2821236743798,111,1864.3820047173126,92,1622.637815553982,15,1533.4624738471507,4,1500.0,0
2026-09-29,B676,James Blake,1877.5667990239322,733,1878.054688476534,528,1725.886299410865,126,1583.3012803708764,63,1614.5334155310968,16
2026-09-29,G09O,Hugo Gaston,1876.4400453035337,415,1839.2377457037135,209,1789.259857552777,184,1615.3767310247717,22,1500.0,0
2026-09-29,Q927,Sam Querrey,1876.3573894878452,824,1778.899016703612,550,1779.0270140787898,140,1778.4581842650437,132,1438.7134650296853,2
2026-09-29,KB95,Jason Kubler,1876.2078529776884,317,1793.6849924391745,175,1765.9005048965232,102,1796.740157923873,40,1500.0,0
2026-09-29,GD64,Cristian Garin,1875.6298952606098,621,1744.4886503708306,178,1857.5922408094584,407,1709.9234676127605,36,1500.0,0
2026-09-29,DB63,Laslo Djere,1875.4668046073243,602,1778.971528927773,194,1890.7401652877988,377,1547.9269755635416,31,1500.0,0
2026-09-29,L575,Yen-Hsun Lu,1875.432355057615,911,1858.6478095163243,768,1541.5964995703769,30,1742.7436695967733,84,1669.028028360547,29
2026-09-29,N289,Jarkko Nieminen,1875.0633796557702,942,1824.7290804860163,537,1814.5860110999686,296,1647.5582891642198,59,1746.9815293223207,48
2026-09-29,TB69,Dominic Thiem,1874.447679449285,651,1946.380445706276,325,1795.6046551383304,291,1639.3739575054844,33,1500.0,0
2026-09-29,S0GD,Dalibor Svrcina,1874.0299656839024,291,1860.0068680092802,126,1710.250496375805,156,1385.5211508236891,7,1500.0,0
2026-09-29,B0FV,Roman Andres Burruchaga,1873.478507280024,294,1540.0023148359442,32,1909.2089051445482,255,1481.318913803524,7,1500.0,0
2026-09-29,CH12,Jan Choinski,1871.9544304595663,345,1609.0931804655143,102,1872.0703289865128,215,1535.9002770706436,27,1440.9031244009152,1
2026-09-29,SM37,Diego Schwartzman,1871.8060303554225,741,1861.7490435461675,269,1866.1313364056693,440,1593.95898108045,27,1500.0,0
2026-09-29,R0EB,Valentin Royer,1871.0976096225681,219,1795.5211304441618,107,1801.028169037453,102,1632.4272112636859,10,1500.0,0
2026-09-29,L0IL,Martin Landaluce,1870.6576390531668,196,1803.4222830002243,96,1831.833226092942,77,1576.4585467845948,19,1500.0,0
2026-09-29,T742,Janko Tipsarevic,1870.5452200403881,801,1850.744049879149,429,1830.374218986776,252,1636.624290199126,75,1594.7809009934497,43
2026-09-29,L428,Michael Llodra,1868.3958574080718,597,1833.4195389080396,377,1772.4359496884879,96,1747.1403994638108,74,1599.020515892064,50
2026-09-29,Z184,Horacio Zeballos,1868.391950311546,747,1750.5968391160186,188,1848.8212926523126,534,1386.948505476883,21,1500.0,0
2026-09-29,TA29,Marco Trungelliti,1867.938138587358,737,1722.951991691277,198,1811.1046406597782,506,1389.0000677796115,27,1500.0,0
2026-09-29,D362,Taylor Dent,1866.7748633038113,371,1808.368331953968,260,1539.8345136764026,26,1632.6870403831765,69,1646.3054851290224,11
2026-09-29,R09X,Jurij Rodionov,1866.5709891947313,479,1793.430354717151,271,1765.9354791523772,171,1605.1888074766223,36,1500.0,0
2026-09-29,G710,Marcel Granollers,1864.366239415456,829,1777.3885898205358,337,1740.3760308636345,432,1733.9554724926772,53,1629.6567761694037,5
2026-09-29,O513,Sebastian Ofner,1863.890228374219,478,1742.0548279255963,188,1850.9802516662292,236,1704.3524024585956,52,1500.0,0
2026-09-29,KC56,Aslan Karatsev,1863.0139793490637,448,1807.1213155302564,286,1848.2156157631732,140,1497.0070835862462,21,1440.9031244009152,1
2026-09-29,DC58,Jared Donaldson,1862.7548304366107,269,1803.9445485823856,193,1728.06682939918,53,1515.9026926070492,22,1500.0,0
2026-09-29,GB88,David Goffin,1861.756385742942,903,1833.1304384358127,569,1839.11075117376,255,1704.3136064506693,76,1455.59818113652,3
2026-09-29,J194,Joachim Johansson,1861.1710939748225,213,1853.216833236127,148,1458.493638018748,30,1687.154802644479,16,1726.0510490603835,19
2026-09-29,S0O6,Ilia Simakin,1860.9316757574734,91,1902.5506172344035,79,1383.8667665729977,12,1500.0,0,1500.0,0
2026-09-29,S0H2,Alexander Shevchenko,1860.1755455574016,325,1808.5001838599046,147,1823.669800239779,169,1332.7383912938633,9,1500.0,0
2026-09-29,KB05,Filip Krajinovic,1858.0404368357038,594,1815.1415373211362,259,1831.8041062775649,304,1649.3560236127323,25,1493.493293311468,5
2026-09-29,H336,Tim Henman,1857.2082399979101,449,1843.710492161991,257,1731.262711797507,87,1816.9083294609313,63,1764.9441746197685,42
2026-09-29,G628,Richard Gasquet,1856.0700683846444,1221,1795.7879234649226,697,1801.162157745356,376,1709.7779718209674,127,1717.3459602090572,21
2026-09-29,M680,Xavier Malisse,1855.929652012129,659,1762.100104353798,405,1707.1838105358515,128,1878.0142849354675,85,1642.8438405658108,41
2026-09-29,L0GH,Mark Lajal,1853.834234796697,222,1807.293722965361,181,1632.532665508572,21,1572.4744432435932,20,1500.0,0
2026-09-29,J551,Nicolas Jarry,1853.1315738322699,533,1708.8348967683557,173,1841.6520047740858,323,1783.631733421278,37,1500.0,0
2026-09-29,W367,Stan Wawrinka,1853.1170985722413,1118,1882.0905642728126,609,1758.6999135401145,420,1710.008645269446,71,1662.6200949975598,18
2026-09-29,R0E0,Chris Rodesch,1853.0783322029372,108,1878.9911733878675,58,1684.0748472172613,37,1593.4348759656446,12,1500.0,0
2026-09-29,K0A3,Patrick Kypson,1852.7557838119112,202,1791.8563161656555,144,1719.1393014453831,49,1551.336711166365,6,1500.0,0
2026-09-29,L987,Dusan Lajovic,1851.016464204087,903,1760.388009866654,366,1785.376106124223,494,1520.7667580884413,38,1435.2536497177362,4
2026-09-29,S424,Fabrice Santoro,1850.6194283314196,513,1805.6908630018863,310,1616.9180707178496,89,1790.5945285441876,67,1684.2091425436586,47
2026-09-29,D923,Damir Dzumhur,1849.5366548095078,879,1772.350749399566,415,1807.5341471808365,415,1540.0300872885523,39,1434.3651653290337,3
2026-09-29,J0AZ,Kyrian Jacquet,1849.2622747712314,201,1782.374426911061,99,1722.015325310417,88,1758.077232298331,14,1500.0,0
2026-09-29,MH30,John Millman,1848.4989210226197,572,1793.513827016417,413,1749.33948842821,86,1601.460704501526,57,1709.2547523062767,14
2026-09-29,V832,Aleksandar Vukic,1848.0019833032422,447,1826.5132069670944,290,1623.8004898860793,102,1587.8074594817792,52,1500.0,0
2026-09-29,L0CX,Pablo Llamas Ruiz,1847.8421557396612,176,1701.7197775894956,51,1905.7362933763704,117,1488.023176010766,7,1500.0,0
2026-09-29,G0A0,Andrea Guerrieri,1846.4457349317458,49,1778.1061425982266,16,1689.7672462931823,31,1559.9776424824447,2,1500.0,0
2026-09-29,M0N1,Luka Mikrut,1846.2541347294423,89,1515.5643679014534,10,1884.6789876145706,76,1398.116601429819,3,1500.0,0
2026-09-29,M605,Carlos Moya,1845.140843502104,585,1819.0622844272202,259,1842.9666114987576,301,1674.446915060317,13,1712.395326829382,12
2026-09-29,S0MN,Marat Sharipov,1844.1530219661283,57,1848.3750207162952,42,1567.851052949262,15,1500.0,0,1500.0,0
2026-09-29,C0DF,Francisco Comesana,1842.2225746003821,266,1778.8467034603807,56,1821.8222850128363,203,1496.674100203563,7,1500.0,0
2026-09-29,M0GZ,Giovanni Mpetshi Perricard,1839.618502024422,208,1753.4315323537346,128,1825.351950319431,52,1655.2239316273485,28,1500.0,0
2026-09-29,D632,Steve Darcis,1839.2538990119683,667,1828.9266932971068,302,1777.2081331839317,291,1655.4437962303512,46,1661.7480615190861,28
2026-09-29,C514,Juan Ignacio Chela,1837.5632284526848,702,1740.4704390635948,260,1874.1214026523764,408,1374.0884806358497,15,1427.053172058413,14
2026-09-29,T315,Dmitry Tursunov,1836.1551987962268,697,1820.4887776785777,486,1754.9773747106276,103,1572.6342053144922,77,1705.6704439937344,26
2026-09-29,J397,Jerzy Janowicz,1834.884982898799,437,1826.8561870013855,232,1723.7857291670687,146,1749.4968461221158,36,1743.1341329514405,20
2026-09-29,MP20,Alexandre Muller,1834.0620250634324,436,1823.147553053719,194,1785.3494512520565,230,1502.0047874636252,12,1500.0,0
2026-09-29,R0KD,Mees Rottgering,1832.9107194201372,31,1751.7982118896823,22,1562.3337915732297,4,1495.6840728963155,5,1500.0,0
2026-09-29,Z0A1,Giulio Zeppieri,1832.8266710070363,271,1778.7314165673868,109,1753.3100237530298,155,1687.6304695092479,7,1500.0,0
2026-09-29,Y061,Mikhail Youzhny,1832.0702690687317,1057,1817.8849822333423,580,1670.4681336901253,296,1712.7125539103624,117,1785.0129574026355,64
2026-09-29,K336,Ivo Karlovic,1832.0665721701548,930,1805.8105097961284,581,1728.2345073080846,158,1663.6549732374976,154,1521.7334493670776,37
2026-09-29,F510,Fabio Fognini,1832.0409394772305,1086,1739.3173619353558,412,1846.0461585696235,619,1615.8752928106787,52,1468.0996609140611,1
2026-09-29,M873,Nicolas Mahut,1830.28781522334,866,1756.151603121545,568,1766.732065128567,107,1728.133172973203,154,1553.2764429125828,31
2026-09-29,M762,Jurgen Melzer,1828.6957203161483,875,1867.9547699646412,432,1746.8955155987135,301,1632.7111720653609,87,1611.466873541347,52
2026-09-29,SY67,Sho Shimabukuro,1828.0266401978872,250,1737.166474525364,200,1606.6572802186583,14,1720.9143606430875,32,1500.0,0
2026-09-29,G0GD,Matteo Gigante,1826.1032063235489,198,1731.1977266763797,79,1854.2170478062876,107,1415.3684440085008,7,1500.0,0
2026-09-29,GH92,Borna Gojo,1823.7840770031833,314,1801.6978441690649,223,1796.9004366103873,69,1371.3978264350194,17,1500.0,0
2026-09-29,BA98,Simone Bolelli,1823.3456624972523,755,1739.001698567735,291,1837.5779275063717,378,1712.6003605225314,51,1619.6763076651246,24
2026-09-29,R613,Edouard Roger-Vasselin,1822.6319644402836,692,1770.279591791982,390,1728.6659447246386,224,1678.5398095542546,66,1430.4059061753394,6
2026-09-29,SA93,Andreas Seppi,1822.5419358061808,1075,1779.7217174346688,549,1710.1649743344112,358,1686.108173962147,130,1447.347601032054,31
2026-09-29,BG23,Nikoloz Basilashvili,1819.8033118588542,680,1751.7558841826008,384,1774.212597806849,231,1660.9343930922175,60,1558.113111283269,5
2026-09-29,A389,Jose Acasuso,1819.407991068133,528,1712.8198386750253,120,1817.910387344488,386,1156.8802207451924,8,1542.6852489224548,11
2026-09-29,T840,Viktor Troicki,1817.7152544194853,822,1755.8472259865764,484,1744.733510455702,240,1701.3345009361508,79,1779.2641129101103,19
2026-09-29,RH24,Emil Ruusuvuori,1817.6883251034153,313,1793.6034220435656,224,1698.101746007075,59,1693.6971701887037,29,1435.7158319031573,1
2026-09-29,SD32,Gilles Simon,1817.520470405102,1031,1814.1876127247406,611,1698.663488312073,309,1625.9640114904055,100,1541.3447221533745,11
2026-09-29,PH64,Andrea Pellegrino,1816.3523339468165,377,1393.748306340907,48,1808.3619154413468,321,1315.5860426450283,8,1500.0,0
2026-09-29,W09G,J.J. Wolf,1816.0063734847135,294,1784.7797303964849,241,1642.7543167701979,42,1612.7980481382062,8,1500.0,0
2026-09-29,B0WL,Felix Balshaw,1814.3955385215054,30,1755.505932087989,14,1678.8200493464499,16,1500.0,0,1500.0,0
2026-09-29,H0DU,Gustavo Heide,1813.7437692825752,192,1652.0241587605854,29,1822.1677702444752,159,1422.314590313887,3,1500.0,0
2026-09-29,DA31,Hugo Dellien,1813.1278758539331,580,1554.409315161078,46,1820.5920812358358,520,1365.7156486128308,10,1500.0,0
2026-09-29,M0G4,Harold Mayot,1813.1061551878279,304,1810.4569826995603,199,1669.0656762504727,85,1543.3400497398202,19,1430.9469055397637,1
2026-09-29,S0N0,Tristan Schoolkate,1812.418970252759,248,1762.220883605571,200,1602.5594489010707,19,1630.257590407045,29,1500.0,0
2026-09-29,K09F,Pavel Kotov,1811.4527817303676,339,1822.1604225570306,202,1681.7446672706392,128,1481.9485527402646,9,1500.0,0
2026-09-29,SX91,Thiago Seyboth Wild,1810.727660457314,364,1673.0788295078805,79,1802.5817602657205,273,1546.1968006222971,12,1500.0,0
2026-09-29,O449,Oscar Otte,1809.523537284696,372,1708.0483879159663,175,1739.9911941885318,156,1727.8075880727492,37,1487.2730135536701,2
2026-09-29,R0GO,Henrique Rocha,1808.8579578923686,186,1723.7392460237488,52,1813.2790623007515,125,1413.449583781393,9,1500.0,0
2026-09-29,R286,Marcelo Rios,1808.5340112834251,191,1859.6356650849364,112,1771.1084374538364,71,1500.0,0,1390.4275807076865,8
2026-09-29,MK66,Mackenzie McDonald,1808.4955587029797,557,1811.4050213060516,411,1567.1866070071428,69,1599.497377403579,76,1500.0,0
2026-09-29,S0KT,Stefanos Sakellaridis,1807.0064348717565,109,1774.5229021890814,59,1735.2797781547056,43,1545.218634507134,7,1500.0,0
2026-09-29,M0HU,Shintaro Mochizuki,1806.6044999863516,292,1685.7258152844643,198,1635.3692715000018,52,1827.9495379588784,39,1500.0,0
2026-09-29,Z371,Zhizhen Zhang,1806.407215514087,327,1770.4881173226513,194,1786.4305311714343,99,1683.40758740036,32,1500.0,0
2026-09-29,K267,Yevgeny Kafelnikov,1806.096388454133,322,1799.1079500935534,182,1815.0550192842013,78,1677.637172680202,23,1731.808699359503,39
2026-09-29,B0EJ,Tristan Boyer,1805.2036288838244,181,1741.1168745145146,83,1714.5294634819356,83,1528.4247601795564,11,1500.0,0
2026-09-29,D646,Ivan Dodig,1804.7844124519447,503,1699.6493653341138,292,1832.4919681386968,153,1676.623719226537,44,1603.3336070428418,9
2026-09-29,KI63,Lukas Klein,1803.9039700973801,296,1699.6613868915267,130,1819.8467199813992,140,1624.1885369176894,19,1612.3112671961196,6
2026-09-29,MP01,Michael Mmoh,1803.783736330246,456,1802.1932980670097,365,1638.0763274566,62,1470.3448346643586,23,1500.0,0
2026-09-29,K214,Richard Krajicek,1802.8856051068028,76,1677.0470119347117,38,1648.1822271735884,14,1718.6655610181674,19,1597.0608037510422,5
2026-09-29,C882,Pablo Cuevas,1802.0106274404404,780,1710.4522281678312,190,1804.244038965686,560,1505.1408353707013,24,1508.9397533154322,2
2026-09-29,E687,Daniel Evans,1801.901859395136,635,1802.5986133967212,427,1585.8439324186372,79,1680.0165735175003,121,1471.7866582450386,5
2026-09-29,K0EP,Jerome Kym,1801.7686838772374,145,1726.6463080592425,51,1747.7842877581563,87,1602.2163545800718,6,1500.0,0
2026-09-29,A0EA,Max Alcala Gurri,1801.5791003242593,60,1399.9681053121665,3,1792.1252892130285,57,1500.0,0,1500.0,0
2026-09-29,D0DP,Liam Draxl,1801.4885227946595,190,1755.1121314455595,144,1625.171240109659,44,1358.84332831938,2,1500.0,0
2026-09-29,S0DE,Dhakshineswar Suresh,1800.7124162035645,36,1753.1957342444812,36,1500.0,0,1500.0,0,1500.0,0
2026-09-29,L799,Jesse Levine,1800.0535028421587,332,1775.0383954095096,234,1643.7288758523052,46,1616.4928217260006,46,1566.8114363622558,3
2026-09-29,D0L3,Matej Dodig,1799.1083611786269,131,1581.3921476038727,34,1774.6846558453306,95,1483.463788352547,2,1500.0,0
2026-09-29,CF59,Roberto Carballes Baena,1797.6670997925671,820,1778.7187547610226,160,1781.6213269753378,629,1503.0042976924135,26,1500.0,0
2026-09-29,B0NO,Darwin Blanch,1797.6499445421973,88,1719.7750818352517,55,1679.534901992608,24,1584.3734957851789,9,1500.0,0
2026-09-29,J386,Steve Johnson,1797.2882378198815,620,1767.2799633591994,441,1762.2501766745218,92,1654.7324344649726,86,1500.0,0
2026-09-29,N254,Jiri Novak,1795.6463462129816,416,1860.8494932621738,186,1695.1941433178763,159,1581.5299154398833,27,1665.1018139925604,44
2026-09-29,E831,Kyle Edmund,1794.0546953597577,409,1774.1614875047655,264,1769.851923118188,97,1623.7476457684306,43,1500.0,0
2026-09-29,G0FW,Vilius Gaubas,1791.4025389704336,183,1694.3272209991649,37,1685.4942105480757,139,1653.262664219095,6,1500.0,0
2026-09-29,BF23,Facundo Bagnis,1790.980334027462,862,1667.783246077669,91,1796.8861085064416,758,1198.355527137534,10,1500.0,0
2026-09-29,B0U4,Nicolai Budkov Kjaer,1789.9538714015891,136,1755.165690834208,74,1700.972572300578,51,1499.9136774226688,11,1500.0,0
2026-09-29,J129,Thomas Johansson,1789.8153605678135,437,1759.089023493433,254,1657.955832639799,72,1697.7108546739253,61,1762.3242281886983,50
2026-09-29,GK06,Alexis Galarneau,1789.6820173693584,308,1717.59412144692,243,1592.3539064657764,46,1648.7010095133,16,1500.0,0
2026-09-29,M0AW,Nicolas Mejia,1789.097183378665,288,1615.7538936340482,168,1759.867586280818,113,1655.8801886016288,7,1500.0,0
2026-09-29,M0JZ,Filip Misolic,1788.4537264462758,225,1607.5680108656454,63,1896.6398254805367,152,1578.1006151081717,8,1500.0,0
2026-09-29,L397,Feliciano Lopez,1788.1876162449973,1136,1774.6703134454115,626,1707.6470126154663,334,1708.0309359930588,151,1614.9072831614026,24
2026-09-29,BF55,Yuki Bhambri,1787.3463980859758,323,1778.9968386477371,279,1481.6255707614887,12,1493.0254474125559,21,1692.3826125029195,9
2026-09-29,DA81,Taro Daniel,1787.2352585503938,803,1679.0870206662344,435,1754.665112241409,340,1477.1612661255983,25,1500.0,0
2026-09-29,BS86,Tomas Barrios Vera,1786.8573077639383,443,1728.040851775075,80,1714.5826837300797,336,1639.3829218232845,27,1500.0,0
2026-09-29,S0LA,Dominic Stricker,1784.7745773349257,229,1709.7117910992986,126,1733.9334020293809,67,1643.7139197542328,29,1527.9548693526483,2
2026-09-29,L290,Nicolas Lapentti,1784.7457914602621,550,1707.6341818978333,197,1796.005438210982,302,1559.3345063397514,22,1466.126359072687,24
2026-09-29,C0NB,Federico Cina,1784.6766822382745,115,1715.6187393064886,57,1732.5614901602924,56,1490.5300869224925,2,1500.0,0
2026-09-29,MN13,Maximilian Marterer,1779.4502453973307,500,1702.2486320217338,226,1757.72585304068,234,1572.4990497804727,32,1617.703248467874,7
2026-09-29,B678,Michael Berrer,1779.3381167551306,763,1807.5454698655763,488,1618.2384319239582,161,1555.4316460383498,52,1686.5288554511233,62
2026-09-29,S0IA,Dane Sweeny,1779.0153527872806,175,1688.4612496623379,156,1348.8699370642817,7,1637.310141803468,11,1500.0,0
2026-09-29,H0JL,Jay Friend,1778.0403337513562,37,1735.6234295028405,36,1484.2360297049515,1,1500.0,0,1500.0,0
2026-09-29,B0JE,Max Basing,1777.1311472932268,33,1703.9308421548105,25,1500.0,0,1700.8952463738283,8,1500.0,0
2026-09-29,S572,Sjeng Schalken,1777.0637751585746,333,1737.4939347554757,184,1680.9126768107774,70,1852.3210142136932,49,1643.080956160927,30
2026-09-29,MB02,Florian Mayer,1777.044421417212,754,1759.2464568642672,313,1722.7632740973004,349,1774.809586597179,67,1592.747634857521,23
2026-09-29,CF01,Marco Cecchinato,1776.740506324071,803,1544.651206784872,107,1745.2000704661664,684,1349.983044699656,12,1500.0,0
2026-09-29,E121,Younes El Aynaoui,1776.6905852768875,382,1732.310335945863,142,1791.3550611626044,199,1607.885734335159,19,1507.3333871413342,22
2026-09-29,G0IB,Tom Gentzsch,1776.3636436530176,85,1649.123379538827,27,1772.8485050761394,53,1478.7568887495656,5,1500.0,0
2026-09-29,G436,Marc Gicquel,1773.7489641777368,517,1774.0516611691742,255,1669.536359587812,200,1636.8259509521224,38,1690.3431505181784,20
2026-09-29,N0CS,Lukas Neumayer,1773.3582206647925,222,1602.8205453040985,31,1744.8135013325266,185,1326.5241954208218,3,1500.0,0
2026-09-29,I305,Ilya Ivashka,1771.9575703699875,448,1756.7014623158443,316,1771.587578891724,84,1627.9373823681487,43,1500.0,0
2026-09-29,S0ZE,Colton Smith,1771.7282641225897,108,1712.051507497041,75,1577.3675605644735,16,1602.8768238974637,17,1500.0,0
2026-09-29,MD56,Leonardo Mayer,1771.4088344597237,740,1795.0033687773905,253,1765.1856940963269,435,1532.56591391101,44,1500.0,0
2026-09-29,D0HX,Dylan Dietrich,1771.3597366296983,22,1609.8756418216694,9,1694.4332881563314,13,1500.0,0,1500.0,0
2026-09-29,W0AH,Harry Wendelken,1771.1293681204163,68,1769.5131040036829,52,1394.3607914997767,3,1445.4504903779025,13,1500.0,0
2026-09-29,M850,Paul-Henri Mathieu,1770.5095213694099,826,1681.8767060739822,401,1813.4477820131008,325,1641.8529439681145,67,1613.0434140213367,33
2026-09-29,K540,Lukasz Kubot,1769.613923306863,603,1666.3069993256097,299,1754.075764258526,244,1683.3960360201727,39,1531.973683081166,19
2026-09-29,R772,Albert Ramos-Vinolas,1769.091857357167,1012,1710.4545014167663,255,1731.2918884485607,726,1392.074273342093,25,1500.0,0
2026-09-29,R237,Greg Rusedski,1768.9233575464698,307,1743.746015022578,173,1520.4750493513054,34,1746.606908743544,66,1685.3709510438482,34
2026-09-29,S675,Paradorn Srichaphan,1768.744254592944,465,1756.1948561761124,325,1387.0197601162033,58,1590.3338002442779,44,1703.6822013613637,38
2026-09-29,P0CT,Francesco Passaro,1768.571614820846,280,1784.4857734192365,84,1690.1503158263165,193,1372.1248155171634,3,1500.0,0
2026-09-29,H528,Victor Hanescu,1768.3210190132227,764,1752.1301499359033,240,1778.9507025475139,452,1469.934715425289,35,1444.751373879194,37
2026-09-29,W521,Marcus Willis,1767.8107474023475,36,1546.5174172451902,10,1500.0,0,1618.7230177912306,25,1424.9981147720443,1
2026-09-29,H996,Pierre-Hugues Herbert,1766.8853779691503,696,1748.6730914971608,457,1659.6410425175422,158,1580.8972954131564,74,1555.1429071313974,5
2026-09-29,B446,Jonas Bjorkman,1766.816539545343,395,1703.9957964737907,225,1596.055706583643,52,1800.0350623453112,79,1640.7337650396478,39
2026-09-29,MB84,Mathieu Montcourt,1766.2927831976097,222,1631.8715423295391,72,1760.4353536303329,144,1500.0,0,1550.7600925048457,6
2026-09-29,H09P,Brandon Holt,1765.4234469784074,202,1728.4778999258579,179,1411.045594116612,7,1564.1753348485909,16,1500.0,0
2026-09-29,RA17,Guillaume Rufin,1765.2659367971057,243,1732.3532532730064,59,1746.8976597730318,163,1675.3992116033103,15,1500.0,0
2026-09-29,P338,Mark Philippoussis,1764.6572967964291,253,1623.8171942816957,157,1722.6120367485446,34,1806.8101679517636,49,1624.5713099695563,13
2026-09-29,M824,Albert Montanes,1764.6361689372425,927,1662.1639307273729,150,1770.885572904736,755,1446.1330763741958,20,1405.7401381940115,2
2026-09-29,D874,Federico Delbonis,1764.575235225731,751,1622.684149997108,164,1774.270051654198,569,1227.9011186888868,13,1564.0771831790641,3
2026-09-29,R548,Rajeev Ram,1764.2408797708047,690,1732.5602593217945,550,1636.7750887867167,32,1602.6615986207219,82,1790.2559966476522,25
2026-09-29,G379,Sebastien Grosjean,1764.023086210471,501,1682.894530259046,280,1785.9054632719258,116,1758.149065927044,66,1748.4638559911907,39
2026-09-29,TE16,Carlos Taberner,1763.5044172649677,427,1503.2092075122268,70,1767.23771602803,352,1322.163688445889,5,1500.0,0
2026-09-29,MJ08,Thiago Monteiro,1762.9199292109606,730,1714.152071467751,156,1739.6939546601197,554,1462.1486806701248,19,1500.0,0
2026-09-29,SF62,Tim Smyczek,1762.744356642038,626,1723.0182858928808,504,1513.0495751490387,62,1604.7319805804996,56,1440.9031244009152,1
2026-09-29,MO44,Pedro Martinez,1762.5363795484932,523,1731.2648807048538,164,1733.165387691234,339,1457.788747232028,20,1500.0,0
2026-09-29,K237,Karol Kucera,1761.515934601717,230,1732.1781874463168,126,1533.5156365254718,53,1624.4148164107428,27,1590.6790113594998,24
2026-09-29,AG08,Andres Andrade,1761.365063822433,135,1719.1742061716345,75,1648.9614993073744,59,1438.1231791210419,1,1500.0,0
2026-09-29,P0HT,Jack Pinnington Jones,1761.094907716966,103,1749.3597816113343,65,1529.2799732438225,11,1583.8735491714938,27,1500.0,0
2026-09-29,L0CF,George Loffhagen,1759.8272580720934,56,1773.6197249108027,31,1491.4870942847867,8,1428.6165404103704,17,1500.0,0
2026-09-29,L0ER,Timo Legout,1759.8038835212271,19,1729.0124270315207,17,1358.0883119100474,2,1500.0,0,1500.0,0
2026-09-29,RD48,Igor Marcondes,1759.2680197281522,49,1659.3698119486978,12,1711.2588238716105,36,1440.9031244009152,1,1500.0,0
2026-09-29,G725,Santiago Giraldo,1757.57461207944,800,1705.8969904831788,306,1769.9671285495251,444,1482.996989454973,43,1431.4232672233875,2
2026-09-29,B896,Benjamin Becker,1757.528264910532,674,1733.9011118479084,500,1648.4115499901786,62,1617.3194251727177,93,1848.2251559806805,17
2026-09-29,HC21,Seongchan Hong,1756.7164738303723,150,1719.1468084862565,124,1533.2430941471982,15,1331.8690258578167,6,1500.0,0
2026-09-29,N0BG,Luca Nardi,1756.5768380554916,304,1772.4762024433749,203,1670.4699431718682,88,1367.9959406776052,13,1500.0,0
2026-09-29,SF76,Franko Skugor,1756.0745640773239,286,1708.7442096083025,128,1628.6784010351944,138,1603.7806257292425,16,1473.3961663754442,1
2026-09-29,SK94,Cedrik-Marcel Stebe,1755.7014379943894,430,1711.6459595092917,194,1716.4607706253219,203,1458.624462269543,22,1579.0053960350695,8
2026-09-29,P0J1,Rodrigo Pacheco Mendez,1755.5350337001373,148,1732.6455752858858,79,1585.7681148977704,69,1500.0,0,1500.0,0
2026-09-29,S636,Rainer Schuettler,1754.4237655279953,756,1699.672087491829,471,1575.578623467532,160,1740.263453952772,76,1670.5357225185,49
2026-09-29,A202,Wayne Arthurs,1753.974819663948,292,1668.1299332168167,161,1554.5935557429514,54,1675.4384581605327,70,1481.9836315891985,7
2026-09-29,E113,Thomas Enqvist,1753.9391163645375,294,1765.0687115528729,185,1560.546574385878,64,1583.1983528693936,22,1578.824221863697,23
2026-09-29,C0BH,Clement Chidekh,1753.9210780536878,145,1768.2915404337648,128,1452.9776110087776,8,1523.1137579410288,9,1500.0,0
2026-09-29,F0F4,Kilian Feldbausch,1752.8783509143263,81,1408.7126735644922,8,1750.8070403167037,73,1500.0,0,1500.0,0
2026-09-29,H442,Jan Hernych,1752.482370497469,654,1715.607700572974,350,1603.678047864231,175,1696.694576456409,77,1621.3156385032194,49
2026-09-29,R0FP,Daniel Rincon,1751.7717769071735,180,1702.0234402544665,58,1692.6383000682079,116,1306.8674361409476,4,1500.0,0
2026-09-29,V824,Mario Vilella Martinez,1751.1794003584423,169,1741.0926847539783,46,1717.5601888563758,119,1475.2757187254247,4,1500.0,0
2026-09-29,MW18,Nicolas Moreno De Alboran,1751.1494681727243,211,1744.6025421439035,89,1706.1727989470617,110,1495.3597963077423,10,1500.0,0
2026-09-29,LB66,Constant Lestienne,1750.8011334486018,461,1725.865000455227,309,1475.3736640917516,118,1433.8447608371368,29,1500.0,0
2026-09-29,C433,Guillermo Canas,1750.7060793588685,458,1728.7898421420684,177,1782.636025307083,232,1658.6496373197208,35,1655.645503604871,14
2026-09-29,C0HT,Murphy Cassone,1750.4519673866853,125,1720.863972159995,107,1473.5608291054514,8,1436.0019098790494,10,1500.0,0
2026-09-29,K448,Robert Kendrick,1750.2143918885781,533,1763.1834981295895,430,1545.3303488766796,61,1597.0892056865553,38,1431.4559559375891,1
2026-09-29,F196,Wayne Ferreira,1750.0180129137657,224,1675.2911359154373,142,1747.231722992814,38,1679.8241199042573,31,1399.645361423973,13
2026-09-29,C487,Arnaud Clement,1749.8293280301205,664,1731.9456281441273,381,1610.2429019690542,129,1634.710532397156,90,1604.595616745503,62
2026-09-29,M442,Todd Martin,1749.0191965244333,152,1705.5903775583404,96,1631.4535309367573,33,1707.4379587178623,23,1500.0,0
2026-09-29,A511,Igor Andreev,1748.956863641208,568,1734.7884204846152,229,1738.8442655278177,286,1553.0904097243288,33,1613.6570873395708,20
2026-09-29,T0AP,Chun-Hsin Tseng,1748.905150794707,357,1658.4702327185598,140,1747.5576807259845,208,1235.2724096056431,8,1500.0,0
2026-09-29,L311,Hyung-Taik Lee,1748.685155958637,450,1770.9144308819418,310,1687.1541029504845,69,1607.2100450679336,42,1666.1426387853073,29
2026-09-29,P0IY,Juan Carlos Prado Angelo,1748.6739536798702,143,1512.3984092816138,20,1745.0094311843334,120,1459.2765447208424,1,1500.0,0
2026-09-29,S843,Potito Starace,1748.6352937665597,716,1649.4161066443164,119,1722.4237066840758,568,1276.2804806107315,12,1457.107459314417,17
2026-09-29,A596,Pablo Andujar,1748.4558785033817,810,1683.165844195996,189,1761.613622812078,585,1419.9265559336488,23,1500.0,0
2026-09-29,M0BN,Marvin Moeller,1747.9039041262654,73,1461.9965487175293,10,1725.6202737365033,63,1500.0,0,1500.0,0
2026-09-29,I0B0,Andre Ilagan,1746.2722069456295,95,1716.1543054078052,93,1500.0,0,1477.6431126193286,2,1500.0,0
2026-09-29,B0MM,Edas Butvilas,1745.8402794274284,138,1738.8442363926906,91,1597.2447493267184,42,1309.2605180916175,4,1500.0,0
2026-09-29,P280,Andrei Pavel,1744.3012042474998,451,1692.0726124938633,208,1779.8597137169338,155,1489.590776657198,40,1655.4453480027842,48
2026-09-29,R368,Michael Russell,1744.010263592334,712,1765.3200305835094,497,1559.9205793942056,165,1548.6940403627666,42,1436.9031881762194,4
2026-09-29,SL08,Tennys Sandgren,1743.5414936435834,481,1697.0617987910548,346,1675.5969299614183,111,1662.4210323574166,21,1500.0,0
2026-09-29,D0LJ,Diego Dedura-Palomero,1743.410470474889,82,1392.6738823221112,9,1740.6816936147743,71,1425.974010727878,2,1500.0,0
2026-09-29,D0HD,Gabriel Debru,1743.0678266844666,81,1615.5932337989138,33,1676.4282283312002,48,1500.0,0,1500.0,0
2026-09-29,G0BY,Daniil Glinka,1742.930399046213,108,1740.2687595510029,85,1578.2916411930214,19,1350.7254177593902,4,1500.0,0
2026-09-29,HH06,Marc-Andrea Huesler,1742.6339548677245,385,1694.091703603628,203,1703.7946734355714,142,1500.7744538373108,37,1556.3192433900422,3
2026-09-29,SS25,Vitaliy Sachko,1742.3401299420832,284,1615.2110719027828,91,1702.3093659311844,180,1371.0640207361644,4,1519.7372112468609,4
2026-09-29,E690,Matthew Ebden,1741.825617624233,590,1694.1486020575687,429,1431.9557826177013,36,1666.736606791162,101,1773.0867679193343,20
2026-09-29,B842,Alex Bogomolov Jr.,1741.805688763124,628,1736.2682104553278,469,1593.9912207637367,117,1465.6322097527643,35,1500.0,0
2026-09-29,S0GR,Timofey Skatov,1740.042785995504,329,1665.367009227697,74,1706.8264176218377,246,1611.3834103053248,9,1500.0,0
2026-09-29,WB08,Yosuke Watanuki,1739.9046983009177,317,1716.898452323574,249,1631.8438669493562,37,1646.7695911656547,27,1500.0,0
2026-09-29,103819,Victor Hanescu,1739.5446477155836,8,1503.37984794005,2,1755.3454374212874,6,1500.0,0,1500.0,0
2026-09-29,D0H9,Guy Den Ouden,1739.429404367891,94,1531.7040205945268,23,1767.9504914395122,69,1348.874093887957,2,1500.0,0
2026-09-29,R782,Julian Reister,1739.0951002453842,369,1592.4741201715842,84,1734.4489228355342,244,1616.6339113243396,24,1394.864833887465,14
2026-09-29,K834,Blaz Kavcic,1738.5015110090044,684,1654.8703855816952,351,1704.4172161005251,290,1432.757960268517,26,1585.0816841710794,13
2026-09-29,R397,Olivier Rochus,1738.463324824934,777,1719.246724840509,399,1634.244205950085,233,1621.8782798064485,98,1695.8820122258592,47
2026-09-29,SH90,Joao Sousa,1738.154123124407,801,1720.8665163816158,384,1684.6928253810008,359,1539.7765024511016,55,1424.9884983011154,2
2026-09-29,M443,Fernando Meligeni,1737.7874435418464,170,1660.4715828907001,45,1692.1061672812698,112,1320.6257597045415,6,1390.6700697710917,4
2026-09-29,S0GZ,Nikolas Sanchez Izquierdo,1737.77775725527,215,1390.6150186761233,19,1723.0085701231578,195,1434.5700167079601,1,1500.0,0
2026-09-29,B0LW,Mika Brunold,1737.261371757579,82,1594.4416192784001,27,1706.7398275129349,51,1618.786937273035,4,1500.0,0
2026-09-29,K926,Mikhail Kukushkin,1737.0605189695807,1026,1711.1269601165832,645,1651.8858215295666,293,1614.3743324510049,72,1615.9170453512131,10
2026-09-29,RC04,Alexander Ritschard,1737.0024253369531,267,1597.2615657641425,123,1803.6995407947454,136,1522.9553066707574,8,1500.0,0
2026-09-29,M0HT,Alejandro Moro Canas,1736.8294162313919,218,1642.7264993121676,90,1694.3408160997699,116,1599.0520153184875,9,1500.0,0
2026-09-29,DA86,Joris De Loore,1736.536024689254,215,1731.023053947651,129,1604.8689102270832,79,1494.7769943195494,7,1500.0,0
2026-09-29,SC73,Rogerio Dutra Silva,1736.5190985806778,698,1738.1135376046432,133,1715.8884676582238,544,1351.2057570987488,15,1500.0,0
2026-09-29,HD68,Billy Harris,1736.205882191414,268,1653.7045463633012,173,1463.23937971338,43,1655.3547028736166,50,1435.3783891912317,1
2026-09-29,G476,Guillermo Garcia-Lopez,1735.5092796207584,902,1730.6011216681914,401,1709.812574565227,431,1535.718261529247,64,1460.7532787432008,6
2026-09-29,BI81,Alex Bolt,1734.1736388250818,449,1678.137078502399,313,1433.357879747779,47,1615.4926935049111,86,1500.0,0
2026-09-29,TA46,Bernard Tomic,1734.0721570305723,737,1685.915348770912,482,1626.1561028335075,138,1623.4475719286615,109,1573.4709964381898,3
2026-09-29,KB09,Denis Kudla,1733.9602889223445,785,1725.4441062672213,527,1612.8802031866935,114,1633.0055745494321,140,1502.8029438998167,2
2026-09-29,BA65,Dustin Brown,1732.4201243225205,668,1630.976135928478,318,1753.9411687528022,233,1656.3747764428765,78,1729.8822215738508,35
2026-09-29,BU70,Remy Bertola,1732.2211797348984,134,1637.6434887536186,63,1619.5812203210926,63,1590.113136997294,8,1500.0,0
2026-09-29,G0GW,Sascha Gueymard Wayenburg,1732.2136226960542,112,1732.8422259023937,63,1576.858442054415,48,1440.0685107850063,1,1500.0,0
2026-09-29,P0AY,Luka Pavlovic,1732.1933410115455,102,1658.1414538813303,24,1632.9641362613825,73,1594.6068995784092,5,1500.0,0
2026-09-29,C378,Albert Costa,1731.9731675382277,288,1659.4959515411126,105,1742.1356025332195,166,1366.246566945187,1,1467.4264277588513,16
2026-09-29,T09X,Clement Tabur,1731.3612499763428,164,1685.029413534467,47,1669.4164995433196,111,1582.0645211815884,6,1500.0,0
2026-09-29,M0OH,Lautaro Midon,1731.1902703106018,127,1611.940041974242,12,1732.545634708293,114,1417.526176953278,1,1500.0,0
2026-09-29,H804,Andreas Haider-Maurer,1730.9400805580758,499,1666.9643186352582,129,1745.6566565092567,336,1423.112781911727,18,1564.7597030629436,3
2026-09-29,V254,Filippo Volandri,1730.9103049842472,931,1387.090642499268,91,1716.4940985397247,810,1345.709220947861,13,1305.2338246385762,17
2026-09-29,104338,Michal Przysiezny,1730.7063344263865,5,1652.2905604383554,3,1651.682983432554,2,1500.0,0,1500.0,0
2026-09-29,V306,Fernando Verdasco,1730.2197035292495,1139,1744.6782130608178,563,1739.1392808209237,446,1610.2082088603356,102,1597.9610937058462,27
2026-09-29,BD80,Attila Balazs,1729.9240749365604,231,1579.6739745953444,33,1706.4768431476332,186,1517.7676629983794,7,1452.5020701218593,4
2026-09-29,V942,Tim van Rijthoven,1729.9187306708964,124,1636.7421508455247,89,1482.1480354066105,18,1693.0944384832746,12,1500.0,0
2026-09-29,CG33,Kimmer Coppejans,1728.654836714948,578,1627.7021132632829,195,1684.5096240171263,368,1510.2113333085815,14,1462.9869417790367,1
2026-09-29,M0K4,Elmer Moller,1728.6193424899523,159,1553.9447558914273,36,1748.6533385443809,122,1467.990287674728,1,1500.0,0
2026-09-29,F811,Bjorn Fratangelo,1727.978895170444,436,1673.7500856077465,262,1747.521927338555,131,1535.4687683622667,36,1500.0,0
2026-09-29,V836,Juan Pablo Varillas,1727.6702865724196,424,1491.007380104484,45,1729.6083930634074,374,1306.223617189812,3,1500.0,0
2026-09-29,LB84,Juan Ignacio Londero,1727.6211068705782,399,1582.109757597717,58,1709.1849615450105,332,1371.2566356301998,8,1500.0,0
2026-09-29,O234,Wayne Odesnik,1726.7805381579822,496,1715.991420088365,277,1661.6096708167292,204,1603.3115608991618,15,1500.0,0
2026-09-29,H390,Luis Horna,1726.5168233417355,502,1645.192745923525,118,1739.0712096544412,367,1238.993398913255,6,1395.4759191596343,5
2026-09-29,R483,Bobby Reynolds,1726.458472403366,551,1691.7759478665273,452,1601.470611131472,48,1669.1547778618801,48,1449.356026412473,1
2026-09-29,P436,Bjorn Phau,1726.4568184247912,731,1764.6081215097743,426,1630.2896012063043,229,1357.2999345170695,18,1460.7439821037824,53
2026-09-29,H0DC,Giles Hussey,1726.4042956159176,65,1619.4261472908195,52,1509.867008294309,3,1522.8754789437858,10,1500.0,0
2026-09-29,G940,Sam Groth,1725.8218617635807,399,1637.8407373753666,282,1533.696633784735,24,1721.6083030212585,77,1794.5589909128494,16
2026-09-29,B0GY,Alex Barrena,1724.3802194168202,129,1456.1512619540424,7,1705.1111721648092,121,1426.2659915342942,1,1500.0,0
2026-09-29,Z168,Mischa Zverev,1724.3236454527141,763,1750.7716181359413,451,1625.269516466995,201,1694.083421167042,84,1583.3113122411119,23
2026-09-29,M0EA,Pol Martin Tiffon,1724.0638616899116,129,1695.9809357925517,31,1650.7027875078672,95,1440.6848574951046,3,1500.0,0
2026-09-29,BK24,Gregoire Barrere,1723.8998366673538,466,1680.6272981645905,313,1700.7470247087747,116,1637.3141674653862,33,1500.0,0
2026-09-29,CH27,Hyeon Chung,1723.7221791691081,327,1696.7546530285567,265,1827.0517759782988,51,1443.2651251609789,9,1436.9816242234438,1
2026-09-29,104571,Romain Jouan,1723.1579357880526,8,1609.247793541572,4,1684.4652441744179,4,1500.0,0,1500.0,0
2026-09-29,G0JJ,Sebastian Gorzny,1722.7740405732334,17,1684.050235570367,17,1500.0,0,1500.0,0,1500.0,0
2026-09-29,KB54,Andrey Kuznetsov,1722.5671384616103,491,1665.0255389893082,181,1768.539573851023,254,1579.5694049254366,49,1609.429766343179,4
2026-09-29,E138,Gaston Etlis,1722.3202061563522,93,1705.0720311751954,20,1593.4148001717606,71,1500.0,0,1500.0,0
2026-09-29,BI23,Liam Broady,1722.1021349463063,504,1697.8092708388679,358,1599.5148771391232,63,1562.5742216424972,77,1500.0,0
2026-09-29,G333,Paul Goldstein,1721.8160969359478,362,1703.4409328675752,280,1686.2903418379597,54,1542.0626284289658,18,1586.6937865124075,10
2026-09-29,M590,Alberto Martin,1721.5629950106397,612,1585.9513226313416,156,1719.9148254808188,431,1417.2947036720905,19,1351.0246261990894,6
2026-09-29,S568,Franco Squillari,1719.9152119191335,267,1683.1098466507242,58,1696.8130307225128,194,1235.9633109289648,4,1323.3612829150084,6
2026-09-29,M535,Felix Mantilla,1719.1730893590347,273,1600.5762912992166,75,1729.1379411283324,183,1339.731226141894,7,1349.4890995071974,8
2026-09-29,S0TX,Henry Searle,1719.0163739223926,67,1463.532349743408,32,1497.7421227171567,3,1763.803369586719,32,1500.0,0
2026-09-29,W269,Febi Widhiyanto,1718.38428559152,15,1716.9945574300953,15,1500.0,0,1500.0,0,1500.0,0
2026-09-29,Y218,Elias Ymer,1717.3791413399763,674,1667.405667934782,321,1652.7464649046035,320,1599.7846609398896,31,1401.7936338792397,2
2026-09-29,BE90,Ricardas Berankis,1717.3627100385984,811,1665.1793913433467,648,1726.5040580345294,108,1592.4970947754528,45,1432.5296703809545,6
2026-09-29,M0NL,Inaki Montes-De La Torre,1716.8797271135745,77,1680.9592283471916,48,1611.4795203855801,29,1500.0,0,1500.0,0
2026-09-29,C0B2,Cezar Cretu,1716.6698886077588,73,1639.306409332798,7,1692.3167491337354,66,1500.0,0,1500.0,0
2026-09-29,B0GR,Gonzalo Bueno,1716.6112130790477,201,1465.1639401294465,12,1713.5853096366634,187,1409.5044794599391,1,1500.0,0
2026-09-29,GF95,Hugo Grenier,1715.5735250961325,391,1671.9967592544672,285,1554.8996905168133,83,1466.6414950729406,20,1500.0,0
2026-09-29,SG87,Ryan Sweeting,1714.9595766150953,362,1651.7396064934867,281,1769.5913698291033,44,1571.5146149215886,26,1772.7505465781355,5
2026-09-29,C0BC,Maxime Cressy,1714.7672605552357,289,1713.8480983073878,213,1484.8497537199178,35,1601.567522145156,39,1467.6671668835127,1
2026-09-29,W300,Alexander Waske,1713.7669916322466,322,1655.785848054748,110,1632.5993605245055,104,1396.5009621159886,16,1736.5378369774112,91
2026-09-29,M708,Ricardo Mello,1713.3241886393137,593,1693.5192581317147,335,1715.2919857141223,230,1470.5758582457158,19,1383.7940329937903,4
2026-09-29,H571,Jan Hajek,1712.6557810337474,484,1533.1109707682424,107,1759.7253945220023,358,1364.2913648479202,4,1517.2156005278478,12
2026-09-29,K966,Martin Klizan,1712.0266463059281,652,1684.9243156737848,258,1700.1299702911117,364,1381.6289514883524,19,1500.0,0
2026-09-29,K310,Stefan Koubek,1711.5269664096388,555,1765.5030237049143,311,1609.1916375297737,175,1389.099259642466,26,1517.5935194973024,40
2026-09-29,103248,Harel Levy,1711.5031300477538,5,1660.681839925576,3,1500.0,0,1599.4373023355083,2,1500.0,0
2026-09-29,BC72,Daniel Brands,1710.5961529709375,644,1659.1508939874905,303,1631.9216989520037,238,1640.4351895328198,55,1806.496385245427,48
2026-09-29,GE33,Daniel Elahi Galan,1709.4256251310637,554,1678.2080243869334,159,1647.9485650055176,370,1595.3498473599925,24,1500.0,0
2026-09-29,E865,Christopher Eubanks,1709.1997971742155,411,1688.1464884364711,332,1473.0831961777403,30,1640.7367879966785,49,1500.0,0
2026-09-29,G569,Robby Ginepri,1709.1325148510155,555,1681.4547448994638,412,1646.8601490835713,74,1478.9503113625967,53,1678.2562289789537,16
2026-09-29,GB93,Norbert Gombos,1708.5264181886444,682,1674.104764656829,342,1679.1733567004733,312,1499.4593076759163,26,1500.0,0
2026-09-29,GJ16,Federico Agustin Gomez,1708.1633737152604,178,1605.6717872959398,54,1696.0039514226385,121,1423.2491173976025,3,1500.0,0
2026-09-29,H940,Ryan Harrison,1707.8133853979311,568,1685.1583813970544,401,1655.4384801953654,97,1469.4873418299078,64,1535.902346501838,2
2026-09-29,BI47,Riccardo Bonadio,1706.9733599602687,232,1556.8325728216614,32,1687.5013706925806,194,1382.7539873739001,3,1500.0,0
2026-09-29,H0K0,Cruz Hewitt,1706.9069529055412,24,1675.9881742441812,24,1500.0,0,1500.0,0,1500.0,0
2026-09-29,C524,Guillermo Coria,1706.45124596861,392,1803.5421248524867,124,1754.6669925826063,236,1731.3835383618948,18,1560.2882628282584,14
2026-09-29,S0VM,Trevor Svajda,1706.347031760046,43,1663.0968742797863,43,1500.0,0,1500.0,0,1500.0,0
2026-09-29,SC77,Sergiy Stakhovsky,1706.2835318675047,996,1673.6061761279757,642,1647.8040167977363,201,1631.0449638910902,116,1596.8348447087114,35
2026-09-29,BA23,Brian Baker,1705.981345761667,191,1623.1599864399375,129,1740.3244230671248,40,1684.2139477952344,18,1500.0,0
2026-09-29,SC56,Dudi Sela,1705.9313089371378,806,1689.0240812640127,640,1473.3104642563494,70,1670.639293653724,82,1701.271047580446,13
2026-09-29,CG94,Enzo Couacaud,1705.6549567892284,333,1678.5237288805326,179,1683.8373137970818,131,1586.079292783107,20,1500.0,0
2026-09-29,BV21,Charles Broom,1705.3372451878517,110,1682.5864775213624,86,1431.5728144339994,1,1429.0840837993053,23,1500.0,0
2026-09-29,TA12,Stefano Travaglia,1705.1085784129648,567,1709.9063018870802,214,1649.5450655607635,333,1437.7113489595533,19,1500.0,0
2026-09-29,PD07,Vasek Pospisil,1705.075894409263,687,1669.696110995372,564,1465.0693055262868,43,1502.7545399200194,73,1501.5076536509857,7
2026-09-29,U032,Bohdan Ulihrach,1704.9084660418077,320,1664.6765734572505,109,1687.8402984086674,167,1538.4318656690448,13,1546.3986988734166,31
2026-09-29,BC65,Matthias Bachinger,1704.7078820516874,761,1707.170452451781,439,1610.1287477934202,217,1554.5845978893174,57,1631.5994537397469,42
2026-09-29,C478,Agustin Calleri,1704.1082466200137,487,1688.4066012108804,158,1730.6948877612422,297,1427.6434507101037,14,1457.4550191794178,13
2026-09-29,D339,Marcos Daniel,1703.624441568815,447,1470.5095269839421,121,1782.3702956719255,309,1300.3762350972454,8,1500.0,0
2026-09-29,MJ71,Mats Moraing,1703.3508973139303,251,1692.5467294653852,141,1666.5057023170498,84,1389.0772164454174,20,1440.9031244009152,1
2026-09-29,G511,Simon Greul,1701.6519617373579,598,1574.8082586817577,145,1684.5139410402287,411,1500.3632981284923,16,1544.2452837386281,23
2026-09-29,MI43,Gerald Melzer,1701.4651608778809,450,1592.9146488695785,70,1692.589065753763,367,1485.7943274429056,10,1500.0,0
2026-09-29,V250,Andreas Vinciguerra,1701.072773617062,279,1606.274506045811,118,1733.7534365627307,132,1398.0315985566647,7,1576.1265086483158,22
2026-09-29,B0ER,Arthur Bouquier,1700.8024719858631,41,1684.2294939667252,37,1419.1852775049495,2,1465.6031926290507,2,1500.0,0
2026-09-29,N897,Sumit Nagal,1700.5967384098867,396,1622.0025111371426,142,1709.9519715172146,251,1324.533185590351,3,1500.0,0
2026-09-29,S0NV,Abdullah Shelbayh,1700.5337994895344,194,1697.1373452884416,139,1418.3395297672985,44,1536.7557891427196,11,1500.0,0
2026-09-29,S483,Pedro Sousa,1700.3787793185518,407,1420.2945003842494,42,1695.0778591385867,356,1413.1638006161888,7,1565.6631951100942,1
2026-09-29,P487,Eric Prodon,1699.8076126020867,324,1380.8385481697785,18,1713.3076375673293,295,1442.0192437084072,1,1554.4756558839817,3
2026-09-29,S0WT,Joel Schwaerzler,1699.229487589752,129,1669.9828334495523,33,1616.9067314692902,95,1450.444527884117,1,1500.0,0
2026-09-29,M0SE,Maxim Mrva,1699.0593808687438,85,1709.7957905640633,25,1655.4983114829483,60,1500.0,0,1500.0,0
2026-09-29,B588,Bob Bryan,1698.8612299379733,103,1628.4400166485775,76,1591.858493244074,11,1544.9455769508174,15,1448.5800599996116,1
2026-09-29,G182,Magnus Gustafsson,1698.2637426068052,71,1580.5494060413723,20,1675.530796004941,31,1559.178734052475,12,1533.7606161494296,8
2026-09-29,I034,Goran Ivanisevic,1698.2247380828983,125,1621.4302140007524,73,1292.0167541871604,12,1877.3363163912652,20,1635.451657447576,20
2026-09-29,F586,Thomas Fabbiano,1698.0388215073206,612,1690.5068379387794,326,1624.9928416622834,226,1599.657128231985,54,1479.6736534607528,2
2026-09-29,B0PN,Matisse Bobichon,1697.2439339640177,9,1678.4437890462264,9,1500.0,0,1500.0,0,1500.0,0
2026-09-29,D0D4,Stefan Dostanic,1697.1621294235263,52,1731.364153615504,38,1536.6382053241907,14,1500.0,0,1500.0,0
2026-09-29,H09N,August Holmgren,1697.002215911908,155,1612.5541836860511,114,1648.9540575503338,26,1628.9040322522767,13,1500.0,0
2026-09-29,K0O4,Moise Kouame,1696.8995008005713,37,1648.8152166468728,25,1545.6511868144432,12,1500.0,0,1500.0,0
2026-09-29,V309,Kristof Vliegen,1696.8465490234657,406,1693.6073808325516,163,1707.573920592141,191,1565.7206593505098,31,1512.070298189522,21
2026-09-29,N0DB,Andrej Nedic,1696.531728618846,52,1531.1559232467075,4,1656.6785040067953,48,1500.0,0,1500.0,0
2026-09-29,HB05,Christian Harrison,1696.3943756397707,195,1614.2650802376286,145,1664.0838678428784,32,1764.459433819418,17,1500.0,0
2026-09-29,K737,Alex Kuznetsov,1696.213036257835,500,1667.1318138692004,369,1552.2317967728916,79,1545.813159576547,41,1417.160646405854,6
2026-09-29,MJ98,Facundo Mena,1695.5803526954014,334,1470.7546086015343,59,1698.9017049502804,270,1408.6850380102853,3,1500.0,0
2026-09-29,G858,Ernests Gulbis,1695.5088031559003,736,1663.7192950374922,411,1655.1442988450005,238,1617.2249089092707,49,1808.373068235273,37
2026-09-29,K403,Igor Kunitsyn,1694.8606600100718,587,1678.452927423044,419,1493.0113402744644,82,1510.8367571033973,49,1558.9642525530132,35
2026-09-29,S681,Cyril Saulnier,1694.2788821853085,258,1678.5009946877333,168,1414.5322891005117,33,1522.7193348698984,25,1655.4514823485663,32
2026-09-29,C0LK,Carlo Alberto Caniato,1694.1495116002798,39,1398.0358800547538,2,1692.3717785303609,37,1500.0,0,1500.0,0
2026-09-29,D316,Ramon Delgado,1694.1010936038501,392,1715.1107403102017,217,1662.4010321363326,155,1328.6693158059234,11,1500.0,0
2026-09-29,VA70,Mate Valkusz,1693.4448132433924,101,1699.9599880759774,30,1646.4673037017178,69,1411.4660518735436,1,1440.9031244009152,1
2026-09-29,V708,Jiri Vesely,1692.7945899658637,578,1700.3369087908677,252,1617.445654723972,269,1711.28239259258,57,1500.0,0
2026-09-29,GH33,Manuel Guinard,1692.6451052446093,224,1632.8236670127044,101,1629.3411552993289,120,1356.8474118342792,2,1500.0,0
2026-09-29,L480,Marc Lopez,1692.49126855045,363,1563.4151902807537,24,1697.1744348103575,330,1409.883709685671,8,1500.0,0
2026-09-29,BH98,Matthew Barton,1692.4232129104655,121,1614.2604473081587,92,1587.7874234809703,10,1621.8468673793416,11,1621.723071723005,8
2026-09-29,K551,Daniel Koellerer,1692.3661239200342,348,1631.213724554498,50,1713.744718803543,282,1304.1261985186163,4,1413.819226589834,2
2026-09-29,V0J1,Jacopo Vasami,1692.2769498576517,35,1432.01736546063,4,1641.3467981247722,31,1500.0,0,1500.0,0
2026-09-29,F840,Nerman Fatic,1692.076922166396,208,1532.0794129729593,36,1671.602594214066,167,1437.4183415665148,1,1507.400077657327,4
2026-09-29,O0A2,Gauthier Onclin,1691.2900729962118,164,1682.7429343808087,81,1607.5242444739847,72,1531.8387400652864,11,1500.0,0
2026-09-29,LA93,Enrique Lopez Perez,1690.548947039237,240,1688.9070284220893,103,1621.6714331803587,128,1375.709355938553,7,1526.3297538147938,2
2026-09-29,B0OU,Hynek Barton,1690.2033990585599,99,1650.3532397042338,27,1652.2662459301382,72,1500.0,0,1500.0,0
2026-09-29,D270,Scott Draper,1690.068108449094,102,1740.7280587978419,66,1416.5361199685872,18,1375.6107030793926,18,1500.0,0
2026-09-29,P0GQ,Mili Poljicak,1690.0482875122639,85,1361.0674514970074,9,1657.5263889472583,73,1333.7515546002326,2,1440.9031244009152,1
2026-09-29,BV16,Ugo Blanchet,1689.4177614257915,178,1714.5505713478954,97,1579.756186690531,75,1366.6991714046644,6,1500.0,0
2026-09-29,H0CX,Max Houkes,1687.992980558854,96,1434.8664375699623,3,1662.4164032471076,90,1347.1416523783596,3,1500.0,0
2026-09-29,G967,Peter Gojowczyk,1687.8509883134254,625,1648.1307645686852,410,1596.987721085859,133,1639.1036609976804,62,1593.1296025695547,17
2026-09-29,CA99,Marius Copil,1687.4638555535084,619,1701.835556096762,376,1574.5908383578621,171,1569.7670683050535,62,1467.9226599912167,7
2026-09-29,S0S5,Braden Shick,1687.436056149139,30,1658.7774258888187,27,1510.7976692469365,2,1462.9290805952212,1,1500.0,0
2026-09-29,B884,Carlos Berlocq,1686.8427857066283,869,1757.5818960427655,135,1678.319467213098,702,1345.9474465145704,25,1500.0,0
2026-09-29,104907,Blaz Kavcic,1686.7107227525896,8,1657.7769216689,3,1595.196078071688,5,1500.0,0,1500.0,0
2026-09-29,R0JI,Keegan Rice,1685.6862460134319,11,1665.9785916580697,11,1500.0,0,1500.0,0,1500.0,0
2026-09-29,DF88,Aziz Dougaz,1685.4022342644064,202,1680.1958488263888,137,1538.3748581927946,56,1356.0685196413947,6,1500.0,0
2026-09-29,RA51,Blaz Rola,1685.1203736451157,452,1621.6110959580299,179,1670.2477374715595,244,1462.3062450420073,17,1606.8950192680975,4
2026-09-29,Z189,Grega Zemlja,1685.0447295829154,541,1653.0089894875487,279,1654.046304943902,190,1530.3127992248033,45,1612.6372802403866,15
2026-09-29,KC11,Daniel Kosakowski,1683.5579819359268,85,1596.0797574235528,61,1639.4678950473915,21,1462.5645808614402,3,1500.0,0
2026-09-29,K0NP,Jack Kennedy,1683.5060289466007,20,1509.183180937144,11,1750.2216078263618,9,1500.0,0,1500.0,0
2026-09-29,CG04,Pedro Cachin,1682.9743203985408,382,1512.0804276392373,54,1723.2150224999884,321,1352.4886446281992,7,1500.0,0
2026-09-29,N679,Stefano Napolitano,1682.8785739208506,373,1626.4132103832774,152,1670.7547711936784,203,1500.0500380205217,18,1500.0,0
2026-09-29,R0A7,Joao Lucas Reis Da Silva,1682.351061241234,198,1488.6630501684065,21,1669.1605418580828,176,1384.5670969196558,1,1500.0,0
2026-09-29,V564,Antonio Veic,1682.232830806342,369,1475.2391050965784,69,1709.0609686791045,288,1282.256655170441,4,1496.6640460632573,5
2026-09-29,PJ74,Lucas Poullain,1682.1825400783405,60,1656.3035473454488,54,1402.1423563268436,6,1500.0,0,1500.0,0
2026-09-29,S677,David Sanchez,1681.8941005081547,311,1467.1222634651594,44,1707.525074720174,260,1226.2070694536487,4,1413.38121277691,3
2026-09-29,ME31,Vincent Millot,1681.7590877531998,449,1642.604058788735,304,1599.3196973133138,119,1606.766363640469,22,1465.302123356213,3
2026-09-29,B0PE,Federico Bondioli,1681.727909075876,49,1373.9403330505781,4,1666.929986597214,44,1428.2644970623837,1,1500.0,0
2026-09-29,K839,Tobias Kamke,1680.8092464459735,787,1666.5608616472464,480,1569.6040422354392,226,1525.1940919872216,62,1566.9776164665193,15
2026-09-29,K0HC,Maks Kasnikowski,1680.6629855569104,145,1599.6224769868563,86,1640.5285620474906,59,1500.0,0,1500.0,0
2026-09-29,D499,Frank Dancevic,1680.4458348032354,668,1665.006088762336,455,1575.3164459725108,109,1579.6397110976654,86,1549.202658369489,17
2026-09-29,SJ22,Gleb Sakharov,1680.370382533764,146,1777.7963811119291,82,1450.3358174273258,62,1313.3632108558595,2,1500.0,0
2026-09-29,D438,Amer Delic,1680.3645562065615,385,1687.6425041583673,299,1517.2219715076817,59,1454.692309296957,23,1616.723494523906,4
2026-09-29,TC01,Li Tu,1680.1761607402398,185,1662.4701722303585,156,1382.8482133976215,7,1653.237763017191,21,1500.0,0
2026-09-29,W503,James Ward,1680.1356352090959,510,1613.9618383989384,323,1532.023604450613,87,1521.3074547458177,88,1656.1293167793026,10
2026-09-29,S0AK,Henri Squire,1679.8425278128377,201,1559.4214985152894,58,1671.2253253135927,130,1309.9792486997417,9,1513.0809428824573,2
2026-09-29,CE77,Federico Coria,1679.6093052820302,520,1597.2098037591215,65,1661.5804985409159,445,1315.027542024243,8,1500.0,0
2026-09-29,N09U,Rio Noguchi,1679.6075724531588,183,1678.662462290266,164,1359.7741604428295,12,1274.9645008120508,7,1500.0,0
2026-09-29,P0FJ,Radu Mihai Papoe,1679.5279183722957,19,1565.6631951100942,1,1632.3756491961683,18,1500.0,0,1500.0,0
2026-09-29,H756,Robin Haase,1679.4410867046327,858,1717.0342624489028,403,1626.0723851337686,370,1615.8540277491118,66,1706.6872442644774,18
2026-09-29,U061,Adrian Ungur,1679.057273259748,610,1557.2007233998663,82,1677.2313344184106,506,1222.7407973515083,8,1380.187468799704,10
2026-09-29,G0CV,Buvaysar Gadamauri,1678.6169319480755,47,1571.1990405877873,16,1636.7985172837775,31,1500.0,0,1500.0,0
2026-09-29,R419,Tommy Robredo,1678.2739856907303,1091,1753.8661615076037,447,1649.901520210875,553,1626.6952775708082,57,1622.6651460677167,34
2026-09-29,KA80,Henri Kontinen,1678.2441219803125,56,1617.5498037466432,29,1654.0436159863143,13,1528.6425800983595,2,1599.2566217980238,10
2026-09-29,F580,Martin Fischer,1678.2075883973853,375,1614.5632438915695,166,1657.8877992248151,145,1659.5764233513355,40,1436.8312225720058,19
2026-09-29,J0F2,Spencer Johnson,1677.5447894193903,11,1636.4179899493563,11,1500.0,0,1500.0,0,1500.0,0
2026-09-29,G0EU,Felix Gill,1677.3110360422556,79,1686.5313340552134,16,1634.8423252451262,46,1379.232446737975,17,1500.0,0
2026-09-29,L908,Nils Langer,1675.4367769704095,168,1671.9670611089848,64,1620.038755626129,92,1386.4421003420766,2,1569.0864874990223,10
2026-09-29,SL09,Raymond Sarmiento,1675.342022255552,53,1648.5476425510449,53,1500.0,0,1500.0,0,1500.0,0
2026-09-29,CI14,Jay Clarke,1675.2831421435203,324,1559.0467033342118,153,1657.0306594721985,125,1325.3208895837333,45,1500.0,0
2026-09-29,V0DG,Quinn Vandecasteele,1675.2187694451763,25,1660.1058938575336,23,1500.0,0,1419.661751100207,2,1500.0,0
2026-09-29,B752,Stephane Bohli,1675.037056309117,357,1648.3679387201578,241,1557.2162352851633,74,1509.3356080702113,23,1593.3901957205317,19
2026-09-29,104381,Michael Ryderstedt,1674.541880390949,12,1629.3434328028686,10,1603.7996609847012,2,1500.0,0,1500.0,0
2026-09-29,GA79,Lorenzo Giustino,1674.095803463017,575,1585.2227228468028,176,1639.905797381502,392,1240.608951757685,6,1500.0,0
2026-09-29,F444,Alejandro Falla,1673.7729055353075,701,1672.8245583809128,367,1635.4053659949384,245,1620.033583326072,77,1603.4649311013384,8
2026-09-29,R0ED,Max Hans Rehberg,1673.7321257439637,120,1685.859669365719,44,1584.3178887306233,65,1376.2155571757853,3,1665.9379126308481,8
2026-09-29,P624,Philipp Petzschner,1673.2317236723911,424,1669.773231600559,231,1591.6977307484244,85,1676.4394472029444,60,1659.2562981349754,48
2026-09-29,P0DF,Matheus Pucinelli De Almeida,1672.8180350442997,242,1375.896207107753,17,1700.8345905667234,222,1501.8626003220877,2,1500.0,0
2026-09-29,KC04,Jozef Kovalik,1672.5790093863911,602,1588.3022168428852,144,1673.7176588529517,429,1364.4792359420953,17,1433.3886598631955,1
2026-09-29,V211,Vladimir Voltchkov,1672.4135628459674,230,1650.1976865587164,124,1508.9068961624016,35,1570.6889181679978,24,1681.4457699608347,45
2026-09-29,A539,Martin Alund,1672.0064598965469,313,1303.0519713750955,10,1667.2044519708695,291,1411.6420807284528,8,1500.0,0
2026-09-29,BA86,Andreas Beck,1671.924496883907,499,1572.6263146639244,188,1713.5416997677785,240,1619.1979465425097,28,1640.7183381346433,42
2026-09-29,S963,Florent Serra,1671.6288525382558,663,1680.6582095543083,334,1594.7533131917908,282,1544.6874953150652,37,1351.356329051752,7
2026-09-29,DB59,Dennis Novak,1671.3660640551054,431,1668.9587495060807,190,1654.7159556412066,202,1673.0950653462862,37,1440.9031244009152,1
2026-09-29,M997,Marco Mirnegg,1671.010924526015,59,1417.73553039163,2,1715.6536062011253,53,1458.6305601107874,1,1477.4597440802004,3
2026-09-29,103082,Guillermo Canas,1670.1693136306765,4,1500.0,0,1564.7035569862444,1,1500.0,0,1634.1793887686015,3
2026-09-29,M0IF,Francesco Maestrelli,1669.982672877716,248,1704.2846687794167,96,1597.612145620758,146,1282.4146379566905,6,1500.0,0
2026-09-29,N210,Daniel Nestor,1669.7971726608066,38,1490.9008411427012,22,1492.8598476210639,1,1500.9275120663929,10,1658.9947408043292,5
2026-09-29,M0GY,Lilian Marmousez,1669.4682545852093,21,1633.3583781335606,8,1601.6326407840238,13,1500.0,0,1500.0,0
2026-09-29,A226,Hicham Arazi,1669.1691794989288,245,1630.7191644160346,110,1624.613292856017,84,1673.3700629551424,23,1663.547054046298,28
2026-09-29,BO10,Gijs Brouwer,1668.9903807881608,204,1641.5516009865878,131,1544.9179469134074,44,1566.082616572992,29,1500.0,0
2026-09-29,S0EX,Hamish Stewart,1668.6039472592104,43,1624.4321289649042,32,1500.0,0,1519.067541476886,11,1500.0,0
2026-09-29,B499,Wayne Black,1667.5714996797735,74,1652.006199258547,57,1534.7889749515332,4,1394.0791144397294,8,1468.4988364780834,5
2026-09-29,PI96,Sergi Perez Contri,1667.5414456400986,7,1500.0,0,1621.7460916695763,7,1500.0,0,1500.0,0
2026-09-29,KC12,Mitchell Krueger,1667.3632103147274,577,1632.5101244468658,426,1604.3400201133193,120,1457.8007442315088,23,1500.0,0
2026-09-29,J338,Romain Jouan,1666.646791609312,106,1621.1420521674838,59,1629.9415666773957,43,1453.0428281281436,4,1500.0,0
2026-09-29,A280,Henrik Andersson,1666.0296530711594,18,1633.3961839879064,7,1518.8802737367162,5,1500.0,0,1688.669242637183,6
2026-09-29,A887,Guido Andreozzi,1665.3531744874838,526,1591.3247304871259,98,1666.6781067440606,415,1275.434136345005,13,1500.0,0
2026-09-29,D351,Sebastien De Chaunac,1665.3179463875877,279,1667.862895450029,168,1494.2510716316808,93,1495.1182867133766,6,1548.883044832718,8
2026-09-29,C582,Marco Chiudinelli,1665.0644329619674,613,1665.8286917602036,461,1440.135596822696,68,1461.7416617253673,48,1603.1622768502255,35
2026-09-29,PH42,Matija Pecotic,1664.4654443453048,71,1656.338687654479,47,1569.4315540978614,20,1423.4830505231703,4,1500.0,0
2026-09-29,MN20,Daniel Masur,1664.40701034924,329,1626.3032600881193,188,1606.1492891665714,116,1536.115770801885,19,1451.8834055817022,3
2026-09-29,O207,Lamine Ouahab,1664.1629842383538,256,1566.482174952143,40,1661.6223129002808,213,1415.1744693424414,3,1500.0,0
2026-09-29,H377,Dominik Hrbaty,1663.829497591389,670,1685.3211370770646,350,1611.317395550923,226,1433.9480735618272,23,1684.7708679100867,70
2026-09-29,G695,Augustin Gensse,1663.774331842467,164,1576.8662064332204,38,1682.5205922148484,118,1521.2120205300826,5,1448.4011123658127,1
2026-09-29,MA96,Tigran Martirosyan,1663.1857410646362,20,1696.2484925155493,17,1376.8692944779623,2,1500.0,0,1434.3368048899058,1
2026-09-29,MW75,Felipe Meligeni Alves,1663.026734827932,315,1592.7671650722668,41,1688.7145650644377,262,1584.5045277375418,12,1500.0,0
2026-09-29,ML57,Gianluca Mager,1663.0244578370314,370,1564.8125465750702,91,1666.392351249689,275,1558.9750453416004,4,1500.0,0
2026-09-29,KH56,Zdenek Kolar,1662.780772215844,507,1553.094316732194,152,1643.0011088380054,337,1422.5744830118872,11,1476.5911112807246,1
2026-09-29,104014,Bobby Reynolds,1662.1804413632688,3,1666.9589992863016,3,1500.0,0,1500.0,0,1500.0,0
2026-09-29,BE54,Ruben Bemelmans,1662.0206873709808,701,1620.3437193230989,443,1567.8449187371934,102,1668.3874864064583,98,1900.2211657590462,54
2026-09-29,HB48,Calvin Hemery,1661.789068387299,408,1557.9805769359539,158,1666.6311742315027,244,1396.4151402327325,6,1500.0,0
2026-09-29,L949,Henri Laaksonen,1661.6852660238844,591,1711.437994802093,306,1632.8546491741445,269,1231.2255906721498,13,1417.6596740542611,2
2026-09-29,R0A5,Sam Riffice,1661.541536453852,18,1697.6259063242578,16,1466.1055932268923,1,1500.0,0,1500.0,0
2026-09-29,EA13,Moez Echargui,1661.3829231411962,152,1623.5042315855876,79,1464.768004052062,67,1530.964335314561,4,1500.0,0
2026-09-29,103184,Jiri Vanek,1661.2368639147162,3,1655.903340748682,3,1500.0,0,1500.0,0,1500.0,0
2026-09-29,Z09Z,Beibit Zhukayev,1661.1018287548175,193,1578.7220120088089,153,1476.845781732058,22,1701.5139832935074,18,1500.0,0
2026-09-29,U134,Yasutaka Uchiyama,1661.0557394949722,496,1617.5180477363288,430,1460.5291249110428,25,1502.0861038796972,23,1497.8831162768251,14
2026-09-29,SX90,Fajing Sun,1660.8875171821653,132,1636.6086910155052,124,1319.9207708679621,7,1453.993742835834,1,1500.0,0
2026-09-29,A356,Thierry Ascione,1660.3821641534312,372,1652.3051272453083,173,1658.4026976286345,180,1387.6692452196914,6,1477.3911320350587,12
2026-09-29,D776,Thiemo de Bakker,1660.0479292610453,511,1634.5667153452114,183,1712.956116208893,300,1488.83557033212,26,1508.4939675410126,2
2026-09-29,KA98,Bradley Klahn,1660.0039757276813,361,1667.0455581102233,297,1484.4419813731222,39,1437.8611451865602,24,1500.0,0
2026-09-29,H704,Jesse Huta Galung,1659.8797762842264,402,1656.3024754554879,151,1667.0660163727387,208,1450.1816420118562,15,1594.031614925135,25
2026-09-29,C0OF,Duncan Chan,1659.6854191070634,12,1589.769058689964,12,1500.0,0,1500.0,0,1500.0,0
2026-09-29,A829,Radu Albot,1659.6153419677341,875,1650.9772631231654,506,1626.5496425987246,306,1673.4427613683658,57,1382.775693388897,2
2026-09-29,105633,Bradley Klahn,1659.394419537681,3,1500.0,0,1660.0581268561739,3,1500.0,0,1500.0,0
2026-09-29,W134,Bing Chao Lin,1659.3044481746847,3,1565.6631951100942,1,1626.7081128514176,2,1500.0,0,1500.0,0
2026-09-29,104526,Romain Jouan,1659.226094910964,3,1653.4843822882417,3,1500.0,0,1500.0,0,1500.0,0
2026-09-29,L918,Yong-Kyu Lim,1659.1953286659486,82,1636.6878311218773,72,1331.4055584085602,5,1534.2822639119272,2,1454.3040694066674,3
2026-09-29,104797,Amir Weintraub,1659.1385911616721,6,1700.6569301609252,4,1500.0,0,1503.9255357634552,2,1500.0,0
2026-09-29,J476,David Jorda Sanchis,1659.1329173904114,104,1453.7961492946788,30,1680.3546769327147,73,1429.5927334298358,1,1500.0,0
2026-09-29,103908,Paul-Henri Mathieu,1658.8918031335209,6,1569.767144804475,1,1596.6609358247454,4,1555.81371584358,1,1500.0,0
2026-09-29,C344,Alex Corretja,1658.0104684812184,268,1685.2237990328053,117,1625.1875648228192,137,1513.2491853794672,3,1417.6795719599559,11
2026-09-29,S693,Raemon Sluiter,1657.9676132370414,435,1575.1465328883075,163,1708.558272047644,140,1653.3577902895343,57,1624.7808086985413,75
2026-09-29,C0AK,Oliver Crawford,1657.9487452064268,131,1645.7791566466633,72,1507.0649794956457,46,1514.7562094225293,13,1500.0,0
2026-09-29,K0FY,Martin Krumich,1657.7787099299974,81,1495.1529137945226,9,1613.361771475443,72,1500.0,0,1500.0,0
2026-09-29,S545,Sargis Sargsian,1657.5442253880235,254,1645.014721412457,117,1636.334749333051,78,1455.6437547369894,33,1621.061844379125,26
2026-09-29,N731,Christoph Negritu,1657.2924822646694,67,1606.2458403588444,30,1612.849208412765,37,1500.0,0,1500.0,0
2026-09-29,G512,Denis Gremelmayr,1657.2715595543877,380,1650.9710015941448,168,1642.5046586366416,170,1413.2339368874016,12,1479.5026405536898,28
2026-09-29,M0OQ,James McCabe,1657.1038284421547,177,1588.6766535803345,147,1396.7973879040453,8,1589.8032062457646,22,1500.0,0
2026-09-29,A0CJ,Duje Ajdukovic,1656.821923889007,272,1658.822104459742,89,1617.7418284074715,173,1336.929720060992,9,1500.0,0
2026-09-29,P0EV,Andrew Paulson,1656.6332931633067,62,1423.5812323813184,12,1647.968261291847,47,1500.0,0,1555.1117245832445,3
2026-09-29,103765,Tomas Cakl,1656.5005031539135,3,1500.0,0,1500.0,0,1500.0,0,1656.4872793568948,3
2026-09-29,104382,Ivo Minar,1656.4872793568948,3,1656.4872793568948,3,1500.0,0,1500.0,0,1500.0,0
2026-09-29,103582,Alexander Peya,1656.4872793568948,3,1500.0,0,1500.0,0,1500.0,0,1656.4872793568948,3
2026-09-29,L206,Magnus Larsson,1656.347005252273,67,1670.338712420404,39,1560.8329033088235,10,1516.978781419276,12,1714.7136463141132,6
2026-09-29,103215,Marcos Daniel,1656.3008961887174,3,1500.0,0,1656.4872793568948,3,1500.0,0,1500.0,0
2026-09-29,P305,Albert Portas,1656.2007483108423,400,1440.6187494317192,38,1684.6691171630475,344,1279.8037174987721,13,1384.406929102478,5
2026-09-29,MG47,James McGee,1655.7000575554503,246,1635.1524159586777,149,1603.1545468836832,66,1503.0080908849532,21,1521.954208610353,8
2026-09-29,W522,Rhyne Williams,1655.6016438478853,156,1682.018601036821,123,1523.361267154137,23,1485.0133550798312,10,1500.0,0
2026-09-29,B804,Karol Beck,1655.566653807701,552,1637.6142740345583,359,1317.2450310379152,44,1571.05944186977,75,1766.3184452223584,74
2026-09-29,W361,Sam Warburg,1655.4140012701798,172,1647.9649939673939,156,1299.1153696552342,5,1534.271618612912,7,1560.0871474211826,4
2026-09-29,SJ55,John-Patrick Smith,1655.2669642596393,383,1620.1060273907638,301,1338.9266358880452,13,1576.6711088219085,61,1596.5293911259362,8
2026-09-29,HG94,Benjamin Hassan,1654.9832855735885,311,1568.7020462203025,130,1664.9480859521336,168,1511.7057408588291,10,1440.9031244009152,1
2026-09-29,M0ON,Johannus Monday,1654.971324125953,81,1610.0384178374359,63,1500.0,0,1469.8729137202774,18,1500.0,0
2026-09-29,K0E6,Alibek Kachmazov,1654.5908825956644,138,1640.7872137556174,121,1471.1278589120086,13,1393.6977135270354,1,1558.3554511786917,3
2026-09-29,103212,Noam Okun,1654.5857611636964,3,1655.415829745551,3,1500.0,0,1500.0,0,1500.0,0
2026-09-29,SE73,Yuichi Sugita,1654.5621523655477,666,1649.5069562793844,488,1487.3714632369783,48,1563.8472720919565,83,1752.4413469732488,40
2026-09-29,G621,Chris Guccione,1654.2964017066404,403,1624.1968387386767,275,1512.5060728459662,74,1540.8451911559112,47,1319.7312917266468,6
2026-09-29,C570,Hee-Seok Chung,1654.0571268355047,18,1657.9141271326898,15,1565.6631951100942,1,1500.0,0,1432.1904635468416,2
2026-09-29,KI74,Nicola Kuhn,1654.0546041149569,182,1590.1278206528862,87,1564.3149248460695,83,1653.2618722695822,9,1500.0,0
2026-09-29,T0FI,Marko Topo,1653.5859445104643,112,1707.7483792805938,20,1563.1111976415568,89,1437.623138246269,1,1395.2186683933733,2
2026-09-29,103565,Rik De Voest,1653.3770050358933,9,1681.704615681344,8,1444.18628415642,1,1500.0,0,1500.0,0
2026-09-29,103286,Alberto Martin,1653.3048803778868,6,1652.3052979066301,6,1500.0,0,1500.0,0,1500.0,0
2026-09-29,Z272,Ze Zhang,1653.1178040469078,370,1669.8645391981854,298,1498.9423750273586,53,1383.8726110543564,15,1336.7716209734388,4
2026-09-29,104648,Robert Smeets,1652.912375137113,3,1652.912375137113,3,1500.0,0,1500.0,0,1500.0,0
2026-09-29,102521,Alexander Waske,1652.8510799051255,3,1500.0,0,1500.0,0,1500.0,0,1652.8510799051255,3
2026-09-29,LC12,Laurent Lokoli,1652.665710053893,174,1587.1303082661796,112,1632.3101950428813,56,1606.2343471127388,6,1500.0,0
2026-09-29,KC33,Dimitar Kuzmanov,1652.4121687164607,378,1629.8160698444444,162,1595.7619750462216,206,1437.711297002368,7,1565.6631951100942,1
2026-09-29,G0AV,Carlos Gimeno Valero,1652.2997013840265,51,1549.5381966848129,2,1609.5055465248508,49,1500.0,0,1500.0,0
2026-09-29,B0W9,Nikolai Barsukov,1652.2493290831385,5,1612.314200373266,5,1500.0,0,1500.0,0,1500.0,0
2026-09-29,104547,Teymuraz Gabashvili,1652.2302152577452,7,1704.5016455086522,5,1485.1912865884801,2,1500.0,0,1500.0,0
2026-09-29,M595,Max Mirnyi,1652.0520786511213,463,1638.0771048292272,250,1570.4540924573166,95,1697.3378195573684,55,1602.4900362384988,63
2026-09-29,L386,Jean-Rene Lisnard,1651.9136185145965,397,1635.7675457944044,157,1549.908983118382,213,1478.3073326974966,11,1525.733041660851,13
2026-09-29,ME05,Marinko Matosevic,1651.8827199309374,438,1617.4211233681528,330,1671.8967792598432,54,1604.2751714840285,49,1500.0,0
2026-09-29,105453,Kei Nishikori,1651.273870088534,2,1500.0,0,1636.904291773671,2,1500.0,0,1500.0,0
2026-09-29,LI39,Alexandar Lazarov,1651.1596980770094,49,1643.5298216185613,32,1516.1806928578271,17,1500.0,0,1500.0,0
2026-09-29,C0NN,Gianluca Cadenasso,1651.116309108824,41,1500.0,0,1616.9463476786455,40,1416.27942623463,1,1500.0,0
2026-09-29,V495,Luca Vanni,1651.0109037157217,313,1629.2655260948527,214,1595.0459828805751,83,1430.092545215668,14,1410.1595329591685,2
2026-09-29,P269,Leander Paes,1650.9748280257286,64,1586.856881596167,40,1369.605975729385,2,1705.9431796593974,16,1671.4321753836489,6
2026-09-29,MB88,Matwe Middelkoop,1650.8537638967318,227,1560.0264159724684,109,1648.277969517685,104,1392.7632775297604,4,1383.1387254935494,9
2026-09-29,M0FA,Anton Matusevich,1650.8357463054572,37,1573.4510066575276,10,1532.800588627921,12,1456.0701679826154,15,1500.0,0
2026-09-29,SN54,Frederico Ferreira Silva,1650.820381849632,359,1706.1790486393427,161,1543.8415651722087,185,1479.0889319833138,10,1500.0,0
2026-09-29,103387,Jan Hernych,1650.4859441381102,5,1656.4872793568948,3,1500.0,0,1525.7373290094192,2,1500.0,0
2026-09-29,R685,Lukas Rosol,1650.2073715368792,862,1652.6719968332445,410,1570.6080385780197,381,1608.5060833324264,46,1605.5275950698956,19
2026-09-29,V251,Santiago Ventura,1650.0747309039762,395,1551.7641160909577,32,1659.9573545582423,350,1253.8817566970984,7,1500.0,0
2026-09-29,103746,Thierry Ascione,1649.9865332517581,3,1656.4872793568948,3,1500.0,0,1500.0,0,1500.0,0
2026-09-29,KC86,Darian King,1649.7889051252037,276,1643.3280197516603,213,1477.5418797622015,46,1440.6218921352645,13,1500.0,0
2026-09-29,BV24,Raul Brancaccio,1649.5552252047212,259,1552.8838980843027,89,1626.4311044655958,159,1425.7279991516716,6,1500.0,0
2026-09-29,A0JA,Michael Agwi,1649.2810267985385,13,1609.5200495086333,10,1634.3608983825027,2,1500.0,0,1500.0,0
2026-09-29,S0DQ,Keegan Smith,1649.2138190112928,94,1577.4118252348335,79,1548.4132752150724,9,1512.9372402648019,4,1500.0,0
2026-09-29,B757,Rohan Bopanna,1649.0561951307002,199,1606.3853012182558,132,1363.0641378814194,6,1640.5413169271612,52,1632.2369537458667,9
2026-09-29,J0AW,Guido Ivan Justo,1649.011059725665,103,1420.868171341456,2,1639.2169330449233,101,1500.0,0,1500.0,0
2026-09-29,V232,Martin Verkerk,1649.0003724412488,271,1589.4577181777101,81,1669.876204497255,156,1410.484689444484,9,1706.999579812026,25
2026-09-29,L515,Peter Luczak,1648.9516108803987,479,1616.8787005798195,179,1678.7565205117905,274,1529.8724159059204,14,1546.6495618433767,7
2026-09-29,K624,Bastian Knittel,1648.9317956487089,169,1606.6339844470801,39,1574.0922735555243,113,1624.1784006441803,6,1498.3546266941476,6
2026-09-29,MW54,Dragos Nicolae Madaras,1648.7946241086302,40,1569.0461282381525,8,1597.2876627227627,28,1471.5199421874074,4,1500.0,0
2026-09-29,RC62,Michael Redlicki,1648.7830303772855,38,1624.1905040695246,37,1434.149074465545,1,1500.0,0,1500.0,0
2026-09-29,S0VU,Max Schoenhaus,1648.7629233218781,34,1542.743870559237,6,1643.2454023737027,26,1399.323391457845,2,1500.0,0
2026-09-29,104652,Andreas Beck,1648.7252617044348,3,1500.0,0,1655.4255585383062,3,1500.0,0,1500.0,0
2026-09-29,CC66,Andrea Collarini,1648.357679087544,525,1495.113363003408,58,1624.7876700783302,459,1298.0315934381356,7,1500.0,0
2026-09-29,M19T,Jamie Mackenzie,1647.9968671354734,14,1460.231687708493,1,1659.942099271338,11,1429.0586709944366,2,1500.0,0
2026-09-29,Q02O,Rudy Quan,1647.951827649881,8,1586.5453828165569,8,1500.0,0,1500.0,0,1500.0,0
2026-09-29,MF35,Andrej Martin,1647.6690463977948,662,1493.9047110917832,138,1614.9991840503699,503,1312.5495541070975,13,1476.5732211220188,5
2026-09-29,K293,Gustavo Kuerten,1647.6538112589683,336,1689.8990726757881,149,1665.1662292896726,157,1579.8967385506496,6,1696.5893954004796,24
2026-09-29,M0RG,Daniel Milavsky,1647.4924508524475,38,1582.7028540463427,32,1409.1497526288151,2,1557.0960908520562,4,1500.0,0
2026-09-29,P701,Michal Przysiezny,1647.2438717362081,470,1599.3940153593883,274,1512.7694605844604,117,1557.4827029834778,39,1817.1893864136475,38
2026-09-29,MA41,Ivo Minar,1647.0747537728246,491,1551.732398951027,151,1687.0756509277128,302,1451.4574441293753,18,1395.8931975043336,15
2026-09-29,L336,Harel Levy,1646.7911567190713,443,1636.4134189312852,295,1569.6440556185162,100,1547.5126765388225,35,1452.4382952639965,13
2026-09-29,B350,Sergi Bruguera,1646.418099523992,98,1491.2663828317507,18,1694.1010813716264,77,1446.9836930534768,1,1491.8273768978684,2
2026-09-29,Z0CQ,Yi Zhou,1645.9838451630117,102,1607.0223118369954,90,1388.7069769109485,3,1589.189981000798,9,1500.0,0
2026-09-29,L0GR,Juan Manuel La Serna,1645.9640155291152,62,1554.467864145399,3,1631.9070989194643,59,1500.0,0,1500.0,0
2026-09-29,O660,Genaro Alberto Olivieri,1645.8228485226134,280,1486.5659636181913,26,1612.888150775764,249,1235.448875162801,4,1500.0,0
2026-09-29,B764,Juan Pablo Brzezicki,1645.7468532395333,439,1564.1722874697907,69,1662.7229419826258,361,1506.4270824322832,2,1426.1911611056696,1
2026-09-29,D0CN,Miguel Damas,1644.998215422085,80,1508.814838918802,11,1602.0285827234507,69,1500.0,0,1500.0,0
2026-09-29,K0EQ,Zane Khan,1644.6262924658067,14,1645.8979973653747,12,1459.830100513775,2,1500.0,0,1500.0,0
2026-09-29,GC89,Egor Gerasimov,1644.4262523311795,445,1631.7892995305676,364,1572.6921415169445,64,1393.3236799298375,13,1451.2447773049805,1
2026-09-29,E0AA,Yanki Erel,1643.9337247641827,54,1638.0053973865852,44,1399.606084540535,9,1472.925206112182,1,1500.0,0
2026-09-29,N250,Magnus Norman,1643.604469445097,207,1675.1657912155451,117,1560.2226021187462,85,1475.546032508086,2,1433.3933405208293,3
2026-09-29,L503,Paolo Lorenzi,1643.499208768316,995,1678.234584752628,299,1637.2069746610762,655,1319.002771377541,35,1331.228533264388,5
2026-09-29,DG80,Enrico Dalla Valle,1643.4314256005043,148,1569.440075488081,34,1606.9487243834615,114,1500.0,0,1500.0,0
2026-09-29,A853,Marcelo Arevalo,1643.0396235016735,271,1600.454514713906,132,1678.5984089602177,127,1275.2651025541827,8,1500.0,0
2026-09-29,K760,Evgeny Korolev,1642.8758034837253,414,1626.0212057867193,185,1644.2475038720738,169,1534.0525958350715,19,1796.8533126113782,40
2026-09-29,SM88,Karue Sell,1642.8098800554392,56,1601.2254956440213,34,1591.4879780124966,22,1500.0,0,1500.0,0
2026-09-29,B0JP,Dali Blanch,1642.7101262163249,61,1328.9583097403925,8,1634.3000281833426,53,1500.0,0,1500.0,0
2026-09-29,B599,Julien Boutter,1642.6415572209432,173,1499.1112346624495,69,1655.0117061484912,73,1210.8879490756374,9,1561.1661643115892,22
2026-09-29,KH77,Niki Kaliyanda Poonacha,1642.5044627251905,9,1589.6068715159158,8,1500.0,0,1564.7224020015426,1,1500.0,0
2026-09-29,BV25,Javier Barranco Cosano,1642.3677472239076,165,1552.5282734624157,41,1613.0292432613417,122,1526.358996058857,2,1500.0,0
2026-09-29,J380,Jason Jung,1641.980026914592,448,1600.8443068548556,357,1511.0832315619784,39,1545.5723414809447,37,1560.8892571302276,10
2026-09-29,G354,Justin Gimelstob,1641.8290311345484,341,1607.4892618779209,260,1441.9519674986705,29,1634.6809967724896,51,1476.7274237301667,1
2026-09-29,I0B6,Paul Inchauspe,1641.808558259174,11,1619.0632671701221,11,1500.0,0,1500.0,0,1500.0,0
2026-09-29,C0HB,Eliakim Coulibaly,1641.781828875397,68,1660.0550769637089,48,1533.1855963489586,20,1500.0,0,1500.0,0
2026-09-29,PF00,Mate Pavic,1641.325247899315,86,1548.8076572485452,37,1421.1722781206206,29,1668.1105559587318,18,1539.4943331895934,2
2026-09-29,J0A4,Paul Jubb,1641.2728524385523,144,1592.0846687866417,93,1511.5652172349937,18,1551.041172362882,33,1500.0,0
2026-09-29,M0SC,Hayato Matsuoka,1641.1176491450447,49,1605.9208985441312,48,1500.0,0,1465.7312324754007,1,1500.0,0
2026-09-29,S0EK,Matias Soto,1641.0765398823714,123,1418.7464805753054,19,1633.0037333424466,104,1500.0,0,1500.0,0
2026-09-29,K918,Dimitar Kutrovsky,1640.9999839706488,67,1627.9629634408004,53,1486.2392668432037,5,1445.0960621661977,7,1547.587484219757,2
2026-09-29,KC29,Nicolas Kicker,1640.9040355078978,405,1523.0423650627897,45,1635.4808727172485,354,1374.7346016369236,6,1500.0,0
2026-09-29,K0EE,Omni Kumar,1640.728072073407,28,1590.42838591939,28,1500.0,0,1500.0,0,1500.0,0
2026-09-29,L395,Federico Luzzi,1640.296007118877,346,1608.6207833594162,80,1660.8494437315924,232,1542.0264975308312,8,1511.6739716052332,26
2026-09-29,M714,Edgardo Massa,1640.0038323961278,171,1579.3958401988991,37,1645.508489986177,132,1428.0531668843687,1,1500.0,0
2026-09-29,D469,Nicolas Devilder,1639.7451419058873,366,1428.8156565577644,66,1692.913231887333,290,1510.9773670493767,6,1412.547173472419,2
2026-09-29,N0CJ,Petr Nesterov,1639.5318359567025,33,1629.7114760808975,9,1601.275989417619,24,1500.0,0,1500.0,0
2026-09-29,R0KE,Cosme Rolland De Ravel,1639.1097569526307,8,1500.0,0,1606.75209273511,8,1500.0,0,1500.0,0
2026-09-29,R750,Pere Riba,1639.0722353957408,533,1511.73028927233,60,1680.3623281561488,461,1258.8991550122983,10,1500.0,0
2026-09-29,C634,Paul Capdeville,1639.0400861525434,548,1617.6731094994798,202,1648.8112278699027,326,1387.9693181324485,19,1458.237394175025,1
2026-09-29,106214,Juan Ignacio Londero,1638.9378112182644,2,1500.0,0,1623.3419166989372,2,1500.0,0,1500.0,0
2026-09-29,G983,Alessandro Giannessi,1638.3475113892482,596,1542.4284602171097,91,1622.0416231480497,491,1283.7540588552918,11,1500.0,0
2026-09-29,LB51,Julian Lenz,1638.2916120463728,101,1610.425437372574,45,1559.942744409471,51,1505.997388236448,3,1440.9031244009152,1
2026-09-29,L797,Lukas Lacko,1638.1913242435237,839,1643.7118934683356,624,1405.2403058758136,100,1565.3844977742974,98,1631.3711633044502,16
2026-09-29,RB60,Oriol Roca Batalla,1637.7782764254546,278,1527.5262065545364,34,1604.5892257670653,241,1414.2107977290218,2,1500.0,0
2026-09-29,E698,Gastao Elias,1637.6940099526196,705,1591.0272519593302,184,1608.5013336253216,502,1342.1511323466011,11,1565.6631951100942,1
2026-09-29,H502,Diego Hartfield,1637.6204419787896,207,1582.3384799137452,32,1637.6121957828507,167,1315.7665144600064,5,1597.0072859802995,3
2026-09-29,B0T6,Thijs Boogaard,1637.4999299142835,14,1472.167292317472,7,1543.0417034683987,3,1567.2947259254843,4,1500.0,0
2026-09-29,BD20,Thomaz Bellucci,1637.4596011564695,695,1643.9267151199158,233,1658.6781943351714,436,1449.8959419392934,20,1453.349708414928,1
2026-09-29,N0BK,Hazem Naw,1637.3443801474205,28,1637.0256758549187,22,1443.846279695931,6,1500.0,0,1500.0,0
2026-09-29,O264,Josselin Ouanna,1637.3126880702898,321,1649.6979356226277,202,1549.431069564514,105,1343.4882257135937,5,1601.967722188524,7
2026-09-29,PG94,Marc Polmans,1637.262034262903,361,1583.6958610746913,248,1577.6079132835032,84,1616.7475361656122,28,1500.0,0
2026-09-29,BE16,Bassam Beidas,1636.9773222968952,6,1500.0,0,1663.9498596415426,6,1500.0,0,1500.0,0
2026-09-29,SJ63,Thomas Schoorel,1636.8680063280879,170,1593.0781949448594,39,1653.7224988534015,117,1473.717971714703,9,1581.06027596749,3
2026-09-29,SD78,Alexandre Sidorenko,1636.5667850375442,230,1651.8180611576665,112,1513.72852883973,105,1432.3427068419967,4,1433.6837438921596,2
2026-09-29,Z254,Jurgen Zopp,1636.4483427675118,396,1637.468558427343,221,1679.2273179825152,138,1386.0643216542785,28,1466.1647892861833,8
2026-09-29,E780,Sandro Ehrat,1636.1077681011093,53,1380.7758392934404,16,1629.701971932133,36,1500.0,0,1500.0,0
2026-09-29,105151,Joao Souza,1635.6619910372535,7,1511.6177328412177,2,1641.831340515472,5,1500.0,0,1500.0,0
2026-09-29,104010,Amer Delic,1635.4544954520466,3,1644.5946341099668,3,1500.0,0,1500.0,0,1500.0,0
2026-09-29,CE25,Salvatore Caruso,1635.332574177845,415,1700.0316728264042,182,1550.5217752960987,217,1609.0176712743257,16,1500.0,0
2026-09-29,T0JZ,Radu David Turcanu,1635.2467039798896,4,1613.6012029715837,2,1549.2397584017901,2,1500.0,0,1500.0,0
2026-09-29,CA33,Inigo Cervantes,1635.2456009854477,408,1619.8614844271735,86,1606.1914089640761,307,1457.7350659801184,13,1500.0,0
2026-09-29,H0A4,Nick Hardt,1635.159880059808,151,1488.9825032714887,32,1627.4671117413684,116,1508.553444129254,3,1500.0,0
2026-09-29,102845,Nicolas Lapentti,1635.1470656867673,5,1656.4872793568948,3,1518.380384068825,2,1500.0,0,1500.0,0
2026-09-29,S0R2,Benito Sanchez Martinez,1634.8463251339888,9,1500.0,0,1632.0570917396537,8,1482.0162554615088,1,1500.0,0
2026-09-29,105025,Daniel Brands,1634.7750228187247,3,1500.0,0,1635.193182146799,3,1500.0,0,1500.0,0
2026-09-29,F09U,Matyas Fuele,1634.3640194571487,6,1500.0,0,1615.4625543689522,6,1500.0,0,1500.0,0
2026-09-29,Y124,Donald Young,1634.269563078053,732,1625.4055059735615,580,1556.1686950822125,88,1576.0090660664152,60,1500.0,0
2026-09-29,R388,Sergio Roitman,1634.2627767081785,461,1448.2083241825053,66,1640.4531348298672,382,1400.5654640765952,6,1438.4588415158073,1
2026-09-29,P226,Cedric Pioline,1634.238893563831,126,1629.644252159635,62,1623.5794056272086,43,1476.3032506389034,15,1301.4397878442833,6
2026-09-29,MJ01,Roberto Marcora,1633.4862926269293,268,1583.679750831916,137,1567.044868888314,124,1321.2879679377504,6,1500.0,0
2026-09-29,EA27,Blake Ellis,1633.2004124561358,92,1605.9452017076453,92,1500.0,0,1500.0,0,1500.0,0
2026-09-29,RC96,Noah Rubin,1633.1429221875442,233,1639.002950573363,168,1577.0536461808704,48,1485.0446117705062,13,1500.0,0
2026-09-29,105173,Adrian Mannarino,1632.940765933337,5,1650.5949063730673,3,1532.0369124742074,2,1500.0,0,1500.0,0
2026-09-29,S809,Yuri Schukin,1632.9056692475806,557,1470.1416928559725,110,1651.539743314406,414,1500.0,0,1410.7393918086434,27
2026-09-29,E155,Daniel Elsner,1632.8869550556217,196,1411.6000753647695,19,1649.2583640062026,157,1450.6531763152327,1,1442.5766242205973,19
2026-09-29,105053,Tim Smyczek,1632.6727051523544,5,1633.497233532933,5,1500.0,0,1500.0,0,1500.0,0
2026-09-29,H896,Jose Hernandez-Fernandez,1632.2933480046154,247,1481.4549450919396,67,1684.514420354868,179,1367.92903653267,1,1500.0,0
2026-09-29,105141,Pere Riba,1632.168840000009,2,1500.0,0,1618.544367918851,2,1500.0,0,1500.0,0
2026-09-29,Z096,Ben-Qiang Zhu,1632.1210680057802,25,1597.0732139784313,23,1500.0,0,1645.0336977882969,2,1500.0,0
2026-09-29,104715,Eduardo Schwank,1632.0945876402998,3,1500.0,0,1632.0945876402998,3,1500.0,0,1500.0,0
2026-09-29,M759,Wesley Moodie,1631.7759636014596,249,1638.9646057023815,163,1353.3747523505049,9,1622.3028010646815,58,1531.905419408857,19
2026-09-29,N309,Ivan Navarro,1631.633486462819,546,1538.3260827384715,124,1640.9033614475823,372,1568.7541654107315,32,1421.0387588834371,9
2026-09-29,S0AQ,Yuta Shimizu,1631.2753811864222,191,1590.1561710124183,186,1484.2801455211184,3,1463.6975790558708,2,1500.0,0
2026-09-29,H09F,Yu Hsiou Hsu,1631.2646096961669,194,1619.3934721403846,165,1548.8764101517288,19,1272.622445594531,8,1500.0,0
2026-09-29,G585,Maximo Gonzalez,1630.9325475953294,603,1585.1815448922964,45,1645.9505015978143,546,1289.7532882307003,9,1500.0,0
2026-09-29,B681,Paul Baccanello,1630.6499322893042,123,1663.2716611012324,77,1324.0233238264827,23,1468.7457333851298,8,1526.2202581704948,13
2026-09-29,R336,Christophe Rochus,1630.0214772570944,565,1549.5740817224346,174,1646.7775407268068,334,1417.458235251428,31,1442.909187813626,23
2026-09-29,BA57,Ilija Bozoljac,1629.8687418213262,446,1610.3577933366475,229,1567.2729493754562,130,1531.6551621678313,44,1681.5381862430575,38
2026-09-29,R383,Ruben Ramirez Hidalgo,1629.6395223479037,955,1648.9750444502708,73,1596.3776598015831,856,1272.192017501472,11,1348.803858267433,4
2026-09-29,GE28,Ivan Gakhov,1629.6144911809317,242,1552.9233965150172,51,1561.8437933420362,190,1423.3513460879228,1,1500.0,0
2026-09-29,SC47,Go Soeda,1629.2279811645237,866,1598.738520923927,701,1505.3276165408538,39,1530.9035139738826,66,1756.013443712264,56
2026-09-29,SD69,Louk Sorensen,1628.6105595568704,181,1584.9900403796462,86,1694.4050079052208,75,1495.1264825961046,3,1668.5573380895542,15
2026-09-29,R0BT,Franco Roncadelli,1628.5916581383192,103,1366.2787415776304,6,1640.3124802090254,96,1419.5354974232375,1,1500.0,0
2026-09-29,A487,Prakash Amritraj,1628.1225344985912,276,1636.754737517989,207,1380.2639418231586,6,1553.116770586527,50,1458.2499477307397,10
2026-09-29,MG54,Yann Marti,1628.0345367047128,110,1552.5844087228893,45,1618.889645912002,59,1547.2845832855376,6,1500.0,0
2026-09-29,PG32,Adam Pavlasek,1627.820074933563,265,1509.1464325140319,69,1661.9124505645188,188,1563.4370581555297,8,1500.0,0
2026-09-29,P467,Alexander Peya,1627.7791164130226,447,1534.3614734958155,236,1648.5957119931657,108,1641.1850072066425,52,1602.5498141831838,40
2026-09-29,S331,Jason Stoltenberg,1627.5266599443967,53,1524.2154076275683,32,1727.2048919971635,14,1521.4452862851413,7,1500.0,0
2026-09-29,B0FI,Pedro Boscardin Dias,1626.709813124793,142,1327.2061774835065,5,1592.190295737873,136,1441.538578890953,1,1500.0,0
2026-09-29,I165,Denis Istomin,1626.6521810688173,936,1625.7439427094494,557,1606.795305282782,287,1576.7589330773637,86,1429.6267527291884,2
2026-09-29,Z073,Mariano Zabaleta,1626.2149037385636,403,1552.8266930875927,112,1657.4097212205927,278,1281.7033102241485,5,1409.210128200758,5
2026-09-29,B0C5,Florian Broska,1626.1795317038589,22,1512.2453953827705,8,1587.4057091813447,14,1500.0,0,1500.0,0
2026-09-29,D330,Alessio Di Mauro,1625.950168697445,551,1434.9701920197263,12,1644.6767997902705,530,1281.7068662246115,5,1354.7298342768174,4
2026-09-29,O0CI,Oliver Ojakaar,1625.7405784443317,4,1522.813263256094,2,1626.2686207937377,2,1500.0,0,1500.0,0
2026-09-29,G374,Gaston Gaudio,1625.6436431084046,511,1587.981578227001,117,1643.2286626904415,360,1452.8546933541916,7,1558.1962011631483,25
2026-09-29,PC68,Tim Puetz,1625.2746065251838,132,1646.0719167311115,70,1557.5178988101134,39,1497.1165200263029,14,1735.8870430770437,9
2026-09-29,BK19,Mathias Bourgue,1625.2313690721303,392,1630.7323051589958,176,1584.4360001342895,206,1458.6068955308458,7,1504.1564496318938,2
2026-09-29,C723,Flavio Cipolla,1625.0112379910795,615,1619.7721569492799,255,1592.9137228448765,320,1500.3365005190417,25,1379.5064990586338,13
2026-09-29,R0JW,Michele Ribecai,1624.9197917391493,42,1593.249237594615,17,1518.242857052137,25,1500.0,0,1500.0,0
2026-09-29,A941,Facundo Arguello,1623.76867066338,391,1476.7885020351528,33,1619.8139297283346,353,1350.380075865996,5,1500.0,0
2026-09-29,CH90,Yun seong Chung,1623.5979735706433,131,1598.6634239717964,111,1502.1235778796533,14,1516.8231530621144,6,1500.0,0
2026-09-29,T243,Michal Tabara,1623.5552951045504,269,1662.3274946573551,88,1569.2605040508397,146,1338.367320997095,2,1674.5843153677354,32
2026-09-29,G676,Daniel Gimeno-Traver,1622.859573554541,835,1433.6511025686798,126,1640.048223273596,683,1306.6850382913442,26,1500.0,0
2026-09-29,P0BK,Alfredo Perez,1622.8219706771258,38,1607.8271488203402,33,1500.0,0,1287.4857482889586,5,1500.0,0
2026-09-29,B518,Galo Blanco,1622.6059142103782,240,1414.264566942714,28,1646.056811491875,205,1286.2975270226143,4,1376.3214782578393,3
2026-09-29,MP83,Gian Marco Moroni,1622.0847765308588,188,1531.111822872773,45,1640.7207521784112,141,1500.0,0,1500.0,0
2026-09-29,I200,Dominic Inglot,1621.7354851042173,20,1666.5878009023315,16,1469.360686060273,1,1448.0293946186055,3,1500.0,0
2026-09-29,M805,Jeff Morrison,1621.7034763953761,239,1630.7284404547472,194,1381.8775687479983,17,1545.3784610923308,28,1500.0,0
2026-09-29,E0AC,Mathys Erhard,1621.412866671499,112,1587.358198795696,27,1547.145792531066,85,1500.0,0,1500.0,0
2026-09-29,S0TI,Philip Sekulic,1621.4122112108735,128,1589.3340949582832,124,1432.4816494112902,3,1378.5529249408908,1,1500.0,0
2026-09-29,CO06,Liam Caruana,1621.2612520185098,39,1587.6816272316319,28,1549.4117054324627,11,1500.0,0,1500.0,0
2026-09-29,104085,David Guez,1621.2049527769648,5,1503.9255357634552,2,1655.250793080065,3,1500.0,0,1500.0,0
2026-09-29,MI11,Axel Michon,1620.9699520076003,201,1585.4661395277299,49,1581.9104673798026,145,1405.1093312478665,4,1500.0,0
2026-09-29,B643,Marcelo Barboza,1620.863739489001,4,1500.0,0,1625.5127606013007,4,1500.0,0,1500.0,0
2026-09-29,C0BB,Tommaso Compagnucci,1620.7876233527545,25,1389.6521904599406,2,1604.8377331835952,23,1500.0,0,1500.0,0
2026-09-29,O482,Gonzalo Oliveira,1620.3726864605455,268,1539.1890655820794,108,1584.5449510800538,153,1409.200145309236,4,1500.0,0
2026-09-29,MA49,Rui Machado,1620.3012130864888,374,1566.1600482424078,58,1615.425458849963,306,1254.0348533137324,7,1352.662598946224,2
2026-09-29,RH62,Mats Rosenkranz,1619.9921575454857,79,1580.8652956814656,56,1435.383183982408,18,1452.7998965926254,3,1524.500173138191,2
2026-09-29,Q948,Gianluigi Quinzi,1619.761093950046,172,1499.7254759169919,32,1620.0140249101455,138,1362.5794343414905,2,1500.0,0
2026-09-29,SP24,Brayden Schnur,1619.3269056655768,236,1574.2045408015792,202,1573.1077395641998,14,1535.6944286564985,20,1500.0,0
2026-09-29,D556,Brian Dabul,1619.284063598745,327,1675.0004149016818,116,1590.7500597532367,196,1462.4661179373695,8,1500.0,0
2026-09-29,F436,Ian Flanagan,1619.2461583571803,6,1500.0,0,1500.0,0,1605.2074443961565,6,1500.0,0
2026-09-29,J290,Scoville Jenkins,1619.2268496042082,184,1598.5689476424461,139,1658.2346313200942,35,1411.9466637810344,6,1436.289931764595,4
2026-09-29,104021,Brian Wilson,1619.2129407397426,2,1619.2129407397426,2,1500.0,0,1500.0,0,1500.0,0
2026-09-29,E0DD,Justin Engel,1619.1400909731592,83,1597.5787017213993,44,1550.234282485359,33,1565.1524782486815,6,1500.0,0
2026-09-29,T948,Matteo Trevisan,1619.0015227946824,97,1490.5273671122825,12,1595.555775309713,83,1500.0,0,1407.3176930873115,2
2026-09-29,N503,Aleksandr Nedovyesov,1618.9757422394641,405,1564.1656431324009,214,1653.237964278317,169,1470.544852384125,16,1518.0878519877149,3
2026-09-29,E160,Konstantinos Economidis,1618.926463650825,221,1569.051217637967,70,1673.9937471905603,138,1314.095412879847,5,1306.4774555783515,8
2026-09-29,M0NB,Aidan Mayo,1618.8980091851959,121,1604.3212782795363,98,1452.2633110087927,18,1466.967643119687,5,1500.0,0
2026-09-29,104259,Florian Mayer,1618.8099769856467,8,1572.6231552336963,6,1608.2383098367482,2,1500.0,0,1500.0,0
2026-09-29,PH78,Ryan Peniston,1618.4229059375887,212,1561.3695061929918,138,1491.3284405043942,31,1512.324415056226,42,1500.0,0
2026-09-29,F433,Franco Ferreiro,1618.3295228204456,214,1489.271226358233,62,1634.6251310522546,142,1422.5459367554886,4,1500.0,0
2026-09-29,ME64,Saketh Myneni,1618.2935724953484,185,1589.4000593379074,158,1553.612420549877,16,1438.9556900211164,10,1480.8341175105363,1
2026-09-29,A0G7,Valerio Aboian,1618.237874124093,84,1397.1846512420977,2,1603.8695221952169,82,1500.0,0,1500.0,0
2026-09-29,HF80,Hady Habib,1618.2193275207194,128,1571.6402036471477,47,1660.4045634404513,74,1504.638793767297,3,1500.0,0
2026-09-29,104022,Lukasz Kubot,1618.204808674275,3,1500.0,0,1606.329500683071,3,1500.0,0,1500.0,0
2026-09-29,F525,Robert Farah,1617.8318004000075,136,1589.339219991261,61,1656.2061422693141,71,1496.8857027849272,4,1500.0,0
2026-09-29,105884,Yannick Hanfmann,1617.7962231802144,2,1500.0,0,1607.7018959237048,2,1500.0,0,1500.0,0
2026-09-29,G483,Juan-Pablo Guzman,1617.7463191107788,251,1495.034392792721,28,1647.1278639979053,217,1331.785234049639,2,1500.0,0
2026-09-29,W857,Tung-Lin Wu,1617.4195171195213,306,1573.2710646075818,261,1625.2353274830868,41,1387.7529340508208,4,1500.0,0
2026-09-29,ME89,Illya Marchenko,1616.6237514695883,760,1611.2025903083775,591,1491.192179689616,92,1497.1179172479756,68,1603.0177708514964,6
2026-09-29,SI23,Carl Sundberg,1616.3552922884783,2,1567.9758356823204,1,1565.6631951100942,1,1500.0,0,1500.0,0
2026-09-29,SK67,Jan Satral,1616.2994532786347,134,1561.353002139133,44,1595.7220982298322,87,1405.4262256018621,3,1500.0,0
2026-09-29,V258,Martin Vassallo Arguello,1616.2234239345062,480,1481.3560879536947,51,1639.172480883863,416,1446.5124594047998,7,1454.1784308374301,3
2026-09-29,Y070,Michael Yani,1616.1548258945206,260,1606.5500977593185,200,1549.637266468009,38,1572.9497119895539,17,1500.0,0
2026-09-29,B0TP,Henry Bernet,1615.8202232685387,35,1532.85412288001,12,1582.798312611608,23,1500.0,0,1500.0,0
2026-09-29,L733,Zhe Li,1615.7313219066637,228,1587.220131103795,205,1403.7134058790064,13,1413.4581254953628,5,1500.0,0
2026-09-29,MF36,Miloslav Mecir,1615.5356547858207,120,1587.2675451574294,45,1552.8035879327858,62,1596.5653356936705,9,1536.4107264250583,4
2026-09-29,C0AJ,Jie Cui,1615.319692917865,78,1591.2946977602662,75,1410.9980898766694,2,1500.0,0,1500.0,0
2026-09-29,RG88,Ricardo Rodriguez,1615.306426646831,2,1500.0,0,1500.0,0,1500.0,0,1500.0,0
2026-09-29,M0X8,Freddy Murray,1615.306426646831,2,1565.6631951100942,1,1565.6631951100942,1,1500.0,0,1500.0,0
2026-09-29,V201,John van Lottum,1615.1650932438265,208,1644.3822446282156,119,1553.9241674083487,48,1457.5984342740342,12,1639.8159111581276,26
2026-09-29,T0CN,Tiago Torres,1615.0578394369284,13,1551.6221381682867,7,1565.5050976739542,6,1500.0,0,1500.0,0
2026-09-29,GB53,Federico Gaio,1614.9944186105788,443,1524.8787618906124,155,1628.066362722488,269,1462.9304394808946,14,1428.4425627058686,1
2026-09-29,P395,Alexander Popp,1614.9549910703572,189,1521.008159938726,68,1339.1802557467715,43,1685.0366420721948,38,1655.022015175404,39
2026-09-29,R931,Patrik Rosenholm,1614.6785581691993,35,1602.5555079756198,18,1476.842395688279,16,1500.0,0,1500.0,0
2026-09-29,M836,Dominik Meffert,1614.5934566420863,347,1547.0228521243328,139,1630.7583804387314,143,1493.975703609038,20,1693.3844688028855,43
2026-09-29,A0AB,Adrian Andreev,1614.0959583784775,180,1541.8641088033414,74,1612.824734577721,99,1338.4428695679994,2,1460.4141398827235,1
2026-09-29,P735,Lars Poerschke,1613.4616387322474,19,1512.8395120517591,9,1662.1390066554525,10,1500.0,0,1500.0,0
2026-09-29,105373,Aljaz Bedene,1613.4002408159638,2,1561.395087427938,1,1555.81371584358,1,1500.0,0,1500.0,0
2026-09-29,104613,Jesse Huta Galung,1613.2729895191067,2,1500.0,0,1607.7018959237048,2,1500.0,0,1500.0,0
2026-09-29,V207,Jiri Vanek,1612.7413999390303,565,1507.331010170518,117,1621.1638131081754,413,1318.8333915646692,9,1443.8033535038278,21
2026-09-29,E768,Antoine Escoffier,1612.648601911943,246,1599.9754283836314,221,1308.8650535731222,17,1346.5185510295403,7,1440.9031244009152,1
2026-09-29,T0BW,James Trotter,1612.4226719261217,111,1576.9923538027633,97,1639.1693319837013,8,1468.675490575905,6,1500.0,0
2026-09-29,CH05,Altug Celikbilek,1612.0865167304617,206,1582.172309709497,153,1447.0263448086948,26,1522.343952909811,16,1500.0,0
2026-09-29,CL82,Daniel Cukierman,1612.081922901521,46,1585.5970321957607,25,1591.9585340433441,17,1500.0,0,1500.0,0
2026-09-29,G288,Neville Godwin,1612.0360299243894,109,1613.1157985473208,58,1541.7193621941176,4,1570.410890866989,24,1566.7953765894035,19
2026-09-29,A0M2,Yannick Theodor Alexandrescou,1612.0040066636964,8,1500.0,0,1580.1649866152409,8,1500.0,0,1500.0,0
2026-09-29,W373,Jimmy Wang,1611.8380458819563,513,1558.7338702435309,391,1273.515663305303,17,1691.7048139080487,58,1654.124256537983,47
2026-09-29,H472,Oscar Hernandez,1611.7599493288756,527,1549.1110070340226,46,1635.3834525798475,466,1239.1110642901892,11,1500.0,0
2026-09-29,V0DI,Samuel Vincent Ruggeri,1611.6718000206747,56,1551.172449925717,21,1564.4509840869198,35,1500.0,0,1500.0,0
2026-09-29,TC95,Johan Tatlot,1611.6071846960895,60,1488.0701611978823,17,1582.9759508106351,43,1500.0,0,1500.0,0
2026-09-29,N233,Dick Norman,1611.563164651313,414,1613.1297646034002,161,1507.9453933764787,148,1568.0919677139325,28,1550.9546253649562,77
2026-09-29,D424,Rik De Voest,1611.4850049646313,593,1613.5754867910118,485,1412.040131340812,45,1541.7224888291407,50,1486.217693443558,8
2026-09-29,E224,Victor Estrella Burgos,1611.4456182187853,498,1568.1963692035413,199,1664.558787899132,267,1462.6010143967248,25,1500.0,0
2026-09-29,P642,Boris Pashanski,1611.4443279342038,513,1365.8131612090383,58,1627.3612948881646,438,1482.2289852323072,6,1517.6776757557336,7
2026-09-29,B929,Alex Bogdanovic,1611.3585658368886,443,1608.3204464709236,277,1434.2947388177608,28,1503.9961934805265,91,1631.7154292310731,42
2026-09-29,103287,Christophe Rochus,1611.2722071132005,2,1500.0,0,1611.2722071132005,2,1500.0,0,1500.0,0
2026-09-29,B0OV,Petr Brunclik,1611.257035384045,56,1613.7162639425328,24,1537.5145540215763,32,1500.0,0,1500.0,0
2026-09-29,104656,Pablo Cuevas,1611.044136583822,2,1500.0,0,1607.5583791059432,2,1500.0,0,1500.0,0
2026-09-29,BD59,Carsten Ball,1610.9846936132444,180,1587.841134437878,150,1622.829030613329,23,1296.1354649450268,4,1500.0,0
2026-09-29,MN70,Joao Menezes,1610.6452393441114,126,1554.0665437206922,43,1557.0997465221126,80,1450.5393658057687,3,1500.0,0
2026-09-29,N0D9,Jakub Nicod,1610.5882604249905,23,1531.8601353195504,3,1562.2623837227404,20,1500.0,0,1500.0,0
2026-09-29,V247,Robin Vik,1610.2461629391403,276,1618.255831674738,110,1617.762460463879,114,1400.7796106963485,13,1563.8644436252546,36
2026-09-29,105153,Jun-Chao Xu,1610.2412228016747,2,1611.1504551568992,2,1500.0,0,1500.0,0,1500.0,0
2026-09-29,105554,Guido Pella,1610.2341294761434,4,1500.0,0,1642.1292402539998,3,1444.18628415642,1,1500.0,0
2026-09-29,L0IP,Jack Loutit,1610.1794669709236,6,1586.1348982544766,6,1500.0,0,1500.0,0,1500.0,0
2026-09-29,BA77,Arnau Brugues-Davi,1609.7964973402597,120,1680.3202157983426,75,1439.4046872619897,40,1406.3834341236825,4,1500.0,0
2026-09-29,B0LL,Viacheslav Bielinskyi,1609.5966601586615,4,1474.518797019633,2,1560.8126957188147,1,1500.0,0,1500.0,0
2026-09-29,V717,Alexey Vatutin,1609.567301357457,335,1560.9157701412323,165,1555.9020168297895,162,1390.2197942262683,4,1479.4265435093298,1
2026-09-29,C361,Alex Calatrava,1609.1999154341595,337,1396.1926575933223,68,1615.5405706074878,255,1454.7219257827321,7,1495.2741830978607,7
2026-09-29,DG97,Artem Dubrivnyy,1609.186630805331,18,1575.2236174694356,15,1485.3218258055986,3,1500.0,0,1500.0,0
2026-09-29,D864,Evgeny Donskoy,1609.060655860224,789,1581.699968722393,548,1565.7661286793525,186,1480.0563198797872,42,1559.9198413503764,8
2026-09-29,K0BJ,Georgii Kravchenko,1608.8211520009154,30,1586.5479004351882,8,1544.0121741058051,22,1500.0,0,1500.0,0
2026-09-29,BA53,Jamie Baker,1608.7088256489008,214,1542.7833950839422,164,1544.076678268898,12,1528.7441844169568,35,1376.787952293842,3
2026-09-29,KE64,Stefan Kozlov,1608.6533488943885,401,1570.7447537234457,290,1559.7483801175651,73,1510.8928259542365,35,1500.0,0
2026-09-29,F0A4,Francesco Forti,1608.3731363970917,96,1542.420808786076,14,1569.0597211546574,81,1500.0,0,1500.0,0
2026-09-29,T0IL,Kriish Tyagi,1608.3419050733285,6,1592.4297166273188,6,1500.0,0,1500.0,0,1500.0,0
2026-09-29,I145,Kyu Tae Im,1608.2911738231128,146,1599.3614191911768,127,1399.111846854784,10,1358.9153777562212,3,1426.4122997676711,6
2026-09-29,F0BT,Jonas Forejtek,1608.2740532101795,141,1533.4324398640679,43,1588.0476851282315,94,1408.0795736197176,2,1485.0425617066808,2
2026-09-29,GA94,Prajnesh Gunneswaran,1607.9508105057118,279,1595.6124607465335,221,1480.6657144678727,42,1360.519826938904,16,1500.0,0
2026-09-29,W270,Wayne Wong,1607.7098974551623,13,1607.073042332059,13,1500.0,0,1500.0,0,1500.0,0
2026-09-29,103247,Jean-Claude Scherrer,1607.7018959237048,2,1607.7018959237048,2,1500.0,0,1500.0,0,1500.0,0
2026-09-29,N0DR,Bryce Nakashima Nakashima,1607.6448508665858,4,1586.6636638180037,4,1500.0,0,1500.0,0,1500.0,0
2026-09-29,CM79,Baptiste Crepatte,1607.4747639748912,33,1614.2763137851657,28,1458.7571435162702,5,1500.0,0,1500.0,0
2026-09-29,V303,Brian Vahaly,1607.4107387557988,186,1609.7742174567236,151,1472.8030523002178,19,1411.4140486330411,11,1500.0,0
2026-09-29,104162,Gilles Muller,1607.4097479027407,4,1605.4537345493384,4,1500.0,0,1500.0,0,1500.0,0
2026-09-29,P233,Jared Palmer,1607.203361747635,4,1619.3342760541386,3,1500.0,0,1431.7203100689844,1,1500.0,0
2026-09-29,102543,Joseph Sirianni,1607.1562081002999,2,1607.7018959237048,2,1500.0,0,1500.0,0,1500.0,0
2026-09-29,J214,Diego Junqueira,1607.0911624612027,408,1530.5625833694455,24,1606.2920353868615,378,1454.4564553601767,1,1500.0,0
2026-09-29,D981,Arthur De Greef,1607.0337922009064,271,1517.368423326102,49,1646.086867615506,218,1337.5198754203675,4,1500.0,0
2026-09-29,FC26,Evan Furness,1606.830698451685,139,1596.308708701566,74,1571.9153443243117,60,1425.5205713483435,1,1500.0,0
2026-09-29,P567,Filip Prpic,1606.7703339574489,205,1589.2903933553669,139,1499.892992076128,53,1502.124354729557,6,1405.7599126647215,7
2026-09-29,104327,Michal Przysiezny,1606.3745217047654,2,1500.0,0,1500.0,0,1607.7018959237048,2,1500.0,0
2026-09-29,P0B2,Luca Potenza,1606.045782336253,35,1575.8070125192041,27,1435.5199090585497,8,1500.0,0,1500.0,0
2026-09-29,K771,Marsel Ilhan,1606.011710480599,529,1629.6458297361785,345,1572.109058595513,138,1469.329094502195,35,1475.5971181970294,5
2026-09-29,M0E1,Daniel Michalski,1605.9135399393276,139,1667.2260850915095,37,1511.1477902514905,102,1500.0,0,1500.0,0
2026-09-29,B0LQ,Petr Bar Biryukov,1605.614115970706,64,1629.9371528867296,55,1452.6911556828336,7,1425.5973888102596,2,1500.0,0
2026-09-29,M0NP,Andres Martin,1605.389617865141,109,1600.1299560915315,95,1459.9760954560645,14,1500.0,0,1500.0,0
2026-09-29,SQ48,Ryan Shane,1605.272331316184,39,1624.8498661413207,33,1405.7465509630988,5,1500.0,0,1500.0,0
2026-09-29,BT45,William Blumberg,1605.120078008449,26,1530.8577125455533,19,1500.0,0,1548.9166941678714,7,1500.0,0
2026-09-29,H0BF,Philip Henning,1604.8170886276403,51,1605.006946755289,39,1465.5601348633309,12,1500.0,0,1500.0,0
2026-09-29,P372,Mariano Puerta,1604.2784390800418,389,1562.1917659999,40,1630.2896482965018,330,1310.9322280905428,3,1461.965875068144,12
2026-09-29,105936,Renzo Olivo,1604.2084069166215,2,1561.395087427938,1,1555.81371584358,1,1500.0,0,1500.0,0
2026-09-29,M0GB,Alex Martinez,1603.4392008288023,26,1526.5668366228872,14,1628.2947560925693,12,1500.0,0,1500.0,0
2026-09-29,W254,Peter Wessels,1603.3085050212044,280,1634.7006132043907,132,1539.4089544194264,80,1611.5277487515398,33,1527.317094767066,35
2026-09-29,Z419,Bernabe Zapata Miralles,1603.2348286164836,406,1540.731633604529,136,1612.906190789067,253,1528.5321908803023,17,1500.0,0
2026-09-29,CC32,Guilherme Clezar,1602.9699153943525,424,1545.769816075138,87,1594.0456290656102,327,1223.4585511562464,4,1500.0,0
2026-09-29,C0AZ,Antoine Cornut-Chauvinc,1602.9298851919202,32,1580.5552004043773,22,1469.002570760982,10,1500.0,0,1500.0,0
2026-09-29,A09U,Nicolas Alvarez Varona,1602.9054699133594,130,1680.388613864512,57,1474.7317821879685,72,1500.0,0,1500.0,0
2026-09-29,N291,Frederic Niemeyer,1602.836325527351,267,1601.743330846792,182,1502.7660651050417,31,1558.7633438091466,23,1598.6959490372085,31
2026-09-29,L439,Irakli Labadze,1602.8255769714476,346,1476.6393424633693,101,1677.085914416556,206,1517.9933389765677,16,1395.857688886403,21
2026-09-29,G0IW,Antoine Ghibaudo,1602.6281220558342,62,1546.5538671646204,44,1581.3554859732217,10,1503.0607253700093,8,1500.0,0
2026-09-29,DH46,Alexander Donski,1602.6237662281587,35,1659.4997628865294,19,1447.14938950825,16,1500.0,0,1500.0,0
2026-09-29,SE66,Eduardo Schwank,1602.5720722602575,328,1518.8611760310391,73,1623.2532588508623,242,1268.036326167997,9,1500.0,0
2026-09-29,CG07,Hernan Casanova,1601.779467253962,205,1423.7697042550888,6,1590.8391271988387,198,1450.9541576998397,1,1500.0,0
2026-09-29,104434,Frank Dancevic,1601.732638964031,3,1472.09314207821,1,1500.0,0,1607.7018959237048,2,1500.0,0
2026-09-29,M0RX,Kenta Miyoshi,1601.613822530623,32,1576.436709048702,28,1567.2324933817945,4,1500.0,0,1500.0,0
2026-09-29,P0GN,Tom Paris,1601.4021545573223,39,1611.2770626516592,22,1484.1560233240475,17,1500.0,0,1500.0,0
2026-09-29,C968,Marco Crugnola,1601.296999947811,237,1584.9277361710872,55,1577.7116943203382,162,1612.3033122679974,10,1383.21006577506,6
2026-09-29,J284,G.D. Jones,1601.1758157802544,20,1583.192950357862,20,1500.0,0,1500.0,0,1500.0,0
2026-09-29,C0I4,Tibo Colson,1601.1640961531957,29,1512.8775254646102,22,1530.0964707302767,7,1500.0,0,1500.0,0
2026-09-29,G319,Jerome Golmard,1601.0439212436454,193,1636.703970408521,107,1570.5137937726745,59,1418.9126596541912,12,1627.091415720567,15
2026-09-29,HA28,Filip Horansky,1600.997385256867,239,1610.1870573866179,84,1586.8193538284238,142,1297.3437996378946,8,1440.9031244009152,1
2026-09-29,V206,Julien Varlet,1600.7823236066715,72,1626.1868525234536,31,1536.735452668241,36,1500.0,0,1611.441308334971,5
2026-09-29,W0C4,Edward Winter,1600.7159023834597,52,1552.056224695349,49,1500.0,0,1557.2966198425197,3,1500.0,0
2026-09-29,M0HD,Alan Magadan,1600.7119292136176,29,1575.4776509449653,20,1528.3703770813097,9,1500.0,0,1500.0,0
2026-09-29,V09T,Pedro Vives Marcos,1600.6376968101379,14,1494.2951935885076,5,1565.3268714703563,9,1500.0,0,1500.0,0
2026-09-29,A0JW,Joaquin Aguilar Cardozo,1600.5585973611146,30,1425.2490803056082,1,1600.632993079623,29,1500.0,0,1500.0,0
2026-09-29,K436,Dieter Kindlmann,1600.4909832302383,307,1607.037155432602,107,1562.2777925845546,138,1561.801600676473,6,1596.4674440968336,54
2026-09-29,C252,Francisco Clavet,1600.2487469601906,158,1597.0976247723063,82,1510.279702930243,66,1453.9022045329425,7,1354.3515489007264,3
2026-09-29,105007,Ryan Sweeting,1600.19623276724,2,1598.8417789202863,2,1500.0,0,1500.0,0,1500.0,0
2026-09-29,103071,Mounir El Aarej,1600.1394289999798,2,1500.0,0,1607.7018959237048,2,1500.0,0,1500.0,0
2026-09-29,R364,Bjorn Rehnquist,1600.1148500188049,294,1593.511181293315,211,1555.337925243811,36,1621.9716091208552,12,1490.733631586589,27
2026-09-29,F0HO,Thomas Faurel,1600.0240298946017,42,1558.3555167532354,7,1524.6319227665879,35,1500.0,0,1500.0,0
2026-09-29,104193,Stephane Bohli,1600.010961502856,4,1609.3169308143367,4,1500.0,0,1500.0,0,1500.0,0
2026-09-29,T0DM,Juan Bautista Torres,1599.889867860548,203,1433.5033062197506,4,1569.7228881685562,199,1500.0,0,1500.0,0
2026-09-29,102524,Joseph Sirianni,1599.642713923772,4,1670.5737470872566,3,1444.18628415642,1,1500.0,0,1500.0,0
2026-09-29,K0CJ,Sandro Kopp,1599.4731709531054,84,1421.4035825871717,11,1582.7250454343434,71,1506.7460669613456,2,1500.0,0
2026-09-29,105011,Igor Sijsling,1599.4373023355083,2,1555.81371584358,1,1555.81371584358,1,1500.0,0,1500.0,0
2026-09-29,L0OA,Jordan Lee,1599.389130850666,2,1589.0478116810434,2,1500.0,0,1500.0,0,1500.0,0
2026-09-29,D272,Antony Dupuis,1599.1972243081939,353,1522.0890813899375,172,1538.5767549961095,78,1632.3740296576948,68,1603.9722861780501,35
2026-09-29,MF57,Michael McClune,1599.0055475622594,114,1573.0231427530812,107,1443.2056511040016,3,1449.7076959509495,3,1435.5885832548222,1
2026-09-29,PL39,Alfredo Perez,1598.7557589810212,44,1508.6360495218705,33,1628.2023339667696,11,1500.0,0,1500.0,0
2026-09-29,I230,Tatsuma Ito,1598.5804760687604,690,1578.8596118926644,540,1341.249871458239,33,1515.4811257301653,68,1786.4926660589508,46
2026-09-29,E830,Eduard Esteve Lobato,1598.385441411911,27,1457.4043333857842,1,1614.3538875669242,26,1500.0,0,1500.0,0
2026-09-29,D616,Somdev Devvarman,1598.3720261656656,420,1573.3562961852995,314,1628.808588413257,74,1355.5922037475063,25,1429.3098259763615,1
2026-09-29,P0D0,Jakub Paul,1598.1080929090947,57,1529.1396653802224,35,1535.4676848173297,22,1500.0,0,1500.0,0
2026-09-29,MK40,Benjamin Mitchell,1598.089904828813,156,1554.427792102851,132,1354.3548770125426,4,1413.8135500136698,11,1537.202834769297,9
2026-09-29,K776,Konstantin Kravchuk,1597.9872697066949,512,1565.0037774200207,389,1418.611646156339,54,1525.1295371696249,34,1774.921790571209,32
2026-09-29,MI08,Javier Marti,1597.7067080955344,163,1583.8900765019955,19,1588.2431614189886,138,1525.0602772312538,6,1500.0,0
2026-09-29,MB53,Adrian Menendez-Maceiras,1597.660219837788,674,1594.3296960092507,418,1557.2933726881738,213,1476.7253709475592,34,1500.0,0
2026-09-29,LF26,Orlando Luz,1597.5883999013818,132,1398.6426360994187,10,1598.6807465330155,121,1453.5206583565457,1,1500.0,0
2026-09-29,M0AC,Rudolf Molleker,1597.5826223358533,245,1550.2158092525628,62,1573.6210826442386,167,1445.9315869835555,11,1590.3734791655502,4
2026-09-29,O210,Colin O'Brien,1597.4634921424188,7,1578.9569697073646,3,1558.0956620015943,1,1500.0516142961917,2,1444.054856047675,1
2026-09-29,103630,Justin O'Neal,1597.2554683547107,4,1603.0044857519629,4,1500.0,0,1500.0,0,1500.0,0
2026-09-29,PB22,Peter Polansky,1597.0236611815355,638,1604.1532973312087,441,1471.629835593695,155,1417.3219196904947,31,1681.80325636933,7
2026-09-29,N0AL,Govind Nanda,1596.9665415413415,63,1576.2844726847468,58,1481.3972210126276,4,1500.0,0,1500.0,0
2026-09-29,G753,David Guez,1596.9373458095722,466,1578.2588834866385,269,1497.8593682199594,182,1336.604072003483,6,1279.6725954517945,5
2026-09-29,104527,Brian Baker,1596.7798347617206,2,1500.0,0,1500.0,0,1587.738592983201,2,1500.0,0
2026-09-29,B397,Byron Black,1596.4652701108132,93,1522.1503869756773,59,1351.7845528671298,6,1696.0295706089678,25,1301.2667050831897,3
2026-09-29,G372,Stefano Galvani,1596.4500634432413,444,1586.9854313083597,100,1573.473629130512,293,1510.2452672496388,15,1671.1749936216738,34
2026-09-29,F620,Nikolai Fidirko,1595.9547291810509,4,1589.917846664544,4,1500.0,0,1500.0,0,1500.0,0
2026-09-29,T911,Peter Torebko,1595.8352116304238,135,1441.7226041930332,38,1617.275341139834,85,1471.4986285106115,7,1568.7939067084933,4
2026-09-29,M0NA,Shunsuke Mitsui,1595.7842183283235,4,1574.9238836090624,4,1500.0,0,1500.0,0,1500.0,0
2026-09-29,C856,Victor Crivoi,1595.6663333729214,355,1473.2482341417342,34,1598.1207440335572,299,1244.036606371244,8,1360.5300626764006,4
2026-09-29,MH15,Joshua Milton,1595.581208257423,76,1511.0870721291287,44,1448.4994515193512,1,1490.9506255875274,28,1513.8866759703278,2
2026-09-29,MM66,Nikola Milojevic,1595.319608487788,346,1607.4551098980733,173,1568.75368913239,164,1421.6896146989636,8,1500.0,0
2026-09-29,MA17,Daniel Monedero,1595.228374954223,3,1595.3434803056875,3,1500.0,0,1500.0,0,1500.0,0
2026-09-29,103328,Yuri Schukin,1595.1584604540453,2,1500.0,0,1551.6162621710073,1,1555.81371584358,1,1500.0,0
2026-09-29,L257,Todd Larkham,1595.0426836405263,58,1520.477288852579,12,1650.965730488769,34,1457.2036285949273,5,1442.3748556999394,1
2026-09-29,103813,Jarkko Nieminen,1594.5972935570296,9,1444.18628415642,1,1622.993760441463,8,1500.0,0,1500.0,0
2026-09-29,K596,Alexander Kudryavtsev,1594.4862305561603,520,1590.2195486479325,424,1344.2090980154621,41,1536.0340419544916,25,1603.0982207755585,27
2026-09-29,104884,Ervin Eleskovic,1594.4711841575524,2,1500.0,0,1600.1394289999798,2,1500.0,0,1500.0,0
2026-09-29,O327,Guillermo Olaso,1594.4318877937517,162,1544.5286769308418,49,1578.1552741313856,108,1498.2224906044466,4,1500.0,0
2026-09-29,A438,Andrew Anderson,1594.0589583319988,27,1599.0727233850887,22,1500.0,0,1472.161543286578,4,1500.0,0
2026-09-29,D0HM,Matthew William Donald,1593.837753793316,7,1432.882981096244,1,1603.05238248337,6,1500.0,0,1500.0,0
2026-09-29,W136,Todd Woodbridge,1593.7932087831516,48,1586.942682012283,25,1322.6395761343797,6,1660.2984611762597,13,1615.1822950788442,4
2026-09-29,R612,Stephane Robert,1593.7140030713401,617,1532.1501035149201,266,1654.9414667286987,311,1669.4772470840808,31,1637.959577324177,7
2026-09-29,N109,Diego Nargiso,1593.5719475260237,27,1584.0317721754436,6,1639.3677884400013,14,1500.0,0,1557.1918775393606,7
2026-09-29,S0DL,Ryan Seggerman,1593.2155433987743,42,1433.343455039843,27,1707.6893394845379,15,1500.0,0,1500.0,0
2026-09-29,M0YD,William Manning,1592.6627626162335,3,1577.0567347315896,3,1500.0,0,1500.0,0,1500.0,0
2026-09-29,MW76,Matteo Martineau,1592.605883796572,225,1606.832474097658,129,1451.8664340157911,89,1461.6469204831183,6,1500.0,0
2026-09-29,C556,Carlos Cuadrado,1592.4853779327382,59,1500.0,0,1591.4053620546006,59,1500.0,0,1500.0,0
2026-09-29,O0AI,Dusan Obradovic,1592.3389056645747,7,1500.0,0,1579.9357427636578,7,1500.0,0,1500.0,0
2026-09-29,P0CY,Stefan Palosi,1591.7607353733636,27,1500.0,0,1575.6198196178325,27,1500.0,0,1500.0,0
2026-09-29,E873,Ernesto Escobedo,1591.6867424919308,345,1590.987567953794,251,1501.276857086699,62,1383.4780882631387,21,1500.0,0
2026-09-29,104696,Woong-Sun Jun,1591.5816654894575,2,1591.5816654894575,2,1500.0,0,1500.0,0,1500.0,0
2026-09-29,R0JH,Pedro Rodrigues,1591.4429346718757,7,1500.0,0,1581.2318001702083,7,1500.0,0,1500.0,0
2026-09-29,P468,Luben Pampoulov,1591.4406166255328,8,1454.0465557575178,5,1500.0,0,1500.0,0,1593.6909627333162,3
2026-09-29,S944,Simon Stadler,1591.134304981129,301,1607.6582572689401,169,1490.2777243440307,64,1634.8450251426834,33,1580.5211015727677,32
2026-09-29,105126,Antonio Veic,1590.8829535327902,2,1500.0,0,1607.7018959237048,2,1500.0,0,1500.0,0
2026-09-29,D617,Ryler DeHeart,1590.6840020737056,125,1544.0879311352512,99,1520.3439709100576,15,1468.126682680063,3,1500.0,0
2026-09-29,A0O1,Michael Antonius,1590.5281837073207,3,1558.4432379544255,2,1459.193503431389,1,1500.0,0,1500.0,0
2026-09-29,P0DR,Andrea Picchione,1590.2869397955678,28,1491.3609960852293,2,1568.833358160474,26,1500.0,0,1500.0,0
2026-09-29,V576,Michael Venus,1589.7857974542335,132,1540.0037678116407,110,1593.0974697835945,17,1432.1424548925734,4,1429.0743395486106,1
2026-09-29,G09C,Marek Gengel,1589.6343523078283,103,1562.9971849963085,89,1322.4599782456157,12,1430.864898746659,2,1500.0,0
2026-09-29,I330,Shintaro Imai,1589.5658922036407,35,1559.8878291694655,34,1500.0,0,1500.0,0,1476.7495722273693,1
2026-09-29,MA38,Jan Mertl,1589.4874758147052,416,1589.9048643345936,181,1519.898915929198,186,1388.1498613647186,10,1609.7666160827591,38
2026-09-29,M915,Daniel Munoz de la Nava,1589.4848733353097,580,1668.8239852877693,98,1570.2843998766255,464,1441.1450622087227,12,1500.0,0
2026-09-29,T166,Mikael Tillstrom,1589.1695504087077,41,1584.7672166979014,26,1596.5517595634292,13,1326.348335253713,2,1500.0,0
2026-09-29,AA27,Franco Agamenone,1589.0439313316133,234,1449.875313072912,25,1561.141682996252,205,1319.5030465981545,3,1500.0,0
2026-09-29,S0CG,Carlos Sanchez Jover,1588.8159484837056,91,1377.7615128422126,5,1569.2096801283647,86,1500.0,0,1500.0,0
2026-09-29,BF45,Charles-Antoine Brezac,1588.5991258908814,59,1540.5822067678564,38,1564.4151809460661,14,1521.7517513931707,6,1430.0788361121524,1
2026-09-29,S0HR,Kasidit Samrej,1588.454960302372,59,1555.698287574353,57,1500.0,0,1500.0,0,1500.0,0
2026-09-29,SE20,Thomas Schoeck,1588.3932400524845,3,1524.6835470998758,2,1500.0,0,1555.81371584358,1,1500.0,0
2026-09-29,105051,Santiago Giraldo,1588.214078079987,14,1603.466444600163,10,1545.941527865669,3,1453.0761252990844,1,1500.0,0
2026-09-29,T982,Tsung-Hua Yang,1588.024947437182,346,1551.107527114919,263,1573.8547194862974,66,1315.9716724943607,4,1474.0656306453864,11
2026-09-29,V821,Gonzalo Villanueva,1587.973973295711,198,1410.387408417186,19,1573.9354714454394,179,1500.0,0,1500.0,0
2026-09-29,SQ80,Akira Santillan,1587.6771933006673,245,1562.5526959160438,178,1491.1406517275332,54,1419.5153713906764,11,1500.0,0
2026-09-29,M0KA,Yanaki Milev,1587.3751848662648,21,1425.1334269412484,2,1576.491462910887,19,1500.0,0,1500.0,0
2026-09-29,H437,Jakub Herm-Zahlava,1587.2645764481024,110,1565.148210859045,19,1636.1786011373545,58,1500.0,0,1496.2022789782066,30
2026-09-29,A09Q,Mert Alkaya,1586.9969149890258,38,1546.2625968479097,28,1554.4902732575217,8,1510.3193044741083,2,1500.0,0
2026-09-29,K0EU,Toby Kodat,1586.878149636338,52,1458.7911978778957,11,1521.9525384564286,38,1500.0,0,1500.0,0
2026-09-29,RH96,Jean-Jacques Rakotohasy,1586.0951869949668,2,1500.0,0,1565.6631951100942,1,1500.0,0,1500.0,0
2026-09-29,K0CZ,Gilbert Klier Junior,1586.0022204923955,28,1583.5795051650798,11,1444.366126740851,17,1500.0,0,1500.0,0
2026-09-29,SE69,Ivan Sergeyev,1585.8912165668567,189,1563.0950575448333,82,1587.4039970773215,102,1500.0,0,1493.4986268413002,2
2026-09-29,C274,Michael Chang,1585.8837041674283,165,1583.3803300844083,118,1467.5225371636755,26,1565.9324215862139,17,1540.034584485598,4
2026-09-29,HA71,Antoine Hoang,1585.7582040051116,215,1520.1125208305275,137,1560.7506818756317,58,1687.7522277268915,18,1500.0,0
2026-09-29,M0I3,Sylvestre Monnou,1585.6528064178146,2,1584.5205796792868,2,1500.0,0,1500.0,0,1500.0,0
2026-09-29,P0HP,Lukas Pokorny,1585.5807710347306,32,1519.625185388465,16,1473.156507991474,13,1549.4037571625897,3,1500.0,0
2026-09-29,104719,Marcel Granollers,1585.1545507425797,6,1561.395087427938,1,1551.9204249124703,5,1500.0,0,1500.0,0
2026-09-29,105101,Alexandre Sidorenko,1585.0143279054653,3,1572.3569722995937,3,1500.0,0,1500.0,0,1500.0,0
2026-09-29,V490,Matteo Viola,1584.7288516413187,499,1577.4556608314606,227,1473.114307060937,245,1459.2019947142735,17,1548.5969316753653,8
2026-09-29,P488,Olivier Patience,1584.4655570473867,419,1479.7546727958625,72,1627.506951663917,322,1389.8976603174754,14,1334.3820255824517,4
2026-09-29,S544,Vincent Spadea,1584.4644819422454,558,1559.200155586318,382,1615.4277128507795,102,1581.3398981203152,52,1524.5434452020093,21
2026-09-29,LD22,Nam Hoang Ly,1584.3796068108027,59,1569.9961154890366,50,1402.1297974802583,5,1500.0,0,1500.0,0
2026-09-29,G935,Sergio Gutierrez-Ferrol,1584.3696008533816,132,1414.583503923353,24,1662.666260415091,104,1308.5592488805735,3,1500.0,0
2026-09-29,O133,Noam Okun,1584.177733702133,390,1566.909279736308,301,1433.1941196802052,38,1570.9785125410542,23,1472.3494130155482,16
2026-09-29,N670,Hugo Nys,1584.1338020684468,67,1453.340802622032,40,1602.450912824417,27,1500.0,0,1500.0,0
2026-09-29,S0YI,Zach Stephens,1584.1276433026658,4,1567.6805504675733,4,1500.0,0,1500.0,0,1500.0,0
2026-09-29,W0BU,Olle Wallin,1584.0857676743576,38,1483.7970192149517,18,1571.9783152077853,20,1500.0,0,1500.0,0
2026-09-29,DA67,Matteo Donati,1583.9566581069364,225,1459.1985628243249,56,1602.053175759239,162,1463.0656102704356,5,1500.0,0
2026-09-29,Z074,Tomas Zib,1583.8807484383105,456,1613.6168231015636,163,1523.7317391037573,236,1558.9539669008916,20,1553.8336438035496,36
2026-09-29,106415,Yoshihito Nishioka,1583.862666342276,1,1581.9689046655044,1,1500.0,0,1500.0,0,1500.0,0
2026-09-29,V0DX,Bautista Vilicich,1583.7524716125638,5,1500.0,0,1576.0022338339943,5,1500.0,0,1500.0,0
2026-09-29,111575,Nicolas Jarry,1583.72057376537,1,1500.0,0,1583.72057376537,1,1500.0,0,1500.0,0
2026-09-29,105739,Karim-Mohamed Maamoun,1583.72057376537,1,1583.72057376537,1,1500.0,0,1500.0,0,1500.0,0
2026-09-29,PD31,Benoit Paire,1583.4945772518765,897,1556.047064125942,479,1653.0951807562394,360,1609.1490268653818,57,1500.0,0
2026-09-29,102283,Albert Portas,1583.3092042071098,3,1500.0,0,1583.3092042071098,3,1500.0,0,1500.0,0
2026-09-29,M0R4,Juan Cruz Martin Manzano,1583.1630465056421,21,1500.0,0,1565.0628392941826,21,1500.0,0,1500.0,0
2026-09-29,CA22,Pavol Cervenak,1583.140362335868,249,1453.3565973375703,59,1604.652020632075,182,1301.7224968673818,5,1395.2186683933733,2
2026-09-29,SF36,Igor Sijsling,1583.047576314079,504,1581.8667319006179,284,1607.7758849099391,140,1656.0453375907564,52,1788.235152108832,19
2026-09-29,W630,Andrew Whittington,1583.0450040995183,120,1523.881499206778,86,1516.1095904976944,18,1568.0368206969913,12,1500.0,0
2026-09-29,G806,Andrey Golubev,1582.9446707185111,601,1607.3050772335043,338,1600.081244266814,232,1339.946098750263,19,1686.0411647345582,9
2026-09-29,D0FA,Yassine Dlimi,1582.9122737983093,6,1599.020871662592,4,1516.323905460635,2,1500.0,0,1500.0,0
2026-09-29,GA71,Laurynas Grigelis,1582.897775587689,250,1515.0190830369536,165,1572.1010076954933,66,1426.6767395810896,11,1592.6758152486193,6
2026-09-29,G783,Julien Gely,1582.8392073792697,3,1500.0,0,1583.5168922534253,3,1500.0,0,1500.0,0
2026-09-29,I236,Uladzimir Ignatik,1582.604345094254,491,1560.0598382321584,271,1553.907762859592,184,1394.141057550473,10,1653.485368525313,24
2026-09-29,MF78,Marek Michalicka,1582.5621938719562,82,1473.211898714057,26,1606.297276005657,55,1410.1204350509415,1,1500.0,0
2026-09-29,S0XE,Alejo Sanchez Quilez,1582.3454655416795,24,1599.271853588105,12,1464.3245535079825,12,1500.0,0,1500.0,0
2026-09-29,G717,Fred Gil,1581.9849075345664,474,1660.1321340364386,116,1565.5956196369173,341,1393.0648172782935,12,1490.5946158769839,2
2026-09-29,V311,Roman Valent,1581.931015617632,60,1585.9291357488462,30,1476.2016992872225,20,1600.201406792451,3,1484.8732888771783,7
2026-09-29,AD23,Oliver Anderson,1581.9280291250054,12,1555.6159097489067,12,1500.0,0,1500.0,0,1500.0,0
2026-09-29,M0QK,Loann Massard,1581.6370898763992,9,1551.1128113144555,9,1500.0,0,1500.0,0,1500.0,0
2026-09-29,GA36,Emilio Gomez,1581.5583736332032,412,1636.5960134680463,239,1452.7513567494236,164,1324.692939042478,7,1500.0,0
2026-09-29,N555,Daniel Nguyen,1581.5159590017995,121,1557.2568327252336,107,1463.700210824483,6,1470.5693582368165,5,1500.0,0
2026-09-29,MH16,Yannick Maden,1581.3394660156368,248,1579.4706676584324,154,1630.2563665485766,77,1564.4750050653681,15,1500.0,0
2026-09-29,KJ00,Alex Knaff,1581.2687717672022,20,1537.9219805408327,12,1473.1677638389897,6,1500.0,0,1500.0,0
2026-09-29,GK24,Luca Giacomini,1581.1802085834086,10,1526.865967495762,4,1528.9573840064977,6,1500.0,0,1500.0,0
2026-09-29,G681,Teymuraz Gabashvili,1580.8558857181663,929,1609.5464002075973,482,1564.4950869012453,393,1497.578821965465,31,1556.3781912310678,20
2026-09-29,K872,Andrei Karatchenia,1580.7943520120978,7,1613.6263755770963,6,1428.2119189459054,1,1500.0,0,1500.0,0
2026-09-29,K981,Hyun-Joon Kim,1580.731748065495,7,1584.6831537392193,6,1457.2811232810925,1,1500.0,0,1500.0,0
2026-09-29,104441,Erling Tveit,1580.6855836124228,1,1500.0,0,1555.81371584358,1,1500.0,0,1500.0,0
2026-09-29,N0BE,Adam Neff,1580.6568469920921,5,1553.2020452451459,5,1500.0,0,1500.0,0,1500.0,0
2026-09-29,104419,Hyun-Woo Nam,1580.3470691599541,2,1580.5561829413782,2,1500.0,0,1500.0,0,1500.0,0
2026-09-29,CC54,Nikola Cacic,1580.2509050308406,40,1513.1692658646514,6,1586.363041693964,33,1500.0,0,1416.8841015863727,1
2026-09-29,H223,Paul Haarhuis,1580.068321361646,1,1500.0,0,1565.2917382518917,1,1500.0,0,1500.0,0
2026-09-29,Z0AB,Alexey Zakharov,1580.0620359850911,38,1477.076868882381,28,1681.362210466035,10,1500.0,0,1500.0,0
2026-09-29,105060,Ruben Bemelmans,1579.8141317475956,3,1560.100532355863,3,1500.0,0,1500.0,0,1500.0,0
2026-09-29,D750,Kenny De Schepper,1579.4129193319877,541,1552.7563005705988,321,1556.2283243557986,156,1543.2178800677848,63,1500.0,0
2026-09-29,103511,Aisam-Ul-Haq Qureshi,1579.344132439667,1,1500.0,0,1500.0,0,1555.81371584358,1,1500.0,0
2026-09-29,G531,Mohammad Ghareeb,1579.335389870647,75,1555.2151496040367,55,1558.6564489980758,19,1500.0,0,1500.0,0
2026-09-29,U024,Kevin Ullyett,1579.0665902334267,33,1508.8634211847477,26,1500.0,0,1500.0,0,1600.8692884631962,7
2026-09-29,V220,Jan Vacek,1579.047041358689,327,1563.4696477720775,132,1457.5078656168328,99,1685.116278484137,55,1468.858529876998,40
2026-09-29,P418,Jean-Michel Pequery,1578.969993033861,76,1539.001228699526,48,1542.9878988623004,13,1545.2431180299188,7,1596.2351232170522,8
2026-09-29,R0HK,Filippo Romano,1578.6259058537532,37,1743.8453450382085,9,1402.452402545708,19,1575.5665122290723,9,1500.0,0
2026-09-29,A410,Thiago Alves,1578.595183921967,461,1577.3859815210244,241,1620.7778363292082,195,1465.254588800452,12,1500.0,0
2026-09-29,R399,Andy Ram,1578.5778467541822,107,1594.5768163256193,75,1458.7375200910801,4,1618.7661559743551,20,1421.5727195562506,4
2026-09-29,E655,Reda El Amrani,1578.001810450494,87,1469.7068875291793,7,1586.7913890050195,75,1500.0,0,1401.0268888891587,2
2026-09-29,MF09,Nikola Mektic,1577.9950479070178,248,1512.0704845300718,109,1592.1440587609284,122,1423.6489499434447,11,1368.318465133297,6
2026-09-29,O0BR,Daniil Ostapenkov,1577.8694261888272,11,1470.800479923534,6,1635.1064085284356,5,1500.0,0,1500.0,0
2026-09-29,KB92,Kevin Krawietz,1577.7533990251932,153,1517.784411664854,51,1533.823205380106,85,1457.7901018354676,9,1446.5213277899495,7
2026-09-29,T200,Mehdi Tahiri,1577.7095646324015,31,1622.1230431642598,8,1494.1001202396696,19,1493.7068515103447,1,1491.5516136147112,3
2026-09-29,104933,Kenny De Schepper,1577.5848103764372,1,1551.580630591773,1,1500.0,0,1500.0,0,1500.0,0
2026-09-29,V620,Agustin Velotti,1577.35315169907,262,1548.0887607702118,72,1548.5654999887308,185,1450.7004275787165,5,1500.0,0
2026-09-29,SX81,Carl Soderlund,1577.3360850448976,16,1550.1249939369102,5,1535.9273375454343,11,1500.0,0,1500.0,0
2026-09-29,K0HG,Milos Karol,1577.2242628841404,36,1485.0480267903015,12,1533.3026146694137,21,1498.2438321344446,2,1500.0,0
2026-09-29,105293,Sergio Gutierrez-Ferrol,1577.1567801774584,1,1500.0,0,1555.81371584358,1,1500.0,0,1500.0,0
2026-09-29,S842,Andrea Stoppini,1577.1456151369898,218,1570.5798915846142,118,1514.0712674330966,66,1536.980992469596,11,1419.8593559417407,22
2026-09-29,SK97,Yaraslav Shyla,1576.8943280618405,44,1581.7573945365616,41,1397.6376226661253,3,1500.0,0,1500.0,0
2026-09-29,S0Y0,Andres Santamarta Roig,1576.850954678636,18,1500.0,0,1525.8070579986197,18,1500.0,0,1500.0,0
2026-09-29,R758,Sebastian Rieschick,1576.4062203380429,127,1597.896418202295,75,1428.1006185898352,30,1366.3354236536104,4,1550.875827993235,17
2026-09-29,E141,Werner Eschauer,1576.2511438341714,359,1476.1969303509982,53,1619.3127876877356,280,1482.5463638730264,3,1325.3165671316146,19
2026-09-29,104764,Andrey Kumantsov,1576.036691599614,4,1636.8010211728497,3,1444.18628415642,1,1500.0,0,1500.0,0
2026-09-29,C834,Juan Sebastian Cabal,1576.0039691050094,158,1365.2580889668916,35,1630.0152666535405,116,1461.5045836488937,5,1500.0,0
2026-09-29,MO55,Lucas Miedler,1575.9421773831864,169,1538.7348475223375,102,1544.4713455151652,60,1361.4613708863806,2,1500.0,0
2026-09-29,N437,Gianluca Naso,1575.8183014877184,350,1449.5655590141025,32,1564.7115802531769,311,1374.8773354437576,4,1372.1630466433492,3
2026-09-29,V379,Izak Van der Merwe,1575.743639667474,272,1499.1879735942023,213,1499.0653707237768,23,1698.3272225924622,28,1388.353535830521,4
2026-09-29,F383,Mikhail Filima,1575.7329926350722,11,1619.104328945425,7,1387.6029544059904,2,1500.0,0,1565.5040097653352,1
2026-09-29,PG20,Dmitry Popko,1575.6928726116473,399,1605.8730331893098,168,1520.30171808864,228,1329.593410074761,3,1500.0,0
2026-09-29,P0FY,Alessandro Pecci,1575.6592598920276,5,1500.0,0,1572.6888583020877,5,1500.0,0,1500.0,0
2026-09-29,M0NJ,Lui Maxted,1575.4221008868474,14,1552.7736058657713,9,1500.0,0,1483.0463347853774,5,1500.0,0
2026-09-29,Q941,Roberto Quiroz,1575.355414257967,267,1564.3482345079447,143,1520.0619442560692,111,1503.6240618846089,9,1500.0,0
2026-09-29,G892,Alejandro Gonzalez,1575.3530549061256,460,1608.8788892398968,153,1534.973289617715,300,1377.050935383639,6,1500.0,0
2026-09-29,B0I6,Samir Banerjee,1575.2771387474343,15,1557.7546042556621,14,1500.0,0,1500.0,0,1500.0,0
2026-09-29,104731,Tobias Kamke,1575.2722492402359,6,1638.411672617844,5,1500.0,0,1438.604912572062,1,1500.0,0
2026-09-29,BP41,Antoine Bellier,1575.0172125269924,112,1528.488189385483,68,1441.6139353745255,26,1545.380570183011,11,1712.9036655020334,6
2026-09-29,PB37,Hans Podlipnik-Castillo,1574.9871703135796,178,1283.5042642813241,17,1587.3226368526082,155,1349.262352345179,3,1500.0,0
2026-09-29,W217,Glenn Weiner,1574.9400229264397,190,1569.48930802415,172,1419.7354078103192,7,1485.382778756987,11,1500.0,0
2026-09-29,P398,Arvind Parmar,1574.6406838610592,259,1560.2502236525222,123,1518.1708285323207,16,1524.3830249557045,62,1558.3305566931992,51
2026-09-29,D385,Benedikt Dorsch,1574.5844405401126,188,1636.3336235868408,134,1391.337295471573,39,1343.8336245674504,6,1620.0328113543553,9
2026-09-29,V167,Johan Van Herck,1574.498673986403,30,1500.0,0,1663.7487761856175,21,1500.0,0,1502.5624546506544,9
2026-09-29,LF59,Chien-hsun Lo,1574.4542079483897,8,1598.4729597907963,7,1422.8984255893297,1,1500.0,0,1500.0,0
2026-09-29,I306,Cem Ilkel,1574.326317668387,306,1571.8066877072538,229,1439.26525060872,57,1298.2570173197,10,1500.0,0
2026-09-29,103808,Phillip King,1574.0628927704415,3,1622.98078936352,2,1500.0,0,1500.0,0,1444.18628415642,1
2026-09-29,AA55,Bruno Abdel Nour,1573.9466654828186,1,1574.0103565455986,1,1500.0,0,1500.0,0,1500.0,0
2026-09-29,H680,Omar Hedayet,1573.8370165852734,3,1500.0,0,1550.6017141900022,3,1500.0,0,1500.0,0
2026-09-29,M475,Andrei Medvedev,1573.6011338400513,68,1491.4131775657572,19,1627.786014680381,42,1366.3266187988597,4,1560.3388697426187,3
2026-09-29,L0C1,Carlos Lopez Montagud,1573.5697839213653,29,1500.0,0,1551.6756557315007,27,1500.0,0,1500.0,0
2026-09-29,K371,Roko Karanusic,1573.4942657442566,395,1592.1558845543602,161,1514.486928918008,166,1629.693715354088,17,1688.4424137271885,45
2026-09-29,N652,JiSung Nam,1573.4447923569555,88,1536.5748286680052,83,1428.9686220910542,2,1565.6631951100942,1,1527.7955511808727,2
2026-09-29,J09X,Filip Cristian Jianu,1573.4065829508222,231,1462.9518844082138,43,1543.8537650660555,180,1329.3354292292584,4,1500.0,0
2026-09-29,V161,Juan Albert Viloca-Puig,1573.2450647281805,115,1466.0245089849793,21,1610.043969937406,89,1500.0,0,1443.5606082912477,1
2026-09-29,105658,Jerzy Janowicz,1573.1449542934838,4,1500.0,0,1573.259326242417,4,1500.0,0,1500.0,0
2026-09-29,W579,Alexander Ward,1573.134291936139,102,1469.3495813725876,47,1587.5852923855123,31,1458.3872779789924,20,1456.8231846505453,1
2026-09-29,V298,Cristian Villagran,1572.841129208448,138,1410.4904378596275,8,1566.1284932255392,127,1348.5273429776116,2,1500.0,0
2026-09-29,L941,Michael Linzer,1572.7751553531614,112,1381.677301677055,3,1572.1654675546633,109,1500.0,0,1500.0,0
2026-09-29,C0JV,Lorenzo Claverie,1572.7581238135626,8,1479.4112493719022,1,1578.4462084647605,7,1500.0,0,1500.0,0
2026-09-29,B0BU,Florent Bax,1572.673883370307,56,1561.192162265355,36,1536.867968063693,19,1447.6516772136247,1,1500.0,0
2026-09-29,PL69,Kody Pearson,1572.5017372719144,4,1549.3079280527309,4,1500.0,0,1500.0,0,1500.0,0
2026-09-29,TB84,Clay Thompson,1572.2544581702616,14,1562.9304349096224,13,1500.0,0,1460.340076034828,1,1500.0,0
2026-09-29,K870,Daniel Kumlin,1572.2291862642767,3,1500.0,0,1555.3691261114059,3,1500.0,0,1500.0,0
2026-09-29,RD96,Aljaz Radinski,1572.1992770405084,6,1535.2840828925155,6,1500.0,0,1500.0,0,1500.0,0
2026-09-29,A622,Andrea Arnaboldi,1572.1465054653165,653,1502.638618434565,222,1579.3651209862799,405,1574.883934864874,15,1548.2510441590102,11
2026-09-29,P0I6,Gabriele Piraino,1572.1459754317182,47,1401.910312777048,7,1566.943317577565,40,1500.0,0,1500.0,0
2026-09-29,103758,Benjamin Becker,1572.1195540694268,7,1576.699103443637,5,1500.0,0,1500.0,0,1503.9255357634552,2
2026-09-29,D551,Farrukh Dustov,1572.015173746886,439,1612.2232816115984,233,1533.2879384075354,155,1489.6331499450696,28,1551.1139181535468,23
2026-09-29,L523,Michael Lammer,1571.9480330637996,325,1505.3323897080732,154,1551.8179631363314,154,1338.0633394903755,6,1477.626489557927,9
2026-09-29,C400,Gregory Carraz,1571.868041061102,232,1565.7302419519724,144,1380.3694444291514,15,1485.1571369032295,29,1581.0207446513916,43
2026-09-29,102839,Ramon Delgado,1571.7835483334254,6,1555.81371584358,1,1584.1342978083078,4,1444.18628415642,1,1500.0,0
2026-09-29,H0EB,Hunter Heck,1571.6673224484562,7,1560.9383448468946,7,1500.0,0,1500.0,0,1500.0,0
2026-09-29,103506,Alun Jones,1571.6172712230389,4,1569.1843204539905,4,1500.0,0,1500.0,0,1500.0,0
2026-09-29,R852,Clement Reix,1571.466535502163,54,1555.9449822754395,46,1422.3259347751102,7,1453.4911222623211,1,1500.0,0
2026-09-29,103429,Peter Luczak,1571.4631395721497,9,1542.4790366346203,5,1574.3775194003408,4,1500.0,0,1500.0,0
2026-09-29,T228,Nicolas Thomann,1571.1360469981753,205,1589.5551612892955,90,1494.1384405254903,81,1442.8536665856416,6,1524.695492562707,28
2026-09-29,W471,Amir Weintraub,1571.0808364264328,264,1570.2678490460567,227,1496.9624024769805,19,1272.2798605011355,14,1538.7220375953318,4
2026-09-29,G810,Ruben Gonzales,1570.9591786129283,23,1400.2047940744583,10,1572.6377285114947,11,1500.0,0,1500.0,0
2026-09-29,M640,Olivier Mutis,1570.8284584460434,190,1518.3129346266599,44,1635.2376975802254,120,1439.0600540632745,5,1491.0142465043507,21
2026-09-29,SL07,Alexander Sarkissian,1570.5192841162193,168,1535.3602375063188,158,1408.616777629639,5,1322.0158824456387,4,1500.0,0
2026-09-29,D357,Arnaud Di Pasquale,1570.4619078417177,174,1456.6260913267151,49,1588.195403889118,120,1511.8165193673774,2,1350.5975175134154,2
2026-09-29,K668,Sascha Kloer,1570.3992126248527,16,1623.0540628806818,4,1516.534408684082,9,1496.883971092953,2,1500.0,0
2026-09-29,B414,Iztok Bozic,1570.3613651125204,7,1625.1949525821701,2,1493.996919214711,5,1500.0,0,1500.0,0
2026-09-29,D916,Steven Diez,1570.342645072618,400,1499.112127998675,171,1577.9365462345022,215,1344.6586364140132,12,1500.0,0
2026-09-29,R628,Laurent Recouderc,1570.2994178025444,266,1578.41637547841,115,1550.8043979068177,144,1500.0,0,1566.3634255663103,4
2026-09-29,SJ61,Riccardo Sinicropi,1569.9511822959182,4,1500.0,0,1564.0617300925471,4,1500.0,0,1500.0,0
2026-09-29,B428,Alberto Berasategui,1569.9112169909777,49,1308.7171098885678,8,1595.0401980575573,40,1427.243730258773,1,1500.0,0
2026-09-29,A09T,Dan Added,1569.8707220691738,139,1562.59260981729,111,1465.5637385835012,27,1414.6344943785493,1,1500.0,0
2026-09-29,104873,Gianluca Naso,1569.865851611493,3,1500.0,0,1570.2858705553122,3,1500.0,0,1500.0,0
2026-09-29,105952,Lewis Burton,1569.81915508975,1,1500.0,0,1500.0,0,1555.81371584358,1,1500.0,0
2026-09-29,BU54,Geoffrey Blancaneaux,1569.780655938655,347,1575.170493474586,146,1559.1226760856732,195,1335.2244899789198,6,1500.0,0
2026-09-29,104999,Mischa Zverev,1569.767144804475,1,1569.767144804475,1,1500.0,0,1500.0,0,1500.0,0
2026-09-29,105223,Juan Martin del Potro,1569.767144804475,1,1500.0,0,1569.767144804475,1,1500.0,0,1500.0,0
2026-09-29,W286,Kasper Warming,1569.7126004771928,1,1500.0,0,1577.1312056428571,1,1500.0,0,1500.0,0
2026-09-29,E678,Jonathan Eysseric,1569.5931418460225,227,1409.7953675916297,82,1619.8252495128127,140,1331.804926842291,5,1500.0,0
2026-09-29,S876,Flavio Saretta,1569.500881394958,376,1580.6003977091814,111,1583.080871405914,243,1493.7055484297077,12,1518.8982080604048,7
2026-09-29,T296,Gabriel Trujillo-Soler,1569.475611093291,129,1523.3105406183472,5,1556.5825492968543,119,1391.6876615465462,2,1500.0,0
2026-09-29,D198,Slava Dosedel,1569.4375295599991,74,1473.4944452652358,34,1558.398768719807,33,1583.5134419328926,4,1341.803686904454,3
2026-09-29,S713,Franz Stauder,1569.4288956101163,9,1500.0,0,1450.5463732612,1,1560.5618378302024,3,1566.1912492406589,5
2026-09-29,SG64,Joao Souza,1569.277902763266,654,1534.2451675778673,121,1589.4804218000359,520,1253.5825814254326,4,1500.0,0
2026-09-29,O0BE,Oleksandr Ovcharenko,1568.9555399849844,21,1546.0484279326884,10,1524.6219234146588,10,1500.0,0,1500.0,0
2026-09-29,W749,Enzo Wallart,1568.951728401355,4,1563.1340647985653,4,1500.0,0,1500.0,0,1500.0,0
2026-09-29,F0DH,Ari Fahresi,1568.6841829598968,1,1566.7781159182077,1,1500.0,0,1500.0,0,1500.0,0
2026-09-29,A0KQ,Izan Almazan Valiente,1568.446759763415,11,1470.8555196054126,5,1549.9756981822652,6,1500.0,0,1500.0,0
2026-09-29,W571,Di Wu,1568.415306899781,319,1534.0267531467107,269,1500.0754129416798,36,1329.4245967274867,7,1440.118854044734,2
2026-09-29,S480,Davide Sanguinetti,1568.3417931524698,444,1639.0441109568933,231,1533.0106028168375,113,1483.903147932687,48,1534.0798469272377,52
2026-09-29,T999,Maxime Teixeira,1568.1497724279725,207,1554.6718999542254,93,1535.4909414219085,109,1486.9066949760913,5,1500.0,0
2026-09-29,R060,Francisco Rodriguez,1568.1215574273315,17,1468.6011947196941,5,1615.5753583821834,12,1500.0,0,1500.0,0
2026-09-29,B545,Tomas Behrend,1568.0696178404248,347,1448.8292289290837,65,1625.6773341552723,262,1275.2672499989724,4,1556.6066584642106,9
2026-09-29,GC34,Diego Galeano,1567.8622797191351,15,1526.5698721725303,4,1583.5449427626963,11,1500.0,0,1500.0,0
2026-09-29,F0CJ,Gianmarco Ferrari,1567.416758654911,39,1478.5676848899989,8,1535.463138030353,31,1500.0,0,1500.0,0
2026-09-29,GD84,Andre Gaspar Murta,1567.3902984720312,8,1500.0,0,1555.4855603620636,8,1500.0,0,1500.0,0
2026-09-29,M776,Michal Mertinak,1567.2960347305404,239,1543.3834259152554,94,1597.52421460911,114,1362.9158979296108,11,1579.3367934796001,20
2026-09-29,B0QC,Gilles Arnaud Bailly,1567.2113760514776,70,1623.8387119531203,29,1501.24430117862,40,1393.1232680324224,1,1500.0,0
2026-09-29,J0FU,Andrew Johnson,1567.2087217582189,4,1558.6526296792588,3,1453.7370362221975,1,1500.0,0,1500.0,0
2026-09-29,P235,Stefano Pescosolido,1567.0280015178455,126,1581.0227293592097,51,1512.4275864153635,37,1494.9835555139543,6,1569.6843018042255,32
2026-09-29,H0M1,Keaton Hance,1566.981528098005,2,1561.1372463526263,2,1500.0,0,1500.0,0,1500.0,0
2026-09-29,W483,Boy Westerhof,1566.812677951224,119,1351.2367009177415,24,1568.7972801762967,88,1419.5361786535047,4,1483.76632164701,1
2026-09-29,B0C0,Adrian Boitan,1566.7287715190357,54,1515.2400130814794,19,1565.2609934406228,35,1500.0,0,1500.0,0
2026-09-29,K266,Hideki Kaneko,1566.6041155492287,3,1500.0,0,1500.0,0,1500.0,0,1566.0951996545255,3
2026-09-29,G166,Jhonson Garcia,1566.5960856012655,31,1486.4777579158754,14,1599.8936970994557,17,1500.0,0,1500.0,0
2026-09-29,104421,Martin Vilarrubi,1566.251548235689,10,1615.306426646831,2,1553.9530418410923,8,1500.0,0,1500.0,0
2026-09-29,S0NN,Joshua Sheehy,1566.1919149539867,13,1573.3870415374734,6,1457.8510473685556,7,1500.0,0,1500.0,0
2026-09-29,S0BA,Luigi Sorrentino,1566.1455401650928,2,1500.0,0,1537.3101811642005,2,1500.0,0,1500.0,0
2026-09-29,105577,Uladzimir Ignatik,1566.0003158394845,3,1500.0,0,1503.9255357634552,2,1561.395087427938,1,1500.0,0
2026-09-29,R583,Todd Reid,1565.6721067300414,63,1621.1145434355951,45,1409.9068288098144,5,1408.1809438263026,10,1544.1247006417238,3
2026-09-29,E0E8,Mustapha El Natour,1565.6631951100942,1,1500.0,0,1565.6631951100942,1,1500.0,0,1500.0,0
2026-09-29,A495,Jao Ayoub,1565.6631951100942,1,1565.6631951100942,1,1500.0,0,1500.0,0,1500.0,0
2026-09-29,BU24,Skyler Butts,1565.6631951100942,1,1565.6631951100942,1,1500.0,0,1500.0,0,1500.0,0
2026-09-29,V231,Coenie Van Wyk,1565.6631951100942,1,1565.6631951100942,1,1500.0,0,1500.0,0,1500.0,0
2026-09-29,E0AY,Ammar Elamin,1565.6631951100942,1,1565.6631951100942,1,1500.0,0,1500.0,0,1500.0,0
2026-09-29,H583,Laurent Hild,1565.6631951100942,1,1500.0,0,1565.6631951100942,1,1500.0,0,1500.0,0
2026-09-29,F0AG,Edris Fetisleam,1565.6631951100942,1,1565.6631951100942,1,1500.0,0,1500.0,0,1500.0,0
2026-09-29,B0VR,Benedict Badza,1565.6631951100942,1,1565.6631951100942,1,1500.0,0,1500.0,0,1500.0,0
2026-09-29,S0B0,Johannes Seeman,1565.6631951100942,1,1500.0,0,1500.0,0,1500.0,0,1500.0,0
2026-09-29,KB14,Kevin King,1565.6296201403934,172,1524.224229901472,148,1449.2023073534856,14,1482.0379453719706,10,1500.0,0
2026-09-29,G254,Andrea Gaudenzi,1565.3720107958,164,1456.5260571780336,39,1614.8263241697805,112,1327.1568241966388,2,1356.5910518170149,11
2026-09-29,H256,Mauricio Hadad,1565.2976373498302,13,1481.642404216955,8,1567.8527878394132,5,1500.0,0,1500.0,0
2026-09-29,O0E1,Yuto Oki,1565.1924927735106,2,1550.6130875081776,2,1500.0,0,1500.0,0,1500.0,0
2026-09-29,S0V8,Ofek Shimanov,1564.8858203001926,2,1537.1954367178578,2,1500.0,0,1500.0,0,1500.0,0
2026-09-29,A0KU,Enzo Aguiard,1564.7971843267676,10,1555.7570821539282,10,1500.0,0,1500.0,0,1500.0,0
2026-09-29,A0AO,Alen Avidzba,1564.7502249679324,20,1606.4752376634272,11,1415.9005990774033,9,1500.0,0,1500.0,0
2026-09-29,BC28,Jose Bernard,1564.6546036875745,3,1565.6631951100942,1,1486.474125155118,2,1500.0,0,1500.0,0
2026-09-29,L334,Simon Larose,1564.3203647927883,71,1581.5783356271122,52,1379.2219063899643,13,1503.3938039642937,2,1595.8497678387855,4
2026-09-29,104330,Steve Darcis,1564.28858415288,1,1500.0,0,1572.5817683621224,1,1500.0,0,1500.0,0
2026-09-29,M0RE,Patrick Maloney,1564.2782570200363,35,1511.6911480000188,22,1553.1371301405416,10,1466.2829626585035,3,1500.0,0
2026-09-29,104745,Kevin Anderson,1564.2228629735919,3,1560.9005956587546,3,1500.0,0,1500.0,0,1500.0,0
2026-09-29,M09M,Ivan Marrero Curbelo,1564.1654100489131,24,1490.5520659140832,15,1588.0676323359683,9,1500.0,0,1500.0,0
2026-09-29,Z246,Miljan Zekic,1564.002974146795,208,1541.1311047734516,25,1548.0727300492074,180,1467.289858701932,3,1500.0,0
2026-09-29,H435,Jerome Haehnel,1563.9872874775308,205,1554.5472733657907,72,1601.2263361720015,113,1300.5022854849956,4,1512.7672400781453,16
2026-09-29,N317,Ryan Newport,1563.886894557032,10,1559.2644985921247,10,1500.0,0,1500.0,0,1500.0,0
2026-09-29,R280,Lionel Roux,1563.7392701763154,39,1543.7184539648383,38,1463.0820945501002,1,1500.0,0,1500.0,0
2026-09-29,103185,Peter Luczak,1563.7380468835725,1,1565.2865578331907,1,1500.0,0,1500.0,0,1500.0,0
2026-09-29,KD87,Evgeny Karlovskiy,1563.6599564288483,212,1539.7681349643879,150,1532.118632267772,54,1505.6163444724384,4,1440.9031244009152,1
2026-09-29,106093,Salvatore Caruso,1563.6484455452887,1,1500.0,0,1558.8975396019327,1,1500.0,0,1500.0,0
2026-09-29,L388,Andrei Luzgin,1563.5288905469874,6,1565.6631951100942,1,1500.0,0,1500.0,0,1514.8264697194797,5
2026-09-29,GG65,Michael Geerts,1563.5049654585432,226,1578.337703472502,136,1478.4003813032907,81,1348.610664804704,3,1383.8670805002491,2
2026-09-29,106252,Dennis Novak,1563.4827747994484,3,1595.1584604540453,2,1444.18628415642,1,1500.0,0,1500.0,0
2026-09-29,A0IK,Luciano Emanuel Ambrogi,1563.449675459706,80,1365.80079995128,3,1565.0026255484163,77,1500.0,0,1500.0,0
2026-09-29,B0QQ,Karim Bennani,1563.2982981993975,14,1566.4182363488312,7,1516.0525702935656,7,1500.0,0,1500.0,0
2026-09-29,N390,Frederik Nielsen,1562.8261167351452,314,1520.0952466907725,209,1582.81495914561,31,1461.9480183311134,37,1635.632039987385,30
2026-09-29,104312,Rogerio Dutra Silva,1562.7872562352495,5,1569.767144804475,1,1466.7374756645117,4,1500.0,0,1500.0,0
2026-09-29,P0FV,Filip Jeff Planinsek,1562.6932547775464,14,1551.7768318385217,1,1512.5994827278755,11,1472.8104898589636,2,1500.0,0
2026-09-29,B395,Michael Brown,1562.5093355400663,10,1566.2444116030092,6,1560.616052871908,4,1500.0,0,1500.0,0
2026-09-29,L09D,Aliaksandr Liaonenka,1562.4999961025069,3,1563.3810500988197,3,1500.0,0,1500.0,0,1500.0,0
2026-09-29,J737,Facundo Juarez,1562.4829524849022,47,1404.8736434063587,2,1555.3871558651404,45,1500.0,0,1500.0,0
2026-09-29,L430,Giovanni Lapentti,1562.384211539154,478,1561.1349569848971,216,1527.0736738636897,237,1448.4959272427152,22,1500.0,0
2026-09-29,U043,Danai Udomchoke,1562.375485008781,575,1589.25614143342,481,1429.6885207740472,21,1444.8382777486688,38,1492.1361802554775,34
2026-09-29,104631,Harshana Godamanna,1562.3016424800544,17,1548.7509763913074,6,1565.7067436221955,11,1500.0,0,1500.0,0
2026-09-29,BV27,Ulises Blanch,1562.2065291270303,159,1545.1478555131682,104,1526.143275614038,50,1476.5384973229657,2,1500.0,0
2026-09-29,K0A4,Vasil Kirkov,1562.15493760697,7,1539.8910016821935,7,1500.0,0,1500.0,0,1500.0,0
2026-09-29,S559,Dennis van Scheppingen,1562.090479763571,297,1606.0494027283114,116,1520.7811159252321,118,1317.0442506913041,12,1670.2522334244654,51
2026-09-29,BM55,Mantas Bugailiskis,1562.0616185913925,1,1561.5454500876094,1,1500.0,0,1500.0,0,1500.0,0
2026-09-29,PB08,Michael-Ray Pallares-Gonzalez,1561.9995032325753,1,1565.6631951100942,1,1500.0,0,1500.0,0,1500.0,0
2026-09-29,P0G0,Evgeny Philippov,1561.6781323553384,3,1565.7111573689547,3,1500.0,0,1500.0,0,1500.0,0
2026-09-29,D437,Andres Dellatorre,1561.644565704456,68,1479.5583626298878,14,1564.4493349774737,51,1500.0,0,1500.0,0
2026-09-29,N830,Johan Nikles,1561.5727151995275,73,1464.7616509904149,12,1554.1599184397517,61,1500.0,0,1500.0,0
2026-09-29,C0HX,Ozan Baris,1561.5244993752772,17,1537.1804945041617,16,1472.970909224383,1,1500.0,0,1500.0,0
2026-09-29,N349,Conor Niland,1561.4534104770116,215,1597.0335374235997,118,1495.6428608865072,51,1567.7807380283318,20,1420.3695921075114,25
2026-09-29,C0MH,Gerard Campana Lee,1561.4533029742722,70,1562.2812868826768,3,1501.1746399926737,67,1500.0,0,1500.0,0
2026-09-29,A943,Vasile Antonescu,1561.4515868026365,3,1500.0,0,1566.5081022944773,3,1500.0,0,1500.0,0
2026-09-29,104054,Jesse Witten,1561.395087427938,1,1561.395087427938,1,1500.0,0,1500.0,0,1500.0,0
2026-09-29,104659,Philipp Oswald,1561.395087427938,1,1500.0,0,1561.395087427938,1,1500.0,0,1500.0,0
2026-09-29,126207,Pedro Martinez,1561.395087427938,1,1500.0,0,1561.395087427938,1,1500.0,0,1500.0,0
2026-09-29,104792,Denis Istomin,1561.395087427938,1,1561.395087427938,1,1500.0,0,1500.0,0,1500.0,0
2026-09-29,104899,Pavol Cervenak,1561.395087427938,1,1500.0,0,1561.395087427938,1,1500.0,0,1500.0,0
2026-09-29,105992,Ryan Harrison,1561.395087427938,1,1561.395087427938,1,1500.0,0,1500.0,0,1500.0,0
2026-09-29,111465,Edan Leshem,1561.395087427938,1,1561.395087427938,1,1500.0,0,1500.0,0,1500.0,0
2026-09-29,DA89,Mate Delic,1560.956129528583,89,1458.7192180580319,21,1603.3150502523254,67,1417.346476561878,1,1500.0,0
2026-09-29,LD26,Edan Leshem,1560.821434148062,89,1498.6563406043215,77,1533.9916047555923,6,1502.996656918139,2,1500.0,0
2026-09-29,K379,Alex Kim,1560.5936527027761,108,1561.0736888106758,91,1516.0389247639814,14,1452.7680425187202,3,1500.0,0
2026-09-29,103484,James Blake,1560.517908360184,1,1561.854198090259,1,1500.0,0,1500.0,0,1500.0,0
2026-09-29,G414,Adrian Garcia,1560.5130580201012,301,1482.4065272677335,65,1578.2593499051063,231,1437.5971698834287,2,1486.5668421682221,1
2026-09-29,M0FN,Khololwam Montsi,1560.4406441208407,10,1528.5153326603065,10,1500.0,0,1500.0,0,1500.0,0
2026-09-29,LC11,Tristan Lamasine,1560.1738408589129,314,1606.8938791521343,153,1471.912753737378,153,1538.5878980870157,8,1500.0,0
2026-09-29,L0ID,Jack Loge,1560.1720693528512,6,1500.0,0,1532.8685918690983,6,1500.0,0,1500.0,0
2026-09-29,O305,Philipp Oswald,1560.1126587529627,151,1556.5590129107486,64,1492.1849143812294,64,1360.2666031478468,4,1429.339966473372,16
2026-09-29,S990,Tobias Summerer,1560.0687826337519,126,1546.459334811479,21,1536.3758283854067,73,1476.581235978776,1,1564.0986270017308,31
2026-09-29,R532,Michael Rubin,1560.0518515787967,5,1531.2333369167634,3,1500.0,0,1500.0,0,1522.0800135849006,2
2026-09-29,105156,Marc Meigel,1560.0431144033132,3,1500.0,0,1558.9165124905148,3,1500.0,0,1500.0,0
2026-09-29,KC51,Peter Kobelt,1560.0229964454888,12,1545.539633830317,10,1455.4658142974902,2,1500.0,0,1500.0,0
2026-09-29,V166,Adrian Voinea,1559.9469266844842,149,1599.8080826303399,56,1517.8221114600046,73,1474.008703809758,11,1491.0102615797223,9
2026-09-29,S709,Johan Settergren,1559.8302238458173,79,1489.0122033819785,28,1660.3934006508541,34,1500.0,0,1492.0941546706263,17
2026-09-29,L932,Jakub Lustyk,1559.7077521582362,2,1500.0,0,1558.8731292285674,2,1500.0,0,1500.0,0
2026-09-29,SI36,Eduardo Struvay,1559.6960882736373,137,1507.3519120648327,45,1577.0742767549698,88,1404.1451195921334,4,1500.0,0
2026-09-29,D422,Johan Du Randt,1559.614153796763,5,1531.94419134903,5,1500.0,0,1500.0,0,1500.0,0
2026-09-29,GF08,Clement Geens,1559.552399655414,30,1447.0509337313185,2,1527.6541437436144,28,1500.0,0,1500.0,0
2026-09-29,G426,Konstantin Don Gruber,1559.5195798569148,7,1561.4727699633133,6,1449.1780610451228,1,1500.0,0,1500.0,0
2026-09-29,G297,Oliver Gross,1559.2983317887126,129,1381.8339065135515,19,1601.5453031197644,105,1457.8346251704686,1,1489.306583853185,3
2026-09-29,KA00,Austin Krajicek,1559.1892779115215,268,1520.9253360363712,223,1539.7584636574425,21,1484.6062983935512,22,1540.9350693584163,2
2026-09-29,V278,Balazs Veress,1559.1666157072186,1,1563.7573509738374,1,1500.0,0,1500.0,0,1500.0,0
2026-09-29,M0WY,Luis Miguel,1559.0892723969218,21,1556.43079115878,6,1507.353808534524,15,1500.0,0,1500.0,0
2026-09-29,102221,Jeff Salzenstein,1558.9974648062835,3,1500.0,0,1500.0,0,1500.0,0,1558.9165124905148,3
2026-09-29,104186,Rainer Eitzinger,1558.9165124905148,3,1500.0,0,1558.9165124905148,3,1500.0,0,1500.0,0
2026-09-29,103494,Federico Luzzi,1558.9165124905148,3,1500.0,0,1500.0,0,1500.0,0,1558.9165124905148,3
2026-09-29,105152,Daniel Dutra da Silva,1558.8227066159272,3,1500.0,0,1558.9165124905148,3,1500.0,0,1500.0,0
2026-09-29,105041,Sam Groth,1558.6900322594586,3,1509.167372431753,2,1561.395087427938,1,1500.0,0,1500.0,0
2026-09-29,C0KH,Julio Cesar Porras,1558.6896841755038,2,1548.0128823731675,2,1500.0,0,1500.0,0,1500.0,0
2026-09-29,C585,Tomas Cakl,1558.6759677636273,209,1513.8888665975119,121,1552.6220508101064,64,1541.9476177228298,2,1627.1196879712747,22
2026-09-29,B0J8,Micah Braswell,1558.481748311712,20,1497.6561216216376,20,1500.0,0,1500.0,0,1500.0,0
2026-09-29,V0B2,Michael Vrbensky,1558.4656428953867,94,1565.8733469078816,20,1500.556385943284,73,1460.218010972873,1,1500.0,0
2026-09-29,104339,Andreas Seppi,1558.3325738823023,3,1558.3325738823023,3,1500.0,0,1500.0,0,1500.0,0
2026-09-29,102488,Tomas Behrend,1558.179070887687,5,1500.0,0,1555.8927005294283,5,1500.0,0,1500.0,0
2026-09-29,S877,Julio Silva,1557.9592759645468,424,1510.690863883451,112,1628.07383725838,302,1395.387805852135,4,1500.0,0
2026-09-29,M573,Lior Mor,1557.6720522190217,25,1582.6609735920456,23,1516.8387548498395,2,1500.0,0,1500.0,0
2026-09-29,105217,Thiemo de Bakker,1557.5137272600782,5,1557.0586801264412,5,1500.0,0,1500.0,0,1500.0,0
2026-09-29,H469,KJ Hippensteel,1557.4409330614544,82,1599.2806350740857,75,1418.710428759923,4,1346.8101626496446,3,1500.0,0
2026-09-29,BD45,Chris Brandi,1557.3810537734562,3,1554.5431444486278,3,1500.0,0,1500.0,0,1500.0,0
2026-09-29,Q019,Aisam-Ul-Haq Qureshi,1557.298805084577,297,1543.5404051367132,148,1514.1853483299346,29,1559.950622331262,92,1471.7304869728418,28
2026-09-29,MK26,Jules Marie,1557.2785608052907,101,1527.0469230788315,78,1470.0739435340383,19,1353.8761609721646,2,1500.0,0
2026-09-29,D487,Lukas Dlouhy,1557.091590778663,315,1541.5868802844977,142,1582.364948047817,124,1433.892445615527,15,1602.3991250546694,28
2026-09-29,103720,Thierry Ascione,1556.9866269398062,5,1500.0,0,1531.5079008079172,5,1500.0,0,1500.0,0
2026-09-29,R214,Marc Rosset,1556.8971072552388,227,1527.421772848801,78,1592.2669198527299,72,1535.8192358327422,18,1498.8173060718227,59
2026-09-29,N354,Luis Felipe Noriega,1556.7897220750936,2,1500.0,0,1550.9135836994074,2,1500.0,0,1500.0,0
2026-09-29,F392,Marcel Felder,1556.7868547005776,196,1444.2787078673634,70,1543.0054622733585,119,1524.6606809652549,4,1587.681420689274,3
2026-09-29,A373,James Auckland,1556.7421401893112,64,1559.6081595705894,45,1458.6075219582706,1,1426.630857515699,7,1551.3484359488095,9
2026-09-29,C476,Nicolas Coutelot,1556.598862493544,146,1495.8907113623252,11,1560.5756931664644,133,1359.410058634069,2,1500.0,0
2026-09-29,L751,Mik Ledvonova,1556.5631052844064,3,1517.9209497153067,2,1562.5424024271524,1,1500.0,0,1500.0,0
2026-09-29,105031,Jesse Levine,1556.4443058694105,1,1555.81371584358,1,1500.0,0,1500.0,0,1500.0,0
2026-09-29,C768,Lester Cook,1556.317456875478,136,1569.6802859967054,119,1348.375591494667,11,1392.1305895644903,1,1430.328601742871,4
2026-09-29,F192,Renzo Furlan,1556.2872047617864,126,1512.7509037737607,17,1544.1331450610708,103,1500.0,0,1530.7582828096636,6
2026-09-29,L836,Nick Lindahl,1556.1758592199421,158,1540.9046078915053,145,1430.2284437292992,9,1447.1559058240032,3,1476.4712169039879,1
2026-09-29,H984,Stephan Hoiss,1556.1026328409546,9,1500.0,0,1546.8274669528023,9,1500.0,0,1500.0,0
2026-09-29,J365,Petar Jelenic,1556.0990890220876,5,1553.4349166325658,4,1419.5910621296346,1,1500.0,0,1500.0,0
2026-09-29,A812,Juan-Samuel Arauzo-Martinez,1556.0381472737147,3,1500.0,0,1552.2196527319345,3,1500.0,0,1500.0,0
2026-09-29,Z151,Shao-Xuan Zeng,1555.939987022368,25,1581.0987504838552,23,1500.0,0,1500.0,0,1441.723849006748,2
2026-09-29,HB29,Andrew Harris,1555.8715211632416,92,1559.0997298014697,78,1410.8341727257166,8,1529.1132593089858,6,1500.0,0
2026-09-29,G550,Lorenzo Gonzalez,1555.8657106720464,1,1500.0,0,1556.3116481553743,1,1500.0,0,1500.0,0
2026-09-29,104334,Justin Diao Natale,1555.81371584358,1,1555.81371584358,1,1500.0,0,1500.0,0,1500.0,0
2026-09-29,106240,Joao Domingues,1555.81371584358,1,1500.0,0,1555.81371584358,1,1500.0,0,1500.0,0
2026-09-29,104415,Clinton Thomson,1555.81371584358,1,1500.0,0,1500.0,0,1555.81371584358,1,1500.0,0
2026-09-29,106014,Yuki Bhambri,1555.81371584358,1,1555.81371584358,1,1500.0,0,1500.0,0,1500.0,0
2026-09-29,103950,Juan Pablo Brzezicki,1555.81371584358,1,1500.0,0,1555.81371584358,1,1500.0,0,1500.0,0
2026-09-29,104495,Adrian Ungur,1555.81371584358,1,1500.0,0,1555.81371584358,1,1500.0,0,1500.0,0
2026-09-29,103914,David Guez,1555.81371584358,1,1555.81371584358,1,1500.0,0,1500.0,0,1500.0,0
2026-09-29,106064,Marco Cecchinato,1555.81371584358,1,1500.0,0,1555.81371584358,1,1500.0,0,1500.0,0
2026-09-29,104932,Carsten Ball,1555.81371584358,1,1555.81371584358,1,1500.0,0,1500.0,0,1500.0,0
2026-09-29,104337,Steve Darcis,1555.81371584358,1,1555.81371584358,1,1500.0,0,1500.0,0,1500.0,0
2026-09-29,S637,Jurek Stasiak,1555.81371584358,1,1500.0,0,1555.81371584358,1,1500.0,0,1500.0,0
2026-09-29,104657,Rupesh Roy,1555.81371584358,1,1555.81371584358,1,1500.0,0,1500.0,0,1500.0,0
2026-09-29,105502,Facundo Bagnis,1555.81371584358,1,1500.0,0,1555.81371584358,1,1500.0,0,1500.0,0
2026-09-29,105424,Michael McClune,1555.81371584358,1,1555.81371584358,1,1500.0,0,1500.0,0,1500.0,0
2026-09-29,126141,Sebastian Ofner,1555.81371584358,1,1500.0,0,1555.81371584358,1,1500.0,0,1500.0,0
2026-09-29,104865,Tom Rushby,1555.81371584358,1,1500.0,0,1500.0,0,1555.81371584358,1,1500.0,0
2026-09-29,105742,Christoph Lessiak,1555.81371584358,1,1500.0,0,1555.81371584358,1,1500.0,0,1500.0,0
2026-09-29,106031,Facundo Arguello,1555.81371584358,1,1500.0,0,1555.81371584358,1,1500.0,0,1500.0,0
2026-09-29,102436,Felix Mantilla,1555.81371584358,1,1500.0,0,1555.81371584358,1,1500.0,0,1500.0,0
2026-09-29,SP80,Nino Serdarusic,1555.740121612337,269,1552.7703431799396,90,1500.3541454896015,175,1363.7512389309334,2,1500.0,0
2026-09-29,K263,Julian Knowle,1555.5872870747633,211,1558.1321792409906,85,1444.2812137001627,42,1477.7462091205186,20,1518.4933650936382,64
2026-09-29,F627,Pietro Fanucci,1555.4840208262158,5,1500.0,0,1561.535497501923,5,1500.0,0,1500.0,0
2026-09-29,A0IY,Luis Carlos Alvarez,1555.4461534365623,20,1534.2836222435508,12,1526.785932560041,8,1500.0,0,1500.0,0
2026-09-29,V993,Eero Vasa,1555.3897481880101,34,1432.6432540667922,16,1537.021900647174,17,1500.0,0,1423.885969481884,1
2026-09-29,D0LY,Emilien Demanet,1555.2345812765966,9,1490.250767258563,1,1526.7097036028572,8,1500.0,0,1500.0,0
2026-09-29,B0IG,Aissa Benchakroun,1555.110672791789,1,1500.0,0,1565.6631951100942,1,1500.0,0,1500.0,0
2026-09-29,AB25,Gonzales Austin,1555.05758426774,6,1544.2207718413688,6,1500.0,0,1500.0,0,1500.0,0
2026-09-29,E212,Bruno Echagaray,1554.9088893335002,170,1616.1531164881355,87,1480.667598120575,78,1448.8958824086449,1,1384.9120659594716,2
2026-09-29,C375,Marcelo Charpentier,1554.8960862732006,112,1500.0,0,1566.5808146601933,111,1500.0,0,1479.5771453967784,1
2026-09-29,TD47,Evgenii Tiurnev,1554.8053182378358,52,1579.0028538260556,30,1468.90382843499,22,1500.0,0,1500.0,0
2026-09-29,F303,Francisco Fogues,1554.7503361587135,74,1352.9434705375954,3,1579.9875760161558,70,1500.0,0,1440.9031244009152,1
2026-09-29,G602,Andre Ghem,1554.7051896307753,458,1524.8462320123426,97,1571.8654740953516,354,1305.9594454691457,6,1500.0,0
2026-09-29,M870,Michael Mora,1554.6007297088147,1,1565.6631951100942,1,1500.0,0,1500.0,0,1500.0,0
2026-09-29,Z09D,Kacper Zuk,1554.5665793426128,130,1522.7244529798415,77,1518.2850130807303,44,1495.5506137866812,3,1585.439854950524,6
2026-09-29,RB56,Ramkumar Ramanathan,1554.4263739779428,415,1514.1360742036281,281,1549.1214880589266,75,1518.5645339594598,52,1480.5305763536549,3
2026-09-29,ML73,Skander Mansouri,1554.1105258771672,83,1504.8067225206048,58,1467.0099132583555,19,1497.2037278788086,4,1500.0,0
2026-09-29,M820,Alan Mackin,1554.088393970959,90,1517.276962107361,28,1435.2138737735445,35,1401.8952763760215,18,1440.9688871275052,9
2026-09-29,M760,Oliver Marach,1554.0736107362372,356,1494.0453883872078,94,1578.4810632352653,248,1474.9335157992557,5,1407.8016521366665,8
2026-09-29,O254,Enrique Olivares,1554.0186651637016,1,1553.9933448939037,1,1500.0,0,1500.0,0,1500.0,0
2026-09-29,GB61,Viktor Galovic,1554.018469872028,177,1561.491921540123,84,1518.2319580683293,82,1598.8033611192452,11,1500.0,0
2026-09-29,M0UR,Ognjen Milic,1553.9904845656426,29,1620.830085950641,15,1443.9945029490393,14,1500.0,0,1500.0,0
2026-09-29,E766,Edoardo Eremin,1553.8877740837117,46,1411.0674416311952,11,1584.2580001068152,35,1500.0,0,1500.0,0
2026-09-29,GE00,Tal Goldengoren,1553.8715237961483,3,1532.714853632519,3,1500.0,0,1500.0,0,1500.0,0
2026-09-29,W586,Jean-Marc Werner,1553.8597377440349,2,1500.0,0,1548.8707736218114,2,1500.0,0,1500.0,0
2026-09-29,A502,Juan-Martin Aranguren,1553.7498052914366,124,1404.7576058019451,2,1561.320071652462,116,1403.7722860332055,1,1500.0,0
2026-09-29,TC12,Mikael Torpegaard,1553.7181266991497,136,1570.667185391567,111,1436.9112180076202,19,1368.3686799401005,4,1530.8581866214922,2
2026-09-29,S0AR,Timo Stodder,1553.6533895169955,29,1445.8156678812318,3,1534.0134877045853,24,1500.0,0,1515.3814305298251,2
2026-09-29,106432,Mackenzie McDonald,1553.6385233791486,3,1546.889418944988,3,1500.0,0,1500.0,0,1500.0,0
2026-09-29,Q945,Eric Quigley,1553.573435666553,71,1539.5630023692956,64,1449.6676471568856,1,1522.1176567710393,3,1500.0,0
2026-09-29,104548,John Isner,1553.3812082106285,3,1551.1195981622052,3,1500.0,0,1500.0,0,1500.0,0
2026-09-29,S552,David Skoch,1553.2225485391236,19,1539.099852673879,7,1541.841042175049,12,1500.0,0,1500.0,0
2026-09-29,105015,Chris Eaton,1553.2055234886313,3,1496.2937500193293,2,1500.0,0,1555.81371584358,1,1500.0,0
2026-09-29,TG50,Anthony Jackie Tang,1552.9008497025086,1,1545.716322209376,1,1500.0,0,1500.0,0,1500.0,0
2026-09-29,206173,Jannik Sinner,1552.8793921216068,1,1500.0,0,1542.6188463812052,1,1500.0,0,1500.0,0
2026-09-29,S673,Joseph Sirianni,1552.4315319654986,207,1560.5908758724865,102,1430.3637785487929,70,1615.9108315184774,26,1472.765447184598,4
2026-09-29,SB14,Simon Shen,1552.391490350037,1,1500.0,0,1500.0,0,1565.6631951100942,1,1500.0,0
2026-09-29,103723,David Martin,1552.2997734633318,3,1552.2997734633318,3,1500.0,0,1500.0,0,1500.0,0
2026-09-29,N563,Dennis Nevolo,1552.2539518216654,44,1533.1414532601445,44,1500.0,0,1500.0,0,1500.0,0
2026-09-29,103909,Nicolas Mahut,1552.2406901538245,3,1555.81371584358,1,1504.0197118762424,2,1500.0,0,1500.0,0
2026-09-29,O466,Mazen Osama,1552.0402097437257,1,1554.003668748325,1,1500.0,0,1500.0,0,1500.0,0
2026-09-29,GB13,Germain Gigounon,1551.984213563072,107,1441.612754857786,41,1583.393487743703,63,1435.510112322392,3,1500.0,0
2026-09-29,M854,Vasilis Mazarakis,1551.9134281076333,286,1466.0890257529893,66,1556.8943426200688,201,1500.0,0,1497.4870703773943,4
2026-09-29,E254,Brendan Evans,1551.8231681794662,232,1452.0585243873297,175,1369.3071407621012,7,1651.5220798898579,31,1610.9588231684952,15
2026-09-29,M0XQ,Niels McDonald,1551.7882105336469,25,1431.7088695382802,1,1530.1926067336358,24,1500.0,0,1500.0,0
2026-09-29,A311,Hugo Armando,1551.733867226455,335,1450.413592974437,69,1570.6215827058063,262,1581.3058506381087,3,1500.0,0
2026-09-29,S0F7,Alexandros Skorilas,1551.6992496725782,2,1546.0007047940694,2,1500.0,0,1500.0,0,1500.0,0
2026-09-29,ME86,Pierre Metenier,1551.6872697902756,5,1556.33390326202,5,1500.0,0,1500.0,0,1500.0,0
2026-09-29,DC76,Viktor Durasovic,1551.6555332180485,206,1537.2143874690803,120,1434.565478716787,77,1622.4584632772728,8,1500.0,0
2026-09-29,X01C,Ioannis Xilas,1551.4651502981562,29,1532.4726741208597,22,1483.21648217314,7,1500.0,0,1500.0,0
2026-09-29,S703,Mariano Sanchez,1551.093928337328,17,1579.7495291691641,16,1451.8299640729174,1,1500.0,0,1500.0,0
2026-09-29,F0HN,Karol Filar,1550.9909490427808,1,1500.0,0,1543.4127195493681,1,1500.0,0,1500.0,0
2026-09-29,A0BA,Federico Arnaboldi,1550.9705388001785,99,1491.991804791703,21,1508.8932999085616,77,1416.27942623463,1,1500.0,0
2026-09-29,104964,Daniel Brands,1550.563520674135,3,1551.1591720091753,3,1500.0,0,1500.0,0,1500.0,0
2026-09-29,I09N,Federico Iannaccone,1550.5592411842376,23,1526.2893489302633,5,1512.6936618474144,18,1500.0,0,1500.0,0
2026-09-29,BC11,Sergei Bubka,1550.3525761893281,294,1536.4339037684626,194,1420.0674164926156,45,1504.6593090707984,32,1581.1287786839428,19
2026-09-29,V0GR,Alexander Vasilev,1550.321175582977,19,1500.0,0,1486.1069395534425,19,1500.0,0,1500.0,0
2026-09-29,J233,Alun Jones,1550.2835504802713,134,1527.9572295232615,82,1359.7591910032327,22,1585.009623620349,16,1552.647338055263,13
2026-09-29,W273,Mohamed Wafa,1550.1491147857562,1,1500.0,0,1543.6135027720097,1,1500.0,0,1500.0,0
2026-09-29,PH02,Davide Pontoglio,1550.0704072358565,2,1500.0,0,1550.014660048571,2,1500.0,0,1500.0,0
2026-09-29,R0HP,Lucio Ratti,1550.0103196874625,20,1477.3512976416307,5,1527.2915631897283,15,1500.0,0,1500.0,0
2026-09-29,103901,Javier Genaro-Martinez,1549.995027758235,3,1500.0,0,1549.995027758235,3,1500.0,0,1500.0,0
2026-09-29,M800,Jan Minar,1549.947900827514,233,1574.7623928043963,103,1452.6245387592564,109,1486.4836850884,2,1381.6177721100207,14
2026-09-29,RA18,Rodrigo Rappaccioli,1549.9463783069268,1,1500.0,0,1549.0367968490793,1,1500.0,0,1500.0,0
2026-09-29,A276,Jan Frode Andersen,1549.9151520611522,214,1465.047324947675,34,1567.0133279818926,166,1500.0,0,1449.5149641332432,6
2026-09-29,C506,Guillermo Carter,1549.8948908698594,1,1500.0,0,1500.0,0,1500.0,0,1565.6631951100942,1
2026-09-29,B0PU,Reda Bennani,1549.8391049323889,11,1489.4169421499873,1,1488.7346201321022,10,1500.0,0,1500.0,0
2026-09-29,104443,Lamine Ouahab,1549.7416820644871,7,1503.9255357634552,2,1552.6001531021232,5,1500.0,0,1500.0,0
2026-09-29,G0G2,Mario Gonzalez Fernandez,1549.6423996166009,10,1526.1937051358384,10,1500.0,0,1500.0,0,1500.0,0
2026-09-29,L993,Jonas Luetjen,1549.4830375282709,5,1500.0,0,1530.7054021979213,5,1500.0,0,1500.0,0
2026-09-29,K319,Michel Kratochvil,1549.4765864360268,244,1576.6741193720372,127,1553.118469451231,71,1466.8978226461907,23,1391.520704133451,23
2026-09-29,D369,Michel Deville,1549.3383654853797,2,1500.0,0,1548.6220855485076,2,1500.0,0,1500.0,0
2026-09-29,E661,Gonzalo Escobar,1549.2360051610221,113,1553.3649353871663,42,1487.417978044052,70,1500.0,0,1500.0,0
2026-09-29,LB85,Daniel Llarenas,1549.197563936442,1,1500.0,0,1565.6631951100942,1,1500.0,0,1500.0,0
2026-09-29,LF29,Alvaro Lopez San Martin,1549.0820512062767,28,1500.0,0,1548.2762500496467,28,1500.0,0,1500.0,0
2026-09-29,G0OF,Georgi Georgiev,1548.8394015332958,4,1560.397067959902,3,1467.666616645865,1,1500.0,0,1500.0,0
2026-09-29,T0LD,Sin Hang Tam,1548.675524684189,1,1500.0,0,1557.9982267937414,1,1500.0,0,1500.0,0
2026-09-29,R657,Ryan Rowe,1548.5719816023582,4,1551.2931960402502,4,1500.0,0,1500.0,0,1500.0,0
2026-09-29,D729,Jonathan Dasnieres de Veigy,1548.5306584612888,196,1482.2548051797676,47,1603.5628371953756,142,1520.721566174603,4,1500.0,0
2026-09-29,D917,Sadio Doumbia,1548.5121306635313,72,1562.908772913568,56,1409.8603463216698,16,1500.0,0,1500.0,0
2026-09-29,H380,Ivo Heuberger,1548.2787605272736,294,1477.8001082663682,155,1512.152530807179,43,1487.9216459605389,16,1584.0630697771187,79
2026-09-29,R0AR,Daniel Rodrigues,1548.26659764685,2,1524.448195466046,2,1500.0,0,1500.0,0,1500.0,0
2026-09-29,CF60,Pawel Juszczak,1548.2551372450632,15,1467.0396635314928,1,1553.4304650368197,14,1500.0,0,1500.0,0
2026-09-29,G0AO,Alastair Gray,1548.2090795766935,74,1479.1584062393372,46,1500.0,0,1504.747929675763,22,1561.6414572576814,3
2026-09-29,S0RF,Marcello Serafini,1548.1860826055934,16,1457.4709438135044,4,1586.186175099397,12,1500.0,0,1500.0,0
2026-09-29,CG35,Luis Diego Chavez Villalpando,1547.798289574042,1,1500.0,0,1548.8446255007327,1,1500.0,0,1500.0,0
2026-09-29,LE01,Duckhee Lee,1547.7317163259631,231,1561.2527823930236,197,1422.0405866947972,28,1292.3249492932414,4,1500.0,0
2026-09-29,BM03,Filippo Baldi,1547.703499518464,132,1554.2199784492916,45,1540.9446733218901,85,1323.1945954547618,2,1500.0,0
2026-09-29,BC36,Gregoire Burquier,1547.6992472176519,143,1500.1568631873888,82,1539.031115747466,56,1530.5148568856034,5,1500.0,0
2026-09-29,BU36,Alberto Barroso Campos,1547.66892857603,25,1533.4786731227505,21,1471.7060522975803,1,1477.7179583711347,2,1500.0,0
2026-09-29,L702,Mikhail Ledovskikh,1547.6449260934046,235,1537.3085127186228,153,1472.0057526464602,52,1550.2899166530467,18,1520.466405989029,10
2026-09-29,B0F8,Justin Boulais,1547.447840396202,48,1510.4063307248907,48,1500.0,0,1500.0,0,1500.0,0
2026-09-29,104909,Valery Rudnev,1547.269096424848,3,1552.356176357733,3,1500.0,0,1500.0,0,1500.0,0
2026-09-29,106095,Guilherme Clezar,1547.0250040128412,1,1500.0,0,1555.81371584358,1,1500.0,0,1500.0,0
2026-09-29,BT68,Elliot Benchetrit,1547.0186033860668,135,1612.48231381828,59,1513.8391029792874,73,1500.0,0,1500.0,0
2026-09-29,R0F1,Johan Alexander Rodriguez,1546.9007495241428,24,1494.330951908265,1,1540.3187791930447,23,1500.0,0,1500.0,0
2026-09-29,W0DD,Cooper Williams,1546.894372476334,10,1535.8745467954125,10,1500.0,0,1500.0,0,1500.0,0
2026-09-29,104252,Alejandro Falla,1546.462420777219,11,1434.5079003634642,6,1682.9006966982308,3,1495.6609421752587,2,1500.0,0
2026-09-29,V0D0,Niels Visker,1546.400878487164,27,1560.1590022551907,15,1475.6566168331544,9,1454.7553927805807,3,1500.0,0
2026-09-29,T269,Nicolas Todero,1546.313050811257,144,1519.6913867177773,58,1498.8796411765532,81,1553.6703425793185,3,1500.0,0
2026-09-29,J181,Tomas Jecminek,1546.1454855387476,3,1500.0,0,1562.8608204460845,3,1500.0,0,1500.0,0
2026-09-29,K0DB,Cannon Kingsley,1546.1349379352062,68,1551.9634551616364,51,1445.4501630549398,17,1500.0,0,1500.0,0
2026-09-29,H646,Brian Hung,1546.1273981415145,1,1546.3471782221172,1,1500.0,0,1500.0,0,1500.0,0
2026-09-29,105432,Michael McClune,1545.8336978240554,3,1552.9095111732615,3,1500.0,0,1500.0,0,1500.0,0
2026-09-29,M538,Diego Moyano,1545.808613967152,148,1498.1603841251313,4,1558.4477121959226,143,1500.0,0,1500.0,0
2026-09-29,BI99,Moritz Buerchner,1545.796338199628,2,1492.7613479043894,2,1500.0,0,1500.0,0,1500.0,0
2026-09-29,PG51,Anton Pavlov,1545.6368046203286,2,1500.0,0,1539.0600330101129,2,1500.0,0,1500.0,0
2026-09-29,103722,Julien Jeanpierre,1545.5379486039444,1,1500.0,0,1555.81371584358,1,1500.0,0,1500.0,0
2026-09-29,F0DP,Peter Fajta,1545.3896253436915,8,1445.7729852571736,1,1563.2216283485245,7,1500.0,0,1500.0,0
2026-09-29,G375,Hermes Gamonal,1545.3602545794715,120,1433.1640413837358,39,1551.1257544084667,76,1500.0,0,1446.6010714912359,1
2026-09-29,D479,Sebastian Decoud,1545.1604171893111,217,1506.8792274860896,17,1543.1053999020928,190,1389.1774650808318,2,1500.0,0
2026-09-29,CN32,Jai Corbett,1544.8868140175978,2,1531.1189004073904,2,1500.0,0,1500.0,0,1500.0,0
2026-09-29,SK47,Mohamed Safwat,1544.7559875837314,349,1534.8569866959772,176,1527.6068039357506,157,1480.5467819382293,13,1416.7921649602285,1
2026-09-29,V339,Simone Vagnozzi,1544.586530988894,362,1408.0987080780756,39,1576.9452685371414,307,1438.77027499735,3,1448.7353521502584,4
2026-09-29,K964,Brydan Klein,1544.4055762285768,299,1546.8368987700492,227,1349.6695412230563,16,1469.9752273568236,47,1336.1276585085195,6
2026-09-29,D0LK,Pieter De Lange,1544.1540425921366,2,1500.0,0,1528.7742719347684,2,1500.0,0,1500.0,0
2026-09-29,106065,Jozef Kovalik,1543.9285250999867,5,1444.18628415642,1,1580.472212632979,4,1500.0,0,1500.0,0
2026-09-29,D0I8,Matheus Amorim De Lima,1543.8970491813425,2,1500.0,0,1518.538081254353,2,1500.0,0,1500.0,0
2026-09-29,D686,Pierre-Ludovic Duclos,1543.798773574473,133,1463.4402147412068,110,1426.415028055393,7,1610.658073186148,10,1478.464136368221,5
2026-09-29,V205,Dusan Vemic,1543.7308616694586,267,1519.2619481681559,140,1612.880044868623,97,1493.6760469016763,23,1607.4160015451762,6
2026-09-29,I0A0,Andre Ilagan,1543.4990700886178,3,1529.3106989157848,3,1500.0,0,1500.0,0,1500.0,0
2026-09-29,J175,Florian Jeschonek,1543.4776874864647,9,1500.0,0,1477.3727117553424,3,1500.0,0,1607.306360383559,6
2026-09-29,RA82,Yannik Reuter,1543.3086832011363,112,1512.2784889290501,32,1533.369328439925,79,1450.2399844730935,1,1500.0,0
2026-09-29,P0K3,Roger Pascual Ferra,1543.280689719574,7,1534.0866773553246,7,1500.0,0,1500.0,0,1500.0,0
2026-09-29,K317,Edwin Kempes,1543.2559223297849,113,1437.323930010925,21,1607.2037283682089,71,1328.4174737055819,3,1514.1468196956978,18
2026-09-29,J0DG,Alejandro Juan Mano,1543.031156907416,2,1500.0,0,1528.8691884241166,2,1500.0,0,1500.0,0
2026-09-29,W0ED,James Watt,1542.9681984442343,16,1533.3281599544905,10,1417.5804749838064,2,1491.8547807319862,4,1500.0,0
2026-09-29,AB12,Isak Arvidsson,1542.9566545690443,34,1509.0984940246997,17,1534.258110394714,17,1500.0,0,1500.0,0
2026-09-29,G793,Harshana Godamanna,1542.9520092433215,5,1562.343872730417,3,1499.7449188304308,2,1500.0,0,1500.0,0
2026-09-29,105624,Alexandar Lazov,1542.923610602412,1,1500.0,0,1555.81371584358,1,1500.0,0,1500.0,0
2026-09-29,S893,Martin Slanar,1542.8669649667067,87,1596.5448037358046,43,1500.5936624625142,31,1463.0289958895296,3,1491.075240659461,8
2026-09-29,N663,Maximilian Neuchrist,1542.7103731908308,154,1473.0405024541249,92,1516.1115300064616,61,1416.27942623463,1,1500.0,0
2026-09-29,A717,Faisal Aidil,1542.3807556566626,1,1554.6871435393189,1,1500.0,0,1500.0,0,1500.0,0
2026-09-29,M975,James May,1542.344975056875,7,1450.1288740187879,1,1500.0,0,1515.3071494291491,6,1500.0,0
2026-09-29,M728,Philipp Mullner,1542.3312985362018,11,1500.0,0,1562.5648523416241,11,1500.0,0,1500.0,0
2026-09-29,MG84,Nicolas Meister,1542.230232818478,74,1494.9327660511801,68,1463.4636553340126,1,1500.0,0,1500.0,0
2026-09-29,FC49,Giovanni Fonio,1542.1906726527175,122,1571.8721248464194,32,1512.0328012774003,90,1500.0,0,1500.0,0
2026-09-29,RH59,Santiago Rodriguez Taverna,1542.0383733348406,254,1508.3322371895672,26,1537.1616990913114,224,1468.6113273844123,3,1500.0,0
2026-09-29,G352,Jan-Michael Gambill,1541.9059983081477,324,1530.3726463859873,244,1308.5728045153296,34,1572.5872996450119,34,1453.8623585623652,11
2026-09-29,GC53,Kevin Griekspoor,1541.68173478758,2,1531.3532163298046,2,1500.0,0,1500.0,0,1500.0,0
2026-09-29,RC86,John Harrison Richmond,1541.6228449594496,2,1541.6873850544175,2,1500.0,0,1500.0,0,1500.0,0
2026-09-29,FA43,Juan Pablo Ficovich,1541.1708591181605,350,1531.648587073469,103,1553.6543843187765,231,1411.867170217819,12,1500.0,0
2026-09-29,I402,Itsuki Imina,1541.047120764317,2,1500.0,0,1500.0,0,1500.0,0,1535.9816033653772,2
2026-09-29,D0I5,Max Dahlin,1540.875080761239,9,1438.3176126215046,2,1570.7438537623063,7,1500.0,0,1500.0,0
2026-09-29,HG90,Conner Huertas del Pino,1540.486760249068,51,1543.6826403016544,5,1520.4291644062139,45,1500.0,0,1500.0,0
2026-09-29,V820,Mikhail Vaks,1540.431155247443,6,1530.6944589200427,6,1500.0,0,1500.0,0,1500.0,0
2026-09-29,104660,Pablo Andujar,1540.3148682347062,8,1526.055464755437,4,1567.1785338682344,4,1500.0,0,1500.0,0
2026-09-29,C571,Rob Cheyne,1540.3109465698235,2,1585.6084500439783,1,1500.0,0,1472.031144610762,1,1500.0,0
2026-09-29,F360,Jonas Froberg,1540.2134638405246,3,1573.053507850695,2,1469.6128213385146,1,1500.0,0,1500.0,0
2026-09-29,105655,Federico Delbonis,1540.2022217819188,2,1500.0,0,1514.8317576963084,2,1500.0,0,1500.0,0
2026-09-29,B0JJ,Robin Bertrand,1540.184432168776,78,1567.9107494684324,72,1325.5039337534884,6,1500.0,0,1500.0,0
2026-09-29,PC65,Jakub Piter,1540.1478793072895,2,1500.0,0,1538.8892640141355,2,1500.0,0,1500.0,0
2026-09-29,R0K9,Charlie Robertson,1540.0504415606065,11,1453.6007079385463,4,1566.7591579344103,6,1425.2195995324237,1,1500.0,0
2026-09-29,W272,Wesley Whitehouse,1539.91566671458,61,1558.3535468592402,48,1422.7519721587937,4,1442.3467305459415,7,1500.0,0
2026-09-29,105260,Maxime Teixeira,1539.8347190687966,6,1560.6305487443678,5,1444.18628415642,1,1500.0,0,1500.0,0
2026-09-29,W0AN,Milan Welte,1539.64186351178,3,1530.6396466680405,2,1480.1395030118006,1,1500.0,0,1500.0,0
2026-09-29,H297,Alistair Hunt,1539.5734348774602,12,1525.4380736655917,4,1500.0,0,1558.0667452161063,1,1573.4465505355115,5
2026-09-29,BE10,Matt Bruch,1539.5447000838897,3,1489.7366899918268,3,1500.0,0,1500.0,0,1500.0,0
2026-09-29,RE45,Fabien Reboul,1539.5354700979738,13,1514.5575003043764,13,1500.0,0,1500.0,0,1500.0,0
2026-09-29,M783,Ivan Miranda,1539.5221524895167,290,1527.4733918002037,155,1543.0802463379657,123,1484.692721614286,4,1456.1872210192955,3
2026-09-29,RG42,Alex Rybakov,1539.5212399423199,123,1494.6468989388816,79,1463.4674074913353,40,1529.8453776418803,2,1500.0,0
2026-09-29,SC95,Bartolome Salva-Vidal,1539.4726538715322,30,1442.8807264412717,4,1589.9495027459861,25,1500.0,0,1500.0,0
2026-09-29,J0B5,Garrett Johns,1539.426432996539,74,1526.4969565491804,49,1467.554922731668,23,1509.5306377523402,2,1500.0,0
2026-09-29,DC48,Murkel Dellien,1539.322896646137,208,1434.847484186841,5,1526.3342210897285,201,1354.1035777027146,2,1500.0,0
2026-09-29,BA79,Andre Begemann,1539.1342661330018,127,1536.2307154649893,62,1521.1410145203727,43,1468.84970120849,8,1470.4261824699813,10
2026-09-29,HB41,Jared Hiltzik,1539.1295132635705,57,1567.3655802354745,54,1349.152523926868,3,1500.0,0,1500.0,0
2026-09-29,C0P0,Sergio Callejon Hernando,1539.1089712496325,13,1487.1489181235354,7,1545.7520873883645,6,1500.0,0,1500.0,0
2026-09-29,S0DK,Dhruv Sunish,1539.0844145531944,2,1535.1277946377197,2,1500.0,0,1500.0,0,1500.0,0
2026-09-29,O127,Oleg Ogorodov,1538.6883615058548,131,1553.1966785158604,65,1554.5686822638784,56,1440.9031244009152,1,1477.5143503020147,6
2026-09-29,P519,Julio Peralta,1538.6489174394374,58,1616.4710492066263,15,1513.5488175183254,43,1500.0,0,1500.0,0
2026-09-29,C893,Nick Cavaday,1538.6077939813715,2,1500.0,0,1500.0,0,1504.6993031899522,2,1500.0,0
2026-09-29,AC84,Collin Altamirano,1538.5270758767795,53,1496.3413086787293,45,1547.1871411829288,8,1500.0,0,1500.0,0
2026-09-29,104990,Mischa Zverev,1538.497906255794,3,1538.497906255794,3,1500.0,0,1500.0,0,1500.0,0
2026-09-29,105526,Jan-Lennard Struff,1538.3833814387772,2,1514.0724188762192,2,1500.0,0,1500.0,0,1500.0,0
2026-09-29,103848,Mikhail Elgin,1538.2760537715758,7,1540.4908306081843,7,1500.0,0,1500.0,0,1500.0,0
2026-09-29,104468,Barry King,1538.151195240223,7,1556.4443058694105,1,1584.6480840558092,4,1444.18628415642,1,1444.18628415642,1
2026-09-29,G0DH,Alvaro Guillen Meza,1537.980239557171,168,1274.608615121392,12,1527.4119930962702,155,1453.3358389939815,1,1500.0,0
2026-09-29,HD67,Youssef Hossam,1537.9505587005024,11,1532.674947952355,10,1433.5619098695443,1,1500.0,0,1500.0,0
2026-09-29,K406,Christopher Kas,1537.3694080373714,55,1473.568814568421,20,1570.0022702206284,31,1482.6933595371488,2,1440.3013870202103,1
2026-09-29,V0IL,Codie Schalk Van Schalkwyk,1537.2762954491834,2,1532.9908368362176,2,1500.0,0,1500.0,0,1500.0,0
2026-09-29,Z084,Radim Zitko,1537.271999879747,46,1408.5661650167985,11,1556.2101509710617,35,1500.0,0,1500.0,0
2026-09-29,V175,Christian Vinck,1537.2265751876062,127,1550.427044069357,54,1385.4772388130477,21,1550.7760844458735,8,1569.2174570832237,44
2026-09-29,104712,Caio Zampieri,1537.0415667460252,11,1560.0230716879778,8,1471.3882001655375,3,1500.0,0,1500.0,0
2026-09-29,SF11,Michael Shabaz,1536.9917570820116,26,1517.9981363333222,23,1500.0,0,1500.6105495461618,2,1500.0,0
2026-09-29,H0CU,Ronald Hohmann,1536.9506446847586,2,1530.3017201376504,2,1500.0,0,1500.0,0,1500.0,0
2026-09-29,F593,Robin Fahgen,1536.8974492674415,3,1500.0,0,1539.1133672652436,3,1500.0,0,1500.0,0
2026-09-29,N974,Petr Nouza,1536.8506842878694,8,1505.233437753307,3,1489.5426778812457,5,1500.0,0,1500.0,0
2026-09-29,M564,Wade McGuire,1536.8215086260477,4,1540.4613635951177,4,1500.0,0,1500.0,0,1500.0,0
2026-09-29,102213,Kenneth Carlsen,1536.6086219022218,3,1500.0,0,1500.0,0,1500.0,0,1536.6086219022218,3
2026-09-29,K688,Daniel King-Turner,1536.5590859504478,99,1505.044963559461,78,1454.420369890327,10,1459.7559030680393,5,1414.1686778025698,4
2026-09-29,D752,Niels Desein,1536.3789348264206,206,1557.5364034950085,102,1425.219239332178,70,1311.1647565263718,17,1688.2645354846652,15
2026-09-29,G0LG,Yanis Ghazouani Durand,1536.3241108330917,5,1530.1905431763917,5,1500.0,0,1500.0,0,1500.0,0
2026-09-29,106210,Mate Pavic,1536.2908841810613,1,1527.90685792179,1,1500.0,0,1500.0,0,1500.0,0
2026-09-29,N0AS,Frane Nincevic,1535.927894071776,2,1500.0,0,1536.0007273299907,2,1500.0,0,1500.0,0
2026-09-29,105932,Marton Fucsovics,1535.851214587967,2,1530.7995265201876,2,1500.0,0,1500.0,0,1500.0,0
2026-09-29,SG88,Alexander Sadecky,1535.7801501607846,52,1463.8276909006104,17,1449.9500856609807,21,1449.0448165741213,7,1498.8621773597654,5
2026-09-29,W212,Chris Woodruff,1535.7462384621476,86,1555.0504189384815,67,1254.880923515052,11,1475.6443751450083,6,1506.7677457463626,2
2026-09-29,BP74,Aleksandre Bakshi,1535.7037364080156,32,1504.1070112801956,31,1500.0,0,1500.0,0,1500.0,0
2026-09-29,SG33,Sanam Singh,1535.5559143855864,81,1503.9033474966309,76,1528.8771677330603,5,1500.0,0,1500.0,0
2026-09-29,LB07,Gonzalo Lama,1535.5002471193131,238,1406.6847438937675,18,1521.7832675050945,219,1375.3617191089413,1,1500.0,0
2026-09-29,S0DH,Roy Smith,1535.4339341458317,27,1504.6770920094928,27,1500.0,0,1500.0,0,1500.0,0
2026-09-29,O411,Albano Olivetti,1535.3433526731758,117,1521.482065222529,87,1359.7205431583566,17,1510.6686037651912,12,1491.601506934887,1
2026-09-29,GF53,Christian Garay,1535.3144273984853,5,1545.4286382249256,5,1500.0,0,1500.0,0,1500.0,0
2026-09-29,R790,Valery Rudnev,1535.2869420685581,114,1513.7179366414903,78,1544.8692533479884,29,1500.0,0,1468.3018841478868,5
2026-09-29,104053,Mikhail Youzhny,1535.1164998574034,8,1548.9932586514915,4,1481.513149846321,4,1500.0,0,1500.0,0
2026-09-29,105023,Mischa Zverev,1535.0951272784027,8,1564.893980979804,7,1444.18628415642,1,1500.0,0,1500.0,0
2026-09-29,SB28,Carlos Salamanca,1534.9935766460312,276,1454.4854085816714,61,1541.118245548311,201,1337.4837156130068,6,1434.3368048899058,1
2026-09-29,L404,Seung-Hoon Lee,1534.906912660811,9,1537.4037861584327,9,1500.0,0,1500.0,0,1500.0,0
2026-09-29,AC01,Roberto Affonso,1534.9025610002557,2,1500.0,0,1530.2274709678172,2,1500.0,0,1500.0,0
2026-09-29,104760,Martin Fischer,1534.8943993095809,5,1542.5447638991789,5,1500.0,0,1500.0,0,1500.0,0
2026-09-29,B589,Mike Bryan,1534.8596199373453,43,1559.673749538501,30,1539.5262223319637,8,1412.5756727293494,5,1500.0,0
2026-09-29,104958,Niels Desein,1534.48460549635,4,1444.18628415642,1,1587.3181298277943,1,1500.0,0,1529.8696258035175,2
2026-09-29,BE69,Yan Bai,1534.39706588686,132,1501.8490397288786,112,1507.7993163229755,18,1341.3738773062876,2,1500.0,0
2026-09-29,MF30,Miha Mlakar,1534.317267089524,2,1500.0,0,1534.9281980651983,2,1500.0,0,1500.0,0
2026-09-29,BF60,Saad Benkirane,1534.1819276367144,2,1500.0,0,1532.784077833454,2,1500.0,0,1500.0,0
2026-09-29,HB35,Maxime Hamou,1534.1434497992475,49,1368.420326606033,10,1589.7422423041164,38,1404.170922330973,1,1500.0,0
2026-09-29,CE32,Rodrigo Carvalho,1533.9929390373572,2,1500.0,0,1534.6805146564363,2,1500.0,0,1500.0,0
2026-09-29,B697,Bob Borella,1533.9647684124375,2,1467.168402444953,1,1565.6631951100942,1,1500.0,0,1500.0,0
2026-09-29,SC19,Jose Antonio Sanchez-de Luna,1533.9427323389457,86,1374.7605885069793,6,1529.5787721227227,77,1500.0,0,1500.0,0
2026-09-29,L335,Robert Lindstedt,1533.8573343547555,27,1553.037843947293,12,1467.1712737910086,10,1483.2693830337896,2,1488.2797744932543,3
2026-09-29,AC58,Nicolas Alvarez,1533.8394020042692,79,1428.0047100389313,10,1523.6571714148258,69,1500.0,0,1500.0,0
2026-09-29,Z0AK,Tyler Zink,1533.8263865341003,69,1507.8515187123635,53,1428.5068430045171,13,1479.5716317145302,3,1500.0,0
2026-09-29,F344,Jean-Christophe Faurel,1533.6810885950738,211,1500.1415192695194,84,1556.8126629649953,116,1363.5926244805908,4,1447.0467307729193,3
2026-09-29,G446,Denis Golovanov,1533.6193484251742,115,1589.200295228162,72,1461.5315505678032,25,1330.4341906465966,2,1583.8149278948836,16
2026-09-29,C613,Guillermo Carry,1533.6184009616368,4,1500.0,0,1546.7335454675708,4,1500.0,0,1500.0,0
2026-09-29,O376,Renzo Olivo,1533.544440655312,624,1500.980191019408,89,1505.1566423587067,522,1413.1618005769967,12,1500.0,0
2026-09-29,N674,Dennis Novikov,1533.3167588299796,239,1514.258107426151,170,1440.5905238283406,36,1553.325619025969,31,1500.0,0
2026-09-29,S0GM,Daniel Salazar,1533.107061001293,5,1500.0,0,1537.4355962880707,5,1500.0,0,1500.0,0
2026-09-29,104919,Robin Haase,1532.8891746576046,4,1500.0,0,1515.8792888431735,4,1500.0,0,1500.0,0
2026-09-29,J0DM,Amine Jamji,1532.8504908646037,3,1500.0,0,1499.990338268892,3,1500.0,0,1500.0,0
2026-09-29,BP29,Peter Bothwell,1532.8397544550905,4,1525.0096721790126,4,1500.0,0,1500.0,0,1500.0,0
2026-09-29,Y058,Andrei Youzhny,1532.765051703803,2,1531.8220630979422,2,1500.0,0,1500.0,0,1500.0,0
2026-09-29,E671,Frederick Egyir,1532.7414980773965,1,1544.6373312924181,1,1500.0,0,1500.0,0,1500.0,0
2026-09-29,T838,Romano Tatuhey,1532.6281509526402,4,1564.4032729368275,4,1500.0,0,1500.0,0,1500.0,0
2026-09-29,V0BC,Cyril Vandermeersch,1532.6112343245186,6,1520.5034231219458,6,1500.0,0,1500.0,0,1500.0,0
2026-09-29,DF92,Corentin Denolly,1532.5999148268227,85,1409.2779522187057,25,1482.5318611650248,59,1478.591289276159,1,1500.0,0
2026-09-29,SI56,Janez Semrajc,1532.5078441189496,41,1513.2473381214047,5,1528.0678564412715,33,1500.0,0,1500.0,0
2026-09-29,H349,Michael Hill,1532.3048369320675,15,1446.0403206249005,7,1500.0,0,1446.6010714912359,1,1637.9772344393111,4
2026-09-29,SQ14,Blaz Seric,1532.1194674440726,4,1500.0,0,1531.9917966754083,4,1500.0,0,1500.0,0
2026-09-29,L384,Daniel Lencina-Ribes,1531.905093561164,2,1500.0,0,1500.0,0,1513.625994266684,2,1500.0,0
2026-09-29,Z198,Caio Zampieri,1531.807919897436,244,1466.6719854053763,77,1561.9962827006123,159,1553.788412380149,4,1500.0,0
2026-09-29,N277,Ingo Neumuller,1531.4995344605607,4,1500.0,0,1526.6837231737047,4,1500.0,0,1500.0,0
2026-09-29,A190,Emilio Benfele Alvarez,1531.4497398383312,95,1382.2911610409053,16,1552.4246292260113,77,1500.0,0,1404.884773081205,2
2026-09-29,KB02,Robert Khoury,1531.2970342684132,2,1522.5578006794196,2,1500.0,0,1500.0,0,1500.0,0
2026-09-29,G654,Ismar Gorcic,1531.0460691844478,19,1563.6012303303253,11,1437.15866751703,8,1500.0,0,1500.0,0
2026-09-29,V0BD,Nikolay Vylegzhanin,1531.0002248178196,9,1538.6436856214461,9,1500.0,0,1500.0,0,1500.0,0
2026-09-29,G985,Carlos Gomez-Herrera,1530.9553141594606,107,1439.634349905274,27,1523.4913639382182,74,1475.807245679682,5,1500.0,0
2026-09-29,104439,Erling Tveit,1530.8220460558928,2,1500.0,0,1525.1993078738876,2,1500.0,0,1500.0,0
2026-09-29,KF85,Daniel Kerznerman,1530.648785994384,2,1534.0003237481667,2,1500.0,0,1500.0,0,1500.0,0
2026-09-29,BF25,Ilya Belyaev,1530.630666578759,52,1572.076247816801,36,1348.341145450451,14,1500.0,0,1388.2749716619428,2
2026-09-29,C0L4,Stylianos Christodoulou,1530.6165301830154,4,1570.546525919598,3,1434.3368048899058,1,1500.0,0,1500.0,0
2026-09-29,A0L6,Lucas Andrade Da Silva,1530.5129124597108,7,1450.9464917918176,1,1568.6987772412924,6,1500.0,0,1500.0,0
2026-09-29,A656,Guillermo Alcaide,1530.478856718403,136,1464.6069746250823,60,1542.7657599009544,65,1436.616579552997,4,1490.5002291311725,2
2026-09-29,H0EK,Emile Hudd,1530.4086766189773,13,1542.221147999499,12,1500.0,0,1440.9031244009152,1,1500.0,0
2026-09-29,D961,Tudor Dumitrescu,1530.3615934246272,2,1500.0,0,1532.2042460559292,2,1500.0,0,1500.0,0
2026-09-29,K858,Chris Klingemann,1530.168993727912,13,1544.0188720035385,10,1431.783127163936,3,1500.0,0,1500.0,0
2026-09-29,F313,Gorka Fraile,1529.989858544289,256,1371.4413523611681,9,1536.188006345252,242,1500.0,0,1500.0,0
2026-09-29,Y046,Jing Zhu Yang,1529.9314118274524,1,1527.669142328225,1,1500.0,0,1500.0,0,1500.0,0
2026-09-29,CH19,Daniele Capecchi,1529.8813899327722,2,1517.1688123765648,2,1500.0,0,1500.0,0,1500.0,0
2026-09-29,104230,Daniel Koellerer,1529.8696258035175,2,1500.0,0,1500.0,0,1500.0,0,1529.8696258035175,2
2026-09-29,K425,Aqeel Khan,1529.855853635888,74,1476.1387896370952,29,1383.4842457137643,19,1544.5151211463813,24,1478.4708325110148,1
2026-09-29,BJ28,Anton Bettink,1529.7060083785764,2,1518.8452694879688,2,1500.0,0,1500.0,0,1500.0,0
2026-09-29,BE77,Carl Bergman,1529.6823296708967,12,1504.8784348571476,5,1388.6586710442195,4,1500.0,0,1500.0,0
2026-09-29,N523,West Nott,1529.5978088586944,7,1573.8498234378906,6,1500.0,0,1500.0,0,1434.3368048899058,1
2026-09-29,G334,Giorgio Galimberti,1529.591193471635,293,1392.9534826715594,53,1555.4078536167606,207,1416.27942623463,1,1391.6488334002963,32
2026-09-29,K290,Bobby Kokavec,1529.531484161475,2,1500.0,0,1544.9421495464571,2,1500.0,0,1500.0,0
2026-09-29,W562,Matthias Wolf,1529.5187859967868,2,1500.0,0,1532.270580975375,2,1500.0,0,1500.0,0
2026-09-29,104417,Alex Kuznetsov,1529.4617471043584,6,1414.3515555503195,4,1500.0,0,1609.0292701426442,2,1500.0,0
2026-09-29,A585,Henry Adjei-Darko,1529.459289811065,12,1538.9490107054037,10,1500.2984987564068,2,1500.0,0,1500.0,0
2026-09-29,D228,Filip Dewulf,1529.403472846355,39,1545.9519524247335,11,1504.553878147129,25,1500.0,0,1487.522344703519,3
2026-09-29,T0K1,Ryo Tabata,1529.263722573865,2,1500.0,0,1509.4697532866455,2,1500.0,0,1500.0,0
2026-09-29,J267,Malek Jaziri,1529.1885056636493,638,1570.6104523150757,413,1538.0453256799694,176,1425.058260375267,37,1665.986902131377,9
2026-09-29,M655,Nicolas Massu,1529.0729326135938,715,1615.8663714942102,226,1502.7085862185584,448,1423.0294989705608,18,1535.3511383261302,21
2026-09-29,BH76,Riccardo Bellotti,1529.0570724349411,105,1388.5330639805559,22,1542.0685797923607,80,1403.9097247817492,3,1500.0,0
2026-09-29,SM09,Luke Saville,1529.0286268450166,277,1489.1148747361701,220,1361.4932726666154,10,1521.2141835543348,42,1409.9983992072468,4
2026-09-29,V389,Marc Vilanova,1528.960691342623,1,1500.0,0,1500.0,0,1500.0,0,1532.831597555047,1
2026-09-29,L364,Fredrik Loven,1528.9099167284885,6,1500.0,0,1500.0,0,1543.6328303867451,4,1523.2720861683417,2
2026-09-29,KD35,Thai-Son Kwiatkowski,1528.7603187929103,184,1537.2982608868717,147,1530.3262918084224,30,1272.3755370172635,7,1500.0,0
2026-09-29,ML14,Erik Moberg,1528.70758654963,2,1527.150135783854,2,1500.0,0,1500.0,0,1500.0,0
2026-09-29,T0I0,Andreas Timini,1528.3637251486452,1,1529.8357970061513,1,1500.0,0,1500.0,0,1500.0,0
2026-09-29,104610,Adam Vejmelka,1528.2805203817084,2,1500.0,0,1529.8696258035175,2,1500.0,0,1500.0,0
2026-09-29,A789,Maxime Authom,1528.2695161708275,142,1548.0617467124991,91,1519.6084859107555,34,1430.246956021653,15,1423.8361876882009,2
2026-09-29,G726,Paul Gerbaud,1528.2403440427804,2,1462.0823111903292,1,1500.0,0,1500.0,0,1565.6631951100942,1
2026-09-29,P0ME,Luca Preda,1528.2130587048962,10,1452.6763980346261,4,1535.6163773810856,6,1500.0,0,1500.0,0
2026-09-29,R0KI,Dominique Rolland,1528.138455976249,4,1516.8434178800976,4,1500.0,0,1500.0,0,1500.0,0
2026-09-29,F299,Leos Friedl,1527.8973511419438,20,1483.4445665425937,12,1593.1292488280515,7,1500.0,0,1458.3518120244075,1
2026-09-29,SG79,Navdeep Singh,1527.8114260876307,6,1512.1297342821479,6,1500.0,0,1500.0,0,1500.0,0
2026-09-29,D0CU,Daniel De Jonge,1527.7138966352566,2,1500.0,0,1500.0,0,1512.216002995192,2,1500.0,0
2026-09-29,L784,Dennis Lajola,1527.6571719890421,15,1524.5067578873197,14,1462.1306400456879,1,1500.0,0,1500.0,0
2026-09-29,S600,Thomas Schiessling,1527.487179097205,14,1500.0,0,1507.3637276345394,10,1500.0,0,1543.7690644108484,4
2026-09-29,C328,Kenneth Carlsen,1527.4748563368917,310,1547.610414788767,195,1279.0326703587637,26,1486.716904675519,45,1614.781211301734,44
2026-09-29,P491,Kristian Pless,1527.4032791185969,461,1528.6171547004783,295,1464.4411664523873,102,1395.7960820490453,26,1642.007900788153,38
2026-09-29,MN74,Jathan Malik,1527.3786025207353,2,1500.0,0,1500.0,0,1488.4138304588778,2,1500.0,0
2026-09-29,O174,Justin O'Neal,1527.2998138409932,6,1540.559307239511,5,1500.0,0,1459.1483370995625,1,1500.0,0
2026-09-29,W372,Boy Wijnmalen,1527.2694197091587,5,1500.0,0,1514.518166912565,5,1500.0,0,1500.0,0
2026-09-29,B0GI,Alexander Binda,1527.1904541585727,32,1449.4412085956174,26,1580.3759430783227,6,1500.0,0,1500.0,0
2026-09-29,F0A3,Sergey Fomin,1527.153112948579,68,1479.5902644507667,47,1591.6276724371955,21,1500.0,0,1500.0,0
2026-09-29,BH02,Sekou Bangoura,1527.1396002489353,145,1515.6882679114779,120,1384.1663918668921,23,1452.2396587774435,1,1500.0,0
2026-09-29,I416,Yuichiro Inui,1527.1372169978606,2,1517.639329633243,2,1500.0,0,1500.0,0,1500.0,0
2026-09-29,J452,Suk-Young Jeong,1526.9360238721752,53,1523.3071448830049,48,1495.9772926685403,3,1500.0,0,1407.5817240784659,2
2026-09-29,AD56,Srikar Alla,1526.8132586505883,2,1500.0,0,1508.1507360578917,2,1500.0,0,1500.0,0
2026-09-29,N661,Marvin Netuschil,1526.7778457212291,5,1500.0,0,1510.7482884433377,5,1500.0,0,1500.0,0
2026-09-29,103602,Xavier Malisse,1526.7270607650007,4,1567.0556195410559,3,1444.18628415642,1,1500.0,0,1500.0,0
2026-09-29,M0TO,Mae Malige,1526.5920488541058,23,1496.9832756963099,20,1350.3460216400615,3,1500.0,0,1500.0,0
2026-09-29,O481,Myles Orton,1526.58959529813,2,1500.0,0,1500.0,0,1497.044972860433,2,1500.0,0
2026-09-29,103598,Giancarlo Petrazzuolo,1526.5342926543638,4,1503.9255357634552,2,1579.8399451983346,1,1500.0,0,1444.18628415642,1
2026-09-29,E169,Gilles Elseneer,1526.5260380026755,229,1511.4254649683264,119,1686.791143081753,9,1498.696719248993,51,1582.2947847715516,50
2026-09-29,MF99,Vasko Mladenov,1526.4092280199063,2,1525.709780595287,2,1500.0,0,1500.0,0,1500.0,0
2026-09-29,A467,Mariano Albert-Ferrando,1526.405187984835,28,1411.5517493089067,2,1576.913432274854,26,1500.0,0,1500.0,0
2026-09-29,MA83,Yanquiel Medina,1526.1432508824348,1,1525.588742522043,1,1500.0,0,1500.0,0,1500.0,0
2026-09-29,W597,Tak Khunn Wang,1526.1196380084211,49,1473.178863968225,32,1463.613083952425,17,1500.0,0,1500.0,0
2026-09-29,BC76,Nicolas Barrientos,1525.918642864465,154,1374.0220927042294,51,1554.4484903662283,103,1500.0,0,1500.0,0
2026-09-29,B0AY,Jurgen Briand,1525.8863289391597,10,1551.9631111296362,8,1436.4626259006095,2,1500.0,0,1500.0,0
2026-09-29,E197,Ivan Esquerdo,1525.7385267250277,5,1500.472129069104,2,1551.8440785259688,3,1500.0,0,1500.0,0
2026-09-29,L583,William Lock,1525.7297095843974,3,1500.0,0,1588.9942287675221,2,1500.0,0,1434.3368048899058,1
2026-09-29,K257,Michael Kohlmann,1525.719389268362,173,1489.5798291609235,74,1576.701493192968,44,1415.021023061226,17,1579.5298382539283,35
2026-09-29,J344,Min-Hyeok Cho,1525.4794593797417,6,1512.60090273571,6,1500.0,0,1500.0,0,1500.0,0
2026-09-29,O253,Dawid Olejniczak,1525.4160869001457,90,1486.4078512971914,42,1551.8818714078916,39,1712.496210542473,4,1299.4914485851953,5
2026-09-29,Z161,Marcel Zimmermann,1525.3799523194625,39,1500.0,0,1475.0406168636086,25,1500.0,0,1487.3523290483954,14
2026-09-29,SR81,Khumoyun Sultanov,1525.333842603153,76,1512.8254900702739,59,1360.8870704125543,15,1518.6873176589518,2,1500.0,0
2026-09-29,V267,Melle Van Gemerden,1525.1820304004825,110,1485.7232449815026,27,1587.6313484014913,73,1525.5480539875557,2,1332.8887812713472,8
2026-09-29,B570,Daniele Bracciali,1525.1553476212587,308,1566.3773754472736,101,1499.4722724662267,104,1687.3765985585949,44,1457.4614820171244,59
2026-09-29,R977,Matt Reid,1525.1336263476223,189,1510.588291667217,145,1431.9500870519003,19,1502.3263939896153,19,1374.3552275627324,5
2026-09-29,G428,Ignacio Gonzalez King,1525.0374792596083,61,1480.0672460618462,9,1532.8448304829483,52,1500.0,0,1500.0,0
2026-09-29,BE67,Mirza Basic,1525.0331654579793,519,1555.6477989453083,350,1443.811186211264,126,1357.3879572249118,31,1723.685169741758,11
2026-09-29,SE78,Adrian Sikora,1524.8362947723106,60,1541.0134601183363,26,1468.5180151259983,33,1500.0,0,1443.9575395503814,1
2026-09-29,BI53,Victor Baluda,1524.824275539659,43,1488.0831509844716,34,1443.383135353852,8,1500.0,0,1458.7400133992442,1
2026-09-29,MM79,Blake Mott,1524.7206117504677,83,1486.9247363307172,75,1590.6100260468356,5,1498.106730943708,2,1470.0526894157108,1
2026-09-29,O317,Francisco Olivares,1524.5852919839735,2,1500.0,0,1523.872828041225,2,1500.0,0,1500.0,0
2026-09-29,103823,Yu Jr. Wang,1524.3189629066621,4,1523.602108482569,2,1504.3390578247413,2,1500.0,0,1500.0,0
2026-09-29,GC54,Scott Griekspoor,1524.282595976898,58,1483.009545118493,33,1577.6601878150063,25,1500.0,0,1500.0,0
2026-09-29,D467,Andrew Derer,1524.2341128519738,13,1551.0015277824052,9,1471.54588556421,4,1500.0,0,1500.0,0
2026-09-29,H346,Alejandro Hernandez,1524.154263883885,152,1457.5189901202089,103,1567.269213535979,44,1500.0,0,1532.2767086950805,5
2026-09-29,A961,Matthew Allare,1524.1255236114537,2,1524.2585131216151,2,1500.0,0,1500.0,0,1500.0,0
2026-09-29,G0G4,Conor Gannon,1523.3715901847036,5,1500.0,0,1443.2628046714044,3,1570.5932382847075,2,1500.0,0
2026-09-29,TC25,Gabriel Townes,1523.331424956676,2,1527.4954018222093,2,1500.0,0,1500.0,0,1500.0,0
2026-09-29,SO57,Adam Sanjurjo Hermida,1523.2480690111895,3,1500.0,0,1531.725140667132,3,1500.0,0,1500.0,0
2026-09-29,D0JI,Manas Dhamne,1523.2476003734325,42,1483.4639287791586,20,1519.4345187098734,22,1500.0,0,1500.0,0
2026-09-29,PL64,Oleg Prihodko,1523.2115217115854,61,1646.128694704745,20,1428.516494509192,41,1500.0,0,1500.0,0
2026-09-29,GA72,Joan-Marc Grimal-Ferrer,1523.2010665516177,2,1513.884908108059,2,1500.0,0,1500.0,0,1500.0,0
2026-09-29,R09V,Eduardo Ribeiro,1523.1295575299239,78,1432.6177615194326,4,1509.476999052023,74,1500.0,0,1500.0,0
2026-09-29,SG24,Martin Sayer,1522.8489087292191,8,1448.861023838963,6,1617.5763218355987,2,1500.0,0,1500.0,0
2026-09-29,SO28,Rodrigo Senattore,1522.4841679626397,6,1490.1056622548517,3,1523.805808106598,3,1500.0,0,1500.0,0
2026-09-29,B0NV,Patrick Brady,1522.3888995050445,16,1532.8309564572342,13,1500.0,0,1429.76476736811,3,1500.0,0
2026-09-29,GF23,Lucas Gerch,1522.3828084022784,60,1511.5699345162157,25,1483.2469373005565,35,1500.0,0,1500.0,0
2026-09-29,R392,Ramin Raziani,1522.303655045275,7,1454.7149067674916,5,1626.7081128514176,2,1500.0,0,1500.0,0
2026-09-29,A0D2,Mousa Alkotop,1522.2728614001576,2,1500.0,0,1500.0,0,1500.0,0,1500.0,0
2026-09-29,B0VF,Oliver Bonding,1522.2681269632897,6,1542.8823048658019,2,1500.0,0,1320.6301019475914,4,1500.0,0
2026-09-29,K676,Marc Kimmich,1522.107625761516,34,1513.1738677995595,29,1475.117102043068,2,1449.959057011546,1,1467.3967493368064,2
2026-09-29,BG63,Richard Becker,1521.9768439113695,44,1487.0351165016828,18,1553.9751496135377,23,1500.0,0,1399.0402609065422,3
2026-09-29,W247,Reginald Willems,1521.9556151793454,45,1596.2109847752754,29,1328.314785191687,9,1500.0,0,1558.9766770267822,7
2026-09-29,CN31,Antonio Cembellin,1521.904998006345,2,1523.0528315806507,2,1500.0,0,1500.0,0,1500.0,0
2026-09-29,R0IL,Iliyan Radulov,1521.8522320527734,21,1428.8569205864226,10,1532.4056078774531,10,1500.0,0,1500.0,0
2026-09-29,SQ56,Kirill Saplin,1521.7845462192715,2,1520.9227364667408,2,1500.0,0,1500.0,0,1500.0,0
2026-09-29,H0EZ,Samir Hamza Reguig,1521.7591722924506,7,1538.456301790865,4,1464.6927851371245,3,1500.0,0,1500.0,0
2026-09-29,PE02,Danilo Petrovic,1521.7046478362881,177,1493.4355703615765,86,1520.1362027434825,87,1304.0232901511456,3,1500.0,0
2026-09-29,H924,Patricio Heras,1521.6182869925137,34,1500.0,0,1515.8118023690013,34,1500.0,0,1500.0,0
2026-09-29,K0KX,Atakan Karahan,1521.4892485529388,2,1501.8275915514475,2,1500.0,0,1500.0,0,1500.0,0
2026-09-29,L657,Gary Lugassy,1521.4324792208645,101,1543.900289858279,77,1414.614524257843,8,1390.355484514225,8,1438.2296035951188,8
2026-09-29,SR79,Ronnie Schneider,1521.355458911154,10,1519.9947859568356,10,1500.0,0,1500.0,0,1500.0,0
2026-09-29,104672,Vincent Millot,1521.3390392330623,2,1502.5981615445157,2,1500.0,0,1500.0,0,1500.0,0
2026-09-29,Z072,Nenad Zimonjic,1521.1658854148293,90,1416.8808402413213,48,1481.765541921707,8,1565.2623636762403,10,1603.3468626993397,24
2026-09-29,HA33,Peter Heller,1521.0862717240777,24,1281.964111617414,5,1546.517909762603,19,1500.0,0,1500.0,0
2026-09-29,V195,Fernando Vicente,1521.0598734750354,531,1526.1067334499148,142,1498.2540123752808,355,1555.6519774538863,23,1287.8838044672686,10
2026-09-29,M578,Juan Antonio Marin,1520.8168622403205,295,1354.245528075157,14,1544.352154125707,278,1301.5200595554265,2,1500.0,0
2026-09-29,V426,Ricardo Villacorta-Alonso,1520.700258590756,4,1510.4668051891413,4,1500.0,0,1500.0,0,1500.0,0
2026-09-29,G817,Pablo Galdon,1520.6504319047358,79,1502.0105914097019,3,1508.8674208220116,75,1385.6834571892398,1,1500.0,0
2026-09-29,P535,Krystian Pfeiffer,1520.6433962550236,17,1500.0,0,1534.3004533909345,17,1500.0,0,1500.0,0
2026-09-29,103831,Roman Borvanov,1520.6359363336765,2,1495.6609421752587,2,1500.0,0,1500.0,0,1500.0,0
2026-09-29,LC94,Siu-Fai Kelvin Lam,1520.543003927879,1,1519.4029590759656,1,1500.0,0,1500.0,0,1500.0,0
2026-09-29,L504,Radoslav Lukaev,1520.4941524719038,46,1431.3546728868623,11,1534.7598599524922,28,1554.7306114888527,3,1488.6973426088261,4
2026-09-29,K650,Leonardo Kirche,1520.4561270172596,88,1426.3418292392369,15,1525.6900679838366,72,1416.27942623463,1,1500.0,0
2026-09-29,M543,Marzio Martelli,1520.1471810421826,41,1516.0140777784782,5,1529.856851904693,29,1500.0,0,1459.379100183751,7
2026-09-29,J0EM,Daniel Jade,1520.088305728251,7,1452.5486468897839,2,1504.9261890147945,5,1500.0,0,1500.0,0
2026-09-29,G925,Tihomir Grozdanov,1520.0418573453082,18,1475.8807514421221,2,1547.3445590744825,15,1500.0,0,1419.3341606657705,1
2026-09-29,S674,Alexander Shvec,1520.0234904623396,38,1555.6502899515235,16,1428.9782990872382,14,1500.0,0,1495.4219473468406,8
2026-09-29,BH80,Andrea Basso,1519.844088061122,33,1353.4420358280242,5,1539.4601328205722,27,1448.9199464800981,1,1500.0,0
2026-09-29,SO56,Jose Antonio Salazar Martin,1519.8360486166155,2,1500.0,0,1521.4091744083871,2,1500.0,0,1500.0,0
2026-09-29,R561,Ryan Russell,1519.8086864528057,17,1596.4616221558379,13,1407.1616674029056,4,1500.0,0,1500.0,0
2026-09-29,T929,Yannick Thivant,1519.7842630593368,2,1500.0,0,1516.5322130331176,2,1500.0,0,1500.0,0
2026-09-29,S564,Jeff Salzenstein,1519.687019241448,222,1496.9518817815185,177,1512.3356162496957,26,1445.1503648923483,8,1475.8978236879248,11
2026-09-29,R016,Richey Reneberg,1519.6762421658598,5,1499.8115421785212,3,1490.180194833477,2,1500.0,0,1500.0,0
2026-09-29,G247,Hernan Gumy,1519.1980996384439,53,1408.8498892704797,11,1528.3561391852743,41,1423.4844852577603,1,1500.0,0
2026-09-29,E679,Joe Epkey,1519.0793543043826,2,1528.4119535518466,2,1500.0,0,1500.0,0,1500.0,0
2026-09-29,CA71,Edward Corrie,1519.052393363263,92,1494.4186043043985,63,1431.2401491349358,2,1388.6725155045253,26,1481.325638633205,1
2026-09-29,K260,Jens Knippschild,1519.0131385987552,101,1297.3158721097454,13,1539.9482098590415,58,1521.3852327321265,10,1633.5796056820975,20
2026-09-29,LI03,Edoardo Lavagno,1518.9804335066708,54,1379.954100275423,2,1533.5656019704118,52,1500.0,0,1500.0,0
2026-09-29,K0DP,Oleksii Krutykh,1518.9535265938173,112,1563.527470823581,40,1492.851991430432,70,1416.27942623463,1,1440.9031244009152,1
2026-09-29,C0RO,Mark Ceban,1518.876270895923,5,1503.1242573357356,4,1500.0,0,1414.0087812037784,1,1500.0,0
2026-09-29,F727,Marin Franjicevic,1518.8406369771747,2,1500.0,0,1520.6110666241284,2,1500.0,0,1500.0,0
2026-09-29,S786,Marc Silva,1518.772052800745,4,1523.5137054609363,4,1500.0,0,1500.0,0,1500.0,0
2026-09-29,SI78,Blake Strode,1518.763994894344,41,1406.7342126531196,37,1611.8697856038248,4,1500.0,0,1500.0,0
2026-09-29,R851,Mathieu Rodrigues,1518.594352198731,70,1466.3814038341593,39,1455.297472150259,22,1431.4657212757552,3,1500.0,0
2026-09-29,MD44,Borja Martinez,1518.2938009324516,2,1500.0,0,1522.6578048541069,2,1500.0,0,1500.0,0
2026-09-29,R862,Christopher Rungkat,1518.229756002329,76,1505.7109371707818,67,1557.8592095302654,6,1500.0,0,1382.836187218099,2
2026-09-29,CB76,Robert Coman,1518.2019632680099,7,1500.0,0,1522.0581811317286,6,1500.0,0,1500.0,0
2026-09-29,H0BC,Lukas Hellum-Lilleengen,1518.1933467344854,2,1510.1417010019543,2,1500.0,0,1500.0,0,1500.0,0
2026-09-29,N738,Nicholas Naumann,1518.079810295904,2,1500.0,0,1522.9472857505964,2,1500.0,0,1500.0,0
2026-09-29,DA02,Maxim Dubarenco,1518.0690164727266,48,1508.8782748321169,22,1515.6335293347618,23,1500.0,0,1434.3368048899058,1
2026-09-29,BF89,Dennis Bloemke,1518.0531337804127,26,1385.6070541937045,5,1536.7212598164065,21,1500.0,0,1500.0,0
2026-09-29,D207,Dirk Dier,1518.0182824487113,4,1500.0,0,1500.0,0,1500.0,0,1520.6939550999139,4
2026-09-29,R0KM,Daniele Rapagnetta,1517.6927625798005,3,1500.0,0,1499.6719015660206,3,1500.0,0,1500.0,0
2026-09-29,PC78,Ante Pavic,1517.6641968190936,222,1460.1645696618439,141,1548.8357370525573,52,1564.8673685040405,29,1500.0,0
2026-09-29,S1AJ,Ziga Sesko,1516.981992981335,4,1534.5842016339502,2,1484.830060512533,1,1461.44715302831,1,1500.0,0
2026-09-29,D640,Arnaud Delgado,1516.9515312809704,2,1500.0,0,1519.3320995506879,2,1500.0,0,1500.0,0
2026-09-29,104603,Alexander Kudryavtsev,1516.91171600267,2,1533.4928093884187,2,1500.0,0,1500.0,0,1500.0,0
2026-09-29,KB37,Evan King,1516.8606910235865,154,1501.5786220692173,125,1419.6622107550922,24,1336.655700201592,5,1500.0,0
2026-09-29,L951,Joel Lindner,1516.6372851214383,5,1493.7039350747762,5,1500.0,0,1500.0,0,1500.0,0
2026-09-29,S0W4,Lorenzo Sciahbasi,1516.6092742262213,3,1544.9668821218763,2,1450.377861084384,1,1500.0,0,1500.0,0
2026-09-29,N982,Patrik Nema,1516.567229510568,3,1521.1718008634214,3,1500.0,0,1500.0,0,1500.0,0
2026-09-29,C0MX,Dragos Nicolae Cazacu,1516.535935576428,4,1515.1506959890457,2,1500.9849961730606,2,1500.0,0,1500.0,0
2026-09-29,D253,Federico Dondo,1516.5121439429854,27,1506.7834088358159,2,1503.4767813165338,25,1500.0,0,1500.0,0
2026-09-29,D420,Tres Davis,1516.490122352026,11,1497.9046131185275,9,1485.0326087396224,2,1500.0,0,1500.0,0
2026-09-29,SO20,Jelle Sels,1516.4658614327038,207,1599.252199131403,83,1471.4942001999907,117,1258.0587724029958,6,1500.0,0
2026-09-29,CB14,Daniel Cox,1516.459437711722,124,1502.2287487408496,70,1521.2334223871924,8,1334.7769596206344,43,1416.4886941044504,2
2026-09-29,W0A4,Arthur Weber,1515.961321538781,40,1473.4526904166933,40,1500.0,0,1500.0,0,1500.0,0
2026-09-29,K461,Kamala Kannan,1515.8776530621747,2,1511.3702003969272,2,1500.0,0,1500.0,0,1500.0,0
2026-09-29,TA17,Angel Torres,1515.7942032879623,2,1500.0,0,1518.9139919056936,2,1500.0,0,1500.0,0
2026-09-29,W387,Jesse Witten,1515.7731849141442,286,1486.0464192593834,207,1573.543408375965,66,1283.8637246551264,5,1487.9004934247787,2
2026-09-29,WB25,Louis Wessels,1515.7569230755043,77,1447.2638769675575,24,1478.0168986498156,45,1415.713083748358,7,1440.9031244009152,1
2026-09-29,J309,Brett Joelson,1515.7209317733252,2,1500.0,0,1493.4310096508857,2,1500.0,0,1500.0,0
2026-09-29,A0MG,Landon Ardila,1515.6960142189323,2,1522.6832811655102,2,1500.0,0,1500.0,0,1500.0,0
2026-09-29,K359,Michael Kogan,1515.5403319620632,4,1519.1526152887657,4,1500.0,0,1500.0,0,1500.0,0
2026-09-29,105443,Brydan Klein,1515.4792527583218,4,1500.0,0,1511.6177328412177,2,1500.4269013535013,2,1500.0,0
2026-09-29,TC11,Marko Tepavac,1515.380933162306,57,1479.780928750577,33,1476.0631219684699,23,1446.0985664081334,1,1500.0,0
2026-09-29,S785,Pascal Schaul,1515.3689588231448,3,1435.3925578096412,1,1615.306426646831,2,1500.0,0,1500.0,0
2026-09-29,S0HZ,Ainius Sabaliauskas,1515.30334218005,3,1511.9076256157357,3,1500.0,0,1500.0,0,1500.0,0
2026-09-29,MI01,Hiroki Moriya,1515.2817744810873,579,1475.8105880235448,487,1385.037668660665,20,1468.742021818736,34,1592.0690553862232,31
2026-09-29,L259,Ilou Lonfo,1515.265800648955,2,1565.6631951100942,1,1434.3368048899058,1,1500.0,0,1500.0,0
2026-09-29,AA19,Francis Casey Alcantara,1515.2182263617296,11,1513.3600232565814,4,1585.6029422999472,6,1500.0,0,1464.7150247822615,1
2026-09-29,KA43,Matheson Klein,1515.0660996859335,3,1542.3041440717122,2,1478.4053774116612,1,1500.0,0,1500.0,0
2026-09-29,S676,Oscar Serrano,1515.0515046166397,170,1500.0,0,1511.7375870285257,163,1500.0,0,1500.0,0
2026-09-29,BM43,Remi Boutillier,1515.0447649620555,32,1491.5914091462664,22,1439.3060146265618,2,1442.2619543327855,8,1500.0,0
2026-09-29,N228,Claude N'Goran,1514.9486005385545,20,1468.00964789673,4,1609.2084454838466,8,1500.0,0,1477.2363557940066,8
2026-09-29,103898,Julien Benneteau,1514.8911959291452,4,1500.0,0,1519.915871385661,4,1500.0,0,1500.0,0
2026-09-29,A750,Jaime Arriaga,1514.8073688505172,2,1519.3052442067808,2,1500.0,0,1500.0,0,1500.0,0
2026-09-29,A457,Jorge Aguilar,1514.7824130700144,173,1566.193819147172,23,1500.6557678941513,148,1370.8223415598259,2,1500.0,0
2026-09-29,C0JQ,Inaki Cabrera Bello,1514.7001000658781,2,1500.0,0,1490.0128242654616,2,1500.0,0,1500.0,0
2026-09-29,104607,Simone Bolelli,1514.632353673604,2,1510.3543351915735,2,1500.0,0,1500.0,0,1500.0,0
2026-09-29,N707,Naoki Nakagawa,1514.4946865447948,58,1502.3358896548302,49,1260.2511488038542,9,1500.0,0,1500.0,0
2026-09-29,H673,Jonathan Hilaire,1514.4923656358262,10,1483.1107930385401,10,1500.0,0,1500.0,0,1500.0,0
2026-09-29,104300,Luka Gregorc,1514.4718391734482,2,1498.508775589442,2,1500.0,0,1500.0,0,1500.0,0
2026-09-29,M0C2,Dan Martin,1514.3294340977707,34,1497.7960830013214,21,1409.4388932960412,12,1434.7606131434536,1,1500.0,0
2026-09-29,G0I2,Adrien Gobat,1514.2143750659307,3,1504.1577722839506,3,1500.0,0,1500.0,0,1500.0,0
2026-09-29,DA13,Dragos Dima,1514.2098852957029,40,1567.910928502217,4,1464.4381768773667,36,1500.0,0,1500.0,0
2026-09-29,R0GN,Amaury Raynel,1514.2033774688475,2,1500.0,0,1514.280659306907,2,1500.0,0,1500.0,0
2026-09-29,G527,Luka Gregorc,1514.0561399884602,175,1493.369663987561,137,1413.4256819438876,27,1595.1670869980694,8,1521.0140109349638,2
2026-09-29,G674,Andreu Guilera-Jover,1513.815850280269,2,1500.0,0,1518.6943097678757,2,1500.0,0,1500.0,0
2026-09-29,105870,Christian Lindell,1513.7987179949084,2,1500.0,0,1518.5536214335025,2,1500.0,0,1500.0,0
2026-09-29,AB17,Andres Artunedo Martinavarro,1513.7018508260194,34,1475.3106091775483,34,1500.0,0,1500.0,0,1500.0,0
2026-09-29,W306,Stefan Wauters,1513.66843913095,93,1580.6640022653442,22,1412.1928972093322,64,1500.0,0,1461.704525788417,7
2026-09-29,Y171,Denis Yevseyev,1513.477831409649,273,1530.470051723449,174,1482.4912659871602,89,1548.3220596512585,5,1505.2490736101297,4
2026-09-29,BB58,Jerome Becker,1513.4764222375277,2,1500.0,0,1524.0030692259686,2,1500.0,0,1500.0,0
2026-09-29,L848,Thomas Liversage,1513.458444339018,2,1518.0287840202025,2,1500.0,0,1500.0,0,1500.0,0
2026-09-29,N380,Octavian Nicodim,1513.441530746334,2,1500.0,0,1515.412391487254,2,1500.0,0,1500.0,0
2026-09-29,C777,Wen-Lung Chang,1513.3699397622652,2,1546.2917824068966,1,1500.0,0,1466.509910330981,1,1500.0,0
2026-09-29,I326,Pruchya Isaro,1513.3089817685154,28,1495.1162689314513,28,1500.0,0,1500.0,0,1500.0,0
2026-09-29,S799,Pavel Snobel,1513.300470592354,263,1502.0366177270523,140,1432.1670426052888,77,1551.668169376203,21,1468.7561722220726,25
2026-09-29,S381,Jan Siemerink,1513.1331858229453,97,1549.2886938076917,38,1496.3090069629186,32,1396.385492416529,10,1573.6129411045456,17
2026-09-29,KA18,Kevin Kung,1513.0664702290815,2,1515.151664387344,2,1500.0,0,1500.0,0,1500.0,0
2026-09-29,103195,Raemon Sluiter,1513.0596592212707,4,1500.0,0,1552.4157663853784,3,1500.0,0,1444.18628415642,1
2026-09-29,GD73,Jaden Grinter,1512.95609836122,3,1472.3804874097748,2,1542.0953302639348,1,1500.0,0,1500.0,0
2026-09-29,GE61,Connor Glennon,1512.9513272165634,3,1504.1986120548431,3,1500.0,0,1500.0,0,1500.0,0
2026-09-29,MC19,Devin Mullings,1512.9293415169222,16,1546.421035380327,12,1414.1817588078097,4,1500.0,0,1500.0,0
2026-09-29,E223,Martin Emmrich,1512.897805940149,13,1441.8805680325634,2,1451.0136195750877,4,1594.646837668198,5,1454.0492814878098,2
2026-09-29,MF54,Ivo Mijic,1512.8165590588296,2,1500.0,0,1497.542273301101,2,1500.0,0,1500.0,0
2026-09-29,R224,Maurice Ruah,1512.7958829838321,2,1510.4870761537486,2,1500.0,0,1500.0,0,1500.0,0
2026-09-29,RB00,Ricardo Rodriguez - Pace,1512.7879819166196,54,1567.8730428924946,32,1368.5246008492934,22,1500.0,0,1500.0,0
2026-09-29,B0C7,Justin Barki,1512.7076472877902,2,1514.5494526273105,2,1500.0,0,1500.0,0,1500.0,0
2026-09-29,CF07,Hong Chung,1512.6603938647786,20,1516.684414085589,19,1500.0,0,1456.8456759176654,1,1500.0,0
2026-09-29,T332,Tomas Tenconi,1512.5780542498417,180,1433.8299692829028,7,1534.7228756663114,166,1416.27942623463,1,1402.3506227191406,5
2026-09-29,D379,Julien Dupuy,1512.4933931040969,4,1509.2875558707765,4,1500.0,0,1500.0,0,1500.0,0
2026-09-29,W845,Szymon Walkow,1512.4804439433535,2,1508.5113796735347,2,1500.0,0,1500.0,0,1500.0,0
2026-09-29,PB12,Paul-Mihai Puscasu,1512.4708898813146,2,1500.0,0,1524.0867507024993,2,1500.0,0,1500.0,0
2026-09-29,S09L,Christian Seraphim,1512.2546561781378,3,1473.892317814971,3,1500.0,0,1500.0,0,1500.0,0
2026-09-29,EA18,Miguel Angel Este,1512.1949136587002,2,1565.6631951100942,1,1442.561525422588,1,1500.0,0,1500.0,0
2026-09-29,F291,Ruben Fernandez,1512.142465788459,4,1500.0,0,1495.8341103089185,4,1500.0,0,1500.0,0
2026-09-29,A09P,Alafia Ayeni,1512.0945401768706,72,1532.7655974146098,60,1367.0506046296935,10,1422.861293108169,2,1500.0,0
2026-09-29,J361,Greg Jones,1512.0665835003313,228,1524.2191133703018,184,1451.8055564811018,14,1437.4870800117972,14,1495.4939416228085,11
2026-09-29,L0GL,George Lazarov,1512.0007854128874,4,1500.0,0,1495.9805083616275,4,1500.0,0,1500.0,0
2026-09-29,H322,Mariano Hood,1511.9915815707636,32,1526.1611733140141,4,1475.253732695237,26,1500.0,0,1500.0,0
2026-09-29,PD24,Borut Puc,1511.9781257315076,20,1435.9520431233852,2,1536.7992191149874,18,1500.0,0,1500.0,0
2026-09-29,103623,Ivo Klec,1511.9629259977214,4,1500.0,0,1511.9629259977214,4,1500.0,0,1500.0,0
2026-09-29,104756,Farrukh Dustov,1511.9007048768035,2,1500.0,0,1503.9255357634552,2,1500.0,0,1500.0,0
2026-09-29,BL78,Bogdan Borza,1511.8766900439364,6,1551.856873960953,1,1486.2485258156375,5,1500.0,0,1500.0,0
2026-09-29,SF41,Aldin Setkic,1511.8332161816618,282,1523.1905583261394,174,1418.8594904403813,99,1254.9937426970473,8,1449.6731500394887,1
2026-09-29,L513,Miguel Angel Lopez Jaen,1511.7135915911635,121,1375.5616458756895,19,1543.1747819349348,98,1394.4175116447868,1,1414.0966619265155,2
2026-09-29,LC37,Adam Lee,1511.6927194568007,3,1481.2696831730595,3,1500.0,0,1500.0,0,1500.0,0
2026-09-29,R421,Mario Radic,1511.6752176555976,86,1543.452966285679,17,1524.9629774959421,67,1500.0,0,1461.7594050347157,1
2026-09-29,T264,Marko Tkalec,1511.6621820450973,103,1570.4344617537456,27,1466.8419050174716,67,1553.3989285087641,1,1368.38234685935,8
2026-09-29,P0KA,Semen Pankin,1511.5835954828221,15,1487.5971121422263,15,1500.0,0,1500.0,0,1500.0,0
2026-09-29,B487,Juan Balcells,1511.5695859630393,170,1494.1997310488086,47,1550.3812864200645,117,1309.83019228967,3,1367.3673542712856,3
2026-09-29,O558,Becker O'Shaughnessey,1511.5295306101873,2,1495.4721821282733,2,1500.0,0,1500.0,0,1500.0,0
2026-09-29,R859,Brett Ross,1511.4296598813496,3,1500.0,0,1423.3337604112623,1,1500.0,0,1520.9143786950467,2
2026-09-29,H320,Brett Hansen-Dent,1511.2387444650983,2,1480.6802030779504,2,1500.0,0,1500.0,0,1500.0,0
2026-09-29,G917,Mathieu Guenat,1511.232058224198,2,1500.0,0,1518.2251165249431,2,1500.0,0,1500.0,0
2026-09-29,A564,Hugo Anao,1511.2270152832978,2,1500.0,0,1493.5745153529588,2,1500.0,0,1500.0,0
2026-09-29,AB71,JC Aragone,1510.8435032183522,128,1525.3519766923,105,1274.8535581406086,15,1477.536763244962,8,1500.0,0
2026-09-29,SI57,Daniel Smethurst,1510.63125550429,67,1493.3799842065034,28,1467.3403302876713,10,1355.2193255557347,24,1486.1310825027751,2
2026-09-29,C0E6,Yuttana Charoenphon,1510.4571607270034,6,1470.5314915696158,4,1500.0,0,1500.0,0,1500.0,0
2026-09-29,H0I7,Nico Hipfl,1510.4531276278005,4,1500.0,0,1497.9112118965095,4,1500.0,0,1500.0,0
2026-09-29,L353,Petr Luxa,1510.4168108225474,72,1542.6710009378155,30,1416.8816377442802,18,1408.3325342585383,2,1581.1495725526843,22
2026-09-29,V624,Ilija Vucic,1510.2263521856598,3,1500.0,0,1496.800602333651,3,1500.0,0,1500.0,0
2026-09-29,P605,Jaroslav Pospisil,1510.1652966376573,296,1493.0461425905291,55,1513.5377445246716,221,1358.541171354657,11,1467.9623667665505,7
2026-09-29,PB29,Martin Pedersen,1510.108894397073,43,1463.4585668966,23,1513.5932450066384,12,1500.0,0,1584.484467192547,6
2026-09-29,105312,Ilia Starkov,1510.0500786338712,2,1511.1067152113048,2,1500.0,0,1500.0,0,1500.0,0
2026-09-29,C775,Julio Cesar Campozano,1509.9794258874585,135,1422.5128781766755,33,1498.3748034768253,102,1500.0,0,1500.0,0
2026-09-29,O166,Matias O'Neille,1509.7282946873413,2,1500.0,0,1505.9241153211246,2,1500.0,0,1500.0,0
2026-09-29,T868,Walter Trusendi,1509.6740097995084,67,1408.0348211253795,8,1524.508927175022,59,1500.0,0,1500.0,0
2026-09-29,DC51,Nuno Deus,1509.5069137911537,2,1500.0,0,1505.3289249700067,2,1500.0,0,1500.0,0
2026-09-29,J393,Jarmere Jenkins,1509.465435319743,62,1537.253010273026,55,1356.7612778174762,5,1363.4929814441457,2,1500.0,0
2026-09-29,R938,Leo Rosenberg,1509.4625387729911,3,1509.004582564068,3,1500.0,0,1500.0,0,1500.0,0
2026-09-29,T803,Anton Tsymbalov,1509.3969543882813,5,1603.1373110247819,2,1495.3817226312292,2,1500.0,0,1434.3368048899058,1
2026-09-29,K358,Kevin Kim,1509.184190343368,665,1518.888867654544,509,1451.3262435041347,110,1495.5069738987852,27,1370.8988509140504,15
2026-09-29,A874,Miguel Almeida,1509.1359642382927,2,1500.0,0,1515.8746443736093,2,1500.0,0,1500.0,0
2026-09-29,BU32,Lucas Bouquet,1509.014254253347,4,1500.0,0,1475.9292118929116,4,1500.0,0,1500.0,0
2026-09-29,MB51,Alexander Markin,1508.9553136888785,9,1558.4068020075483,6,1434.4866278812754,3,1500.0,0,1500.0,0
2026-09-29,X017,Nicolas Xiviller,1508.8054605632826,2,1554.6474628117342,1,1458.4806271540122,1,1500.0,0,1500.0,0
2026-09-29,M09X,Sina Moghimi,1508.7816360604675,2,1500.0,0,1502.5563684200977,2,1500.0,0,1500.0,0
2026-09-29,SN77,Vaclav Safranek,1508.6977520115927,118,1403.4678188055764,39,1572.8610447481362,77,1314.5010998214009,2,1500.0,0
2026-09-29,B0U0,Fadi Bidan,1508.6063410653476,2,1500.0,0,1495.9133542487828,2,1500.0,0,1500.0,0
2026-09-29,W359,Todd Widom,1508.6034140073727,204,1504.5321822367207,181,1414.8499496219376,15,1294.6967238718441,4,1576.0436028671688,3
2026-09-29,O674,Yshai Oliel,1508.5065840333466,46,1435.9363320899151,20,1472.9515674161519,23,1500.0,0,1500.0,0
2026-09-29,CH80,Luca Castelnuovo,1508.5057890687933,35,1483.8840824331553,29,1402.8404200597295,3,1484.588166080448,3,1500.0,0
2026-09-29,P324,Sebastian Prieto,1508.4809577418212,83,1514.4801051901004,15,1545.722246914683,62,1481.8392038028896,2,1464.1912227381908,1
2026-09-29,L546,Paul Logtens,1508.478745953074,32,1561.623363130927,16,1444.1987201376937,11,1402.9250768214333,3,1515.9952776973605,2
2026-09-29,LA50,Philip Lang,1508.4490212775697,2,1509.8649328597553,2,1500.0,0,1500.0,0,1500.0,0
2026-09-29,R913,Cristian Rodriguez,1508.447533693536,48,1538.3811609062627,4,1491.5642543978147,44,1500.0,0,1500.0,0
2026-09-29,103812,Julio Peralta,1508.4383856680356,2,1563.0972694806571,1,1451.258204469886,1,1500.0,0,1500.0,0
2026-09-29,T0I3,Miguel Tobon,1508.3837968187408,26,1476.9101507732403,12,1483.2368145035323,14,1500.0,0,1500.0,0
2026-09-29,N230,Mose Navarra,1508.3638983371202,56,1292.0312550826889,11,1396.5072149772304,11,1653.1055535804132,17,1691.9600919131394,17
2026-09-29,D0HJ,Branko Djuric,1508.2727305262158,7,1523.8230096718428,4,1473.6867457126991,3,1500.0,0,1500.0,0
2026-09-29,P524,Didac Perez,1508.2584743224877,108,1451.7761736013488,1,1496.054251805459,105,1500.0,0,1381.7556941942448,2
2026-09-29,103017,Alessio Di Mauro,1508.2420478062659,3,1587.2794255618744,2,1430.232855195525,1,1500.0,0,1500.0,0
2026-09-29,MW84,John McNally,1508.101597045395,13,1492.2542235529233,13,1500.0,0,1500.0,0,1500.0,0
2026-09-29,104593,Jesse Huta Galung,1508.0319399961024,4,1400.5626976644917,2,1615.3940930014674,2,1500.0,0,1500.0,0
2026-09-29,Y044,Denis Yakimenko,1507.9968454644602,2,1500.0,0,1504.3792829649565,2,1500.0,0,1500.0,0
2026-09-29,MJ89,Gianni Mina,1507.9716573273636,70,1399.9755082889546,16,1545.3303535782452,53,1409.726641031574,1,1500.0,0
2026-09-29,W390,Brandon Wagner,1507.9665307743408,4,1493.1629980476318,4,1500.0,0,1500.0,0,1500.0,0
2026-09-29,H364,Markus Hipfl,1507.9405800989825,150,1519.9972192974735,23,1506.2009283001996,119,1320.7546683690518,6,1506.7834088358159,2
2026-09-29,F480,Mohammed Fetov,1507.936479930506,2,1505.364492447859,2,1500.0,0,1500.0,0,1500.0,0
2026-09-29,T0E0,Gian Luca Tanner,1507.8316019247713,2,1500.2329936822348,2,1500.0,0,1500.0,0,1500.0,0
2026-09-29,G498,Cory Guy,1507.6513166939815,2,1510.4820117576196,2,1500.0,0,1500.0,0,1500.0,0
2026-09-29,LB69,Sebastian Lavie,1507.594697614344,12,1474.4367381711006,7,1567.2160546089258,3,1417.0113765811661,2,1500.0,0
2026-09-29,WB19,Alexander Weis,1507.5848149891217,54,1475.4529660854137,1,1472.1637132797366,53,1500.0,0,1500.0,0
2026-09-29,B977,Richard Bloomfield,1507.497530919436,161,1417.4673026625792,88,1371.027109531554,5,1483.5508457142391,49,1520.4857452215076,15
2026-09-29,ME04,Fabrice Martin,1507.4273102172724,109,1493.600213725732,88,1348.7803842071673,9,1465.7744601943582,11,1440.9031244009152,1
2026-09-29,R630,Diogo Rocha,1507.4104280362287,5,1500.0,0,1458.5333660358647,4,1500.0,0,1565.6631951100942,1
2026-09-29,P0IT,Olaf Pieczkowski,1507.3350159116903,23,1480.5158835109578,19,1477.8710753461407,4,1500.0,0,1500.0,0
2026-09-29,A272,Julian Alonso,1507.2272260057716,60,1188.6408889611776,9,1610.8312746591819,47,1500.0,0,1432.1452602800462,4
2026-09-29,KD70,Pedja Krstin,1507.202221651677,279,1484.7337626949034,112,1490.2315839042135,163,1323.5399064065912,3,1500.0,0
2026-09-29,RC93,Martin Redlicki,1507.1760967024165,22,1486.3992039028537,22,1500.0,0,1500.0,0,1500.0,0
2026-09-29,SE36,Christoph Steiner,1507.0687392009659,2,1471.0308382578455,2,1500.0,0,1500.0,0,1500.0,0
2026-09-29,C532,Pedro Canovas,1507.0485619077438,2,1500.0,0,1510.400707260871,2,1500.0,0,1500.0,0
2026-09-29,L650,Michael Lai,1507.0011442072262,8,1491.9036283196249,7,1561.9770722599242,1,1500.0,0,1500.0,0
2026-09-29,S862,Branislav Sekac,1506.8947177538942,32,1376.2435648051605,20,1484.4844249548773,3,1500.0,0,1626.5597091617453,9
2026-09-29,S885,Raimonds Sproga,1506.7834088358159,2,1500.0,0,1565.6631951100942,1,1500.0,0,1434.3368048899058,1
2026-09-29,B305,Karsten Braasch,1506.7799873695717,7,1500.0,0,1483.6090803852721,2,1589.7039459540413,3,1404.5127471885262,2
2026-09-29,MB49,Nicholas Monroe,1506.688958598325,146,1497.0398501864595,108,1447.991870479006,25,1414.1770499972556,9,1440.5702242515201,4
2026-09-29,F09J,Karl Friberg,1506.467458441571,19,1427.7604721542666,12,1543.3426522640439,7,1500.0,0,1500.0,0
2026-09-29,102538,George Bastl,1506.4438658586216,2,1513.2912504458286,2,1500.0,0,1500.0,0,1500.0,0
2026-09-29,B484,Lars Burgsmuller,1506.3610061289749,365,1449.0223808002986,171,1527.9918659806397,82,1456.6509480463328,34,1554.5871006448385,78
2026-09-29,SJ01,Luca Schena,1506.350053990041,2,1500.0,0,1507.1520421801827,2,1500.0,0,1500.0,0
2026-09-29,C0PX,Matteo Covato,1506.2877775305287,4,1500.0,0,1523.394246893045,4,1500.0,0,1500.0,0
2026-09-29,AA81,Romain Arneodo,1506.2692468727546,27,1417.4542522286167,5,1528.6665033096572,19,1500.0,0,1500.0,0
2026-09-29,G09D,Andrej Glvac,1506.2689953103668,2,1500.0,0,1504.8278296204483,2,1500.0,0,1500.0,0
2026-09-29,F375,Marc Fornell-Mestres,1506.004980838148,84,1436.5094665746728,12,1563.7328340883494,69,1324.655566645446,2,1440.9031244009152,1
2026-09-29,CC98,Martin Cuevas,1506.001765526082,100,1364.5383927640783,7,1523.5285859715348,93,1500.0,0,1500.0,0
2026-09-29,V151,Radomir Vasek,1505.9071842451938,13,1500.0,0,1507.6981805373625,13,1500.0,0,1500.0,0
2026-09-29,CE98,Fedor Chervyakov,1505.6777374280045,9,1477.760194596501,7,1538.9098424744366,2,1500.0,0,1500.0,0
2026-09-29,C530,Juan Ignacio Cerda,1505.6773087180666,2,1500.0,0,1503.4493763280627,2,1500.0,0,1500.0,0
2026-09-29,B909,Christian Banzer,1505.6499879746848,2,1500.0,0,1505.101870288317,2,1500.0,0,1500.0,0
2026-09-29,D0CQ,Julien De Cuyper,1505.583149690526,2,1500.0,0,1503.3775378421908,2,1500.0,0,1500.0,0
2026-09-29,SK51,Tobias Simon,1505.5742041745452,38,1486.0138665839327,25,1416.2856183970134,12,1439.5357786507693,1,1500.0,0
2026-09-29,K0KC,Jangjun Kim,1505.565595678089,3,1498.6870031459396,3,1500.0,0,1500.0,0,1500.0,0
2026-09-29,103781,Benjamin Becker,1505.5015688724363,2,1571.2849517050222,1,1430.232855195525,1,1500.0,0,1500.0,0
2026-09-29,F502,Pablo Figueroa,1505.3862845741032,9,1455.3521092462795,1,1496.278330448743,5,1500.0,0,1500.0,0
2026-09-29,D0DC,Etienne Donnet,1505.3442818735925,4,1474.239865647663,4,1500.0,0,1500.0,0,1500.0,0
2026-09-29,104236,Bastian Knittel,1505.3253077712031,2,1500.0,0,1503.9255357634552,2,1500.0,0,1500.0,0
2026-09-29,Z162,Holger Zuehlsdorff-Pavlovic,1505.2694930327787,2,1500.0,0,1500.0,0,1519.9307096266182,2,1500.0,0
2026-09-29,104098,Carlos Berlocq,1505.2575835700297,2,1500.0,0,1496.1937383125614,2,1500.0,0,1500.0,0
2026-09-29,KD20,Arkadiusz Kocyla,1505.2039175125847,3,1500.0,0,1498.409359208143,3,1500.0,0,1500.0,0
2026-09-29,O684,Osgar O'Hoisin,1505.1296626040275,8,1513.9355456966705,5,1533.7825096464728,2,1500.0,0,1500.0,0
2026-09-29,L0I5,Mitsuki Wei Kang Leong,1505.1170185828948,25,1512.5205137447335,24,1500.0,0,1431.6832222618684,1,1500.0,0
2026-09-29,103632,Lovro Zovko,1505.0946811707042,6,1497.4865890016908,4,1503.9255357634552,2,1500.0,0,1500.0,0
2026-09-29,TC13,Luca George Tatomir,1504.9890610544448,3,1500.0,0,1510.6106619890852,3,1500.0,0,1500.0,0
2026-09-29,C0JX,Sean Cuenin,1504.9724897464644,18,1496.9421017487987,3,1478.1711854148014,15,1500.0,0,1500.0,0
2026-09-29,K0HB,Szymon Kielan,1504.9274390571904,3,1469.8174647449491,1,1508.0504871910343,2,1500.0,0,1500.0,0
2026-09-29,105118,Marc Sieber,1504.9003110001222,4,1558.9165124905148,3,1444.18628415642,1,1500.0,0,1500.0,0
2026-09-29,P994,James Pade,1504.8873204323752,2,1493.9288601017956,2,1500.0,0,1500.0,0,1500.0,0
2026-09-29,T848,Alessio Torresi,1504.883936042286,2,1509.5901101762317,2,1500.0,0,1500.0,0,1500.0,0
2026-09-29,103738,Rameez Junaid,1504.8778343649833,2,1500.0,0,1444.18628415642,1,1555.81371584358,1,1500.0,0
2026-09-29,C706,Nikola Ciric,1504.835962692101,123,1358.845846072333,9,1546.4171283637306,109,1333.7228734995558,2,1421.1803664666731,1
2026-09-29,104400,Gregoire Burquier,1504.8336000525278,4,1444.18628415642,1,1558.9165124905148,3,1500.0,0,1500.0,0
2026-09-29,S550,Takao Suzuki,1504.8073818776513,281,1486.7342379797842,194,1396.2733551556028,15,1452.034877525758,18,1628.98634082795,54
2026-09-29,SY30,Logan Smith,1504.7474133485748,2,1501.0214488969705,2,1500.0,0,1500.0,0,1500.0,0
2026-09-29,GC36,Richard Gabb,1504.6164605895049,11,1501.8595287260023,6,1500.0,0,1426.762492392409,5,1500.0,0
2026-09-29,105704,Daniel Cox,1504.5842798978533,2,1500.0,0,1500.0,0,1511.4880026871801,2,1500.0,0
2026-09-29,H382,Mathias Hellstrom,1504.552882561156,18,1445.1303916002441,1,1504.7397349059024,14,1500.0,0,1500.0,0
2026-09-29,GD01,Wilfredo Gonzalez,1504.5187100229646,10,1506.347247252713,8,1421.8594137569041,1,1500.0,0,1500.0,0
2026-09-29,SR77,Rogelio Siller,1504.5044791851985,2,1526.5608575437116,2,1500.0,0,1500.0,0,1500.0,0
2026-09-29,Z423,Jan Zielinski,1504.4869072091535,4,1531.2276566649034,3,1451.8255569000826,1,1500.0,0,1500.0,0
2026-09-29,MJ56,Richard Muzaev,1504.4671775190852,22,1497.5938917366282,21,1465.977929019297,1,1500.0,0,1500.0,0
2026-09-29,104163,Sasa Tuksar,1504.4619496764983,2,1500.0,0,1500.0,0,1500.0,0,1503.9255357634552,2
2026-09-29,105154,Miljan Zekic,1504.3390578247413,2,1444.18628415642,1,1555.81371584358,1,1500.0,0,1500.0,0
2026-09-29,105315,Ante Pavic,1504.3390578247413,2,1500.0,0,1444.18628415642,1,1555.81371584358,1,1500.0,0
2026-09-29,104233,Alejandro Falla,1504.3390578247413,2,1500.0,0,1500.0,0,1555.81371584358,1,1444.18628415642,1
2026-09-29,KE04,Jessy Kalambay,1504.2956253555703,3,1500.0,0,1507.5793840019455,3,1500.0,0,1500.0,0
2026-09-29,S806,Aviram Salomon,1504.2815760026103,2,1495.9070840224954,2,1500.0,0,1500.0,0,1500.0,0
2026-09-29,104655,Pablo Cuevas,1504.250801300312,8,1561.6924801164193,3,1472.6587690577328,5,1500.0,0,1500.0,0
2026-09-29,SK48,Caio Silva,1504.2383821288079,4,1500.0,0,1502.4554392283528,4,1500.0,0,1500.0,0
2026-09-29,103975,Sunil-Kumar Sipaeya,1504.2153270862127,2,1502.013425364582,2,1500.0,0,1500.0,0,1500.0,0
2026-09-29,K0AK,Yuta Kawahashi,1504.1381585076085,2,1494.9025080257538,2,1500.0,0,1500.0,0,1500.0,0
2026-09-29,B946,Benjamin Balleret,1504.0958695758254,212,1423.216191618348,45,1506.4084209970565,159,1500.0,0,1451.9239442578526,3
2026-09-29,103362,Alexey Kedryuk,1504.0197118762424,2,1503.9255357634552,2,1500.0,0,1500.0,0,1500.0,0
2026-09-29,K0HL,Kyle Kang,1503.9797464295896,3,1469.3885855585627,1,1524.766426726633,2,1500.0,0,1500.0,0
2026-09-29,103681,Cristian Villagran,1503.9255357634552,2,1500.0,0,1503.9255357634552,2,1500.0,0,1500.0,0
2026-09-29,103445,Michal Mertinak,1503.9255357634552,2,1500.0,0,1503.9255357634552,2,1500.0,0,1500.0,0
2026-09-29,104172,Marco Crugnola,1503.9255357634552,2,1503.9255357634552,2,1500.0,0,1500.0,0,1500.0,0
2026-09-29,104106,Marcel Zimmermann,1503.9255357634552,2,1500.0,0,1503.9255357634552,2,1500.0,0,1500.0,0
2026-09-29,104555,Ricardo Hocevar,1503.9255357634552,2,1500.0,0,1503.9255357634552,2,1500.0,0,1500.0,0
2026-09-29,103780,Brad Weston,1503.9255357634552,2,1503.9255357634552,2,1500.0,0,1500.0,0,1500.0,0
2026-09-29,103980,Lukasz Kubot,1503.9255357634552,2,1503.9255357634552,2,1500.0,0,1500.0,0,1500.0,0
2026-09-29,104724,Farrukh Dustov,1503.9255357634552,2,1500.0,0,1500.0,0,1500.0,0,1503.9255357634552,2
2026-09-29,102927,Frantisek Cermak,1503.9255357634552,2,1503.9255357634552,2,1500.0,0,1500.0,0,1500.0,0
2026-09-29,103756,Diego Hartfield,1503.9255357634552,2,1503.9255357634552,2,1500.0,0,1500.0,0,1500.0,0
2026-09-29,104822,Grega Zemlja,1503.9255357634552,2,1500.0,0,1500.0,0,1500.0,0,1503.9255357634552,2
2026-09-29,104192,Richard Bloomfield,1503.9255357634552,2,1503.9255357634552,2,1500.0,0,1500.0,0,1500.0,0
2026-09-29,103719,Jaroslav Levinsky,1503.9255357634552,2,1503.9255357634552,2,1500.0,0,1500.0,0,1500.0,0
2026-09-29,105326,Jason Zimmermann,1503.9255357634552,2,1503.9255357634552,2,1500.0,0,1500.0,0,1500.0,0
2026-09-29,E634,Mikael Ekman,1503.9097022774115,2,1500.0,0,1503.2709041151854,2,1500.0,0,1500.0,0
2026-09-29,B0IZ,Devin Badenhorst,1503.893993634024,5,1529.6285484285988,4,1500.0,0,1500.0,0,1500.0,0
2026-09-29,W320,Daniel Wendler,1503.8784040358842,2,1507.8936769762217,2,1500.0,0,1500.0,0,1500.0,0
2026-09-29,103448,Jean-Rene Lisnard,1503.8309814269433,2,1500.0,0,1503.37984794005,2,1500.0,0,1500.0,0
2026-09-29,C663,Rabie Chaki,1503.642310084848,34,1500.3931693549073,8,1462.4137290307885,22,1500.0,0,1504.9526201631772,2
2026-09-29,SG56,Daniel Dutra da Silva,1503.5720729543493,223,1372.8104487934247,36,1473.7181917648147,185,1478.179309728319,1,1500.0,0
2026-09-29,J158,Manuel Jorquera,1503.4877276480247,35,1527.678587381472,7,1486.0842252725695,27,1500.0,0,1500.0,0
2026-09-29,102874,Frank Moser,1503.37984794005,2,1503.37984794005,2,1500.0,0,1500.0,0,1500.0,0
2026-09-29,BU10,Jacopo Berrettini,1503.3436171909623,86,1411.1493779614411,18,1531.6120649092036,68,1500.0,0,1500.0,0
2026-09-29,P388,Lee Pearson,1503.2786900812835,2,1500.0,0,1500.0,0,1500.0,0,1500.0,0
2026-09-29,MH59,Valentin Mihai,1503.1415091880249,2,1500.0,0,1516.328671645543,2,1500.0,0,1500.0,0
2026-09-29,T222,Walter Treu,1503.0401220614356,2,1500.0,0,1506.3033512156044,2,1500.0,0,1500.0,0
2026-09-29,BJ37,Sebastien Boltz,1502.8550133033693,11,1497.3862211275457,11,1500.0,0,1500.0,0,1500.0,0
2026-09-29,DB90,Vimuktha De Alwis,1502.7415100876376,2,1500.0,0,1468.6533372282454,2,1500.0,0,1500.0,0
2026-09-29,Z09B,Alexander Zgirovsky,1502.5998334774454,6,1507.4063081745874,5,1495.6378531596508,1,1500.0,0,1500.0,0
2026-09-29,104435,Lamine Ouahab,1502.5981615445157,2,1500.0,0,1503.9255357634552,2,1500.0,0,1500.0,0
2026-09-29,103103,Dominik Hrbaty,1502.5981615445157,2,1503.9255357634552,2,1500.0,0,1500.0,0,1500.0,0
2026-09-29,C637,Sean Cooper,1502.4878909425797,2,1565.6631951100942,1,1446.6010714912359,1,1500.0,0,1500.0,0
2026-09-29,105165,Patrik Rosenholm,1502.486486059695,2,1500.0,0,1503.37984794005,2,1500.0,0,1500.0,0
2026-09-29,I426,Masamichi Imamura,1502.3265120420153,47,1467.9377065101876,47,1500.0,0,1500.0,0,1500.0,0
2026-09-29,M506,Luis Adrian Morejon,1502.3133025954853,37,1373.5907638222357,5,1567.6937688328853,31,1456.5399636516506,1,1500.0,0
2026-09-29,SO70,Joe Salisbury,1502.20822545436,8,1461.9280420792427,4,1500.0,0,1389.7031504254078,4,1500.0,0
2026-09-29,B516,Federico Browne,1502.12736208523,149,1499.9896714523193,41,1526.345363930001,97,1500.0,0,1421.2874316046687,8
2026-09-29,A0C5,Dimitris Azoidis,1502.1190532682801,2,1498.87615762916,2,1500.0,0,1500.0,0,1500.0,0
2026-09-29,K408,Andrej Kracman,1502.0730007274326,16,1580.2934025641578,3,1462.995987987329,10,1500.0,0,1477.5892454602276,3
2026-09-29,D763,Marcus Daniell,1501.8871812845587,28,1493.3836436232452,22,1452.3615290867058,1,1445.7971247692756,5,1500.0,0
2026-09-29,S0H1,Luca Staeheli,1501.8043804346942,8,1462.3853375943115,1,1516.573050806114,7,1500.0,0,1500.0,0
2026-09-29,104780,Laurent Rochette,1501.67091500925,2,1505.6061213321157,2,1500.0,0,1500.0,0,1500.0,0
2026-09-29,105451,Milos Sekulic,1501.604490009461,2,1500.0,0,1502.5981615445157,2,1500.0,0,1500.0,0
2026-09-29,E152,Jonathan Erlich,1501.5361179570248,32,1507.5717450937682,28,1500.0,0,1386.1304755863302,4,1500.0,0
2026-09-29,O0BQ,Karlis Ozolins,1501.521696583786,9,1475.0632253441574,7,1500.0,0,1500.0,0,1500.0,0
2026-09-29,A404,Johannes Ager,1501.5124358025394,20,1440.9031244009152,1,1525.9439177262868,16,1500.0,0,1471.9918133150259,3
2026-09-29,P620,Torsten Popp,1501.4593945342035,52,1477.141307414448,5,1533.9150771589543,40,1500.0,0,1508.7627996964168,7
2026-09-29,PC70,Marcelo Palacios-Siegenthale,1501.362388954771,3,1500.0,0,1501.7550980814538,3,1500.0,0,1500.0,0
2026-09-29,102875,Dusan Vemic,1501.359390517777,6,1505.446497494327,4,1503.9255357634552,2,1500.0,0,1500.0,0
2026-09-29,RH54,Rayane Roumane,1501.3263820675536,11,1507.0985199830632,9,1434.2638350210718,1,1500.0,0,1500.0,0
2026-09-29,104678,Vincent Millot,1501.3112576980557,4,1411.500647371629,2,1607.7018959237048,2,1500.0,0,1500.0,0
2026-09-29,LG87,Gerardo Lopez Villasenor,1501.24826660234,32,1484.4945348636106,22,1465.6832095578493,7,1443.5673955312886,2,1500.0,0
2026-09-29,GC03,Teri Groll,1501.1674917357052,3,1488.1968308297503,3,1500.0,0,1500.0,0,1500.0,0
2026-09-29,D0L8,Timofei Derepasko,1500.931857803836,5,1493.0809450540369,5,1500.0,0,1500.0,0,1500.0,0
2026-09-29,SM05,Ilia Shatskiy,1500.9054676521423,2,1502.5514330423548,2,1500.0,0,1500.0,0,1500.0,0
2026-09-29,104677,Julian Reister,1500.8965921775443,6,1447.5985897862085,1,1514.779419393946,2,1500.0,0,1555.2803130387458,3
2026-09-29,MP13,Mukund Sasikumar,1500.7985701752655,158,1475.6050413608914,138,1357.7239436474122,13,1425.3374992412269,7,1500.0,0
2026-09-29,D473,Scott Doerner,1500.5549362291995,2,1509.5298511413225,2,1500.0,0,1500.0,0,1500.0,0
2026-09-29,A0DV,Arda Azkara,1500.4965196005992,14,1483.3441719782732,12,1500.0,0,1465.6679977293918,2,1500.0,0
2026-09-29,MI55,Logan Mackenzie,1500.4327933703346,2,1507.1672382996915,2,1500.0,0,1500.0,0,1500.0,0
2026-09-29,M451,Bertrand Madsen,1500.3381179719333,6,1513.6964316591034,4,1502.5845796575422,2,1500.0,0,1500.0,0
2026-09-29,W442,Michal Wlodarczyk,1500.2711889805842,2,1500.0,0,1503.9255357634552,2,1500.0,0,1500.0,0
2026-09-29,E673,Chris Eaton,1500.2693021844557,58,1427.287839221834,30,1500.0,0,1457.835462718897,26,1440.9031244009152,1
2026-09-29,P045,Gianluca Pozzi,1500.1879978976624,130,1450.0654466482133,57,1308.6820475836266,18,1503.2027574576941,31,1566.4823680986947,24
2026-09-29,102878,Alexandre Simoni,1500.120120356478,2,1500.0,0,1503.9255357634552,2,1500.0,0,1500.0,0
2026-09-29,SC87,Nikolai Soloviev,1500.1028396763218,3,1500.0,0,1500.0,0,1500.0,0,1466.8348604354521,3
2026-09-29,BD83,Aliaksandr Bury,1499.9183011242546,41,1516.2467245012303,27,1451.4688148721843,12,1418.0901694537677,2,1500.0,0
2026-09-29,SL24,Nicolas Salama,1499.8912968527982,3,1500.0,0,1504.4863409685981,3,1500.0,0,1500.0,0
2026-09-29,KD19,Svyatoslav Knyazev,1499.8818621643413,2,1498.8173790941703,2,1500.0,0,1500.0,0,1500.0,0
2026-09-29,K299,Gergely Kisgyorgy,1499.8454720716159,34,1520.4138956881634,9,1504.9668011494175,18,1500.0,0,1352.607326688927,7
2026-09-29,SM74,Austin Smith,1499.8397519554312,3,1478.193465501694,3,1500.0,0,1500.0,0,1500.0,0
2026-09-29,103869,Jonathan Hilaire,1499.7666929354607,2,1499.7666929354607,2,1500.0,0,1500.0,0,1500.0,0
2026-09-29,103581,Rik De Voest,1499.7666929354607,2,1499.7666929354607,2,1500.0,0,1500.0,0,1500.0,0
2026-09-29,DG53,Gabriel Decamps,1499.65263290615,43,1429.2003259316837,32,1432.5340656930955,7,1500.0,0,1526.367080576142,2
2026-09-29,T760,Sasa Tuksar,1499.5987802883492,115,1500.6224175858958,28,1497.391137119288,68,1500.0,0,1409.0010354608269,17
2026-09-29,H385,Amir Hadad,1499.5931786382785,96,1574.1326805824663,51,1513.2564880075277,34,1533.7604778481566,2,1436.4107180612282,9
2026-09-29,V273,Gert Vilms,1499.5734962764475,2,1434.3368048899058,1,1500.0,0,1500.0,0,1565.6631951100942,1
2026-09-29,N824,Pavel Nejedly,1499.5556070431378,9,1516.4383422760745,2,1462.0125029939115,7,1500.0,0,1500.0,0
2026-09-29,G401,Javier Garcia-Sintes,1499.4826074635546,14,1500.0,0,1509.293059180065,14,1500.0,0,1500.0,0
2026-09-29,B0D6,Taha Baadi,1499.381782361228,27,1454.1714456283325,21,1510.3495227213753,5,1451.2080218570368,1,1500.0,0
2026-09-29,A759,Jean-Yves Aubone,1499.2282096197,16,1487.2144772679142,13,1486.2477032467518,3,1500.0,0,1500.0,0
2026-09-29,J102,Mark Joachim,1498.966272445063,5,1500.0,0,1501.313846128317,5,1500.0,0,1500.0,0
2026-09-29,S854,Robert Samuelsson,1498.84116859136,2,1500.0,0,1511.9015005154204,2,1500.0,0,1500.0,0
2026-09-29,S0QZ,Sebastian Sorger,1498.8117370512873,11,1500.0,0,1464.1698488651086,11,1500.0,0,1500.0,0
2026-09-29,V494,Antal Van Der Duim,1498.7969299549056,54,1328.8668376672244,11,1531.7104802517497,41,1500.0,0,1516.183238120731,2
2026-09-29,P0HY,Samuele Pieri,1498.573377128172,18,1500.0,0,1467.750687573881,18,1500.0,0,1500.0,0
2026-09-29,M038,Gene Mayer,1498.498318076683,2,1500.9368735881503,2,1500.0,0,1500.0,0,1500.0,0
2026-09-29,J0CL,Dev Javia,1498.4145987810482,4,1453.5120427521126,1,1532.4252125818666,3,1500.0,0,1500.0,0
2026-09-29,D546,Johny De Leon,1498.1948191484441,8,1459.8866812778222,3,1533.9685787729366,5,1500.0,0,1500.0,0
2026-09-29,MM63,Wayne Montgomery,1498.1665114504854,3,1488.0868092588994,3,1500.0,0,1500.0,0,1500.0,0
2026-09-29,P273,David Prinosil,1498.015887420279,112,1437.529769564857,41,1207.1519044299705,11,1640.4273397730044,35,1488.916350829547,24
2026-09-29,T207,Kim Tiilikainen,1497.9189898306913,37,1410.672014221007,7,1442.7272054484426,21,1500.0,0,1540.024270545943,9
2026-09-29,P0O9,Mika Petkovic,1497.9180974215205,19,1427.8920217830034,1,1486.1239482445146,18,1500.0,0,1500.0,0
2026-09-29,MC63,Israel Morales,1497.786425176977,4,1510.5606668924447,4,1500.0,0,1500.0,0,1500.0,0
2026-09-29,M796,David McNamara,1497.7839695922655,2,1500.0,0,1500.0,0,1533.5503372837882,2,1500.0,0
2026-09-29,BG08,Moritz Baumann,1497.6919153303327,13,1423.3051513808832,3,1521.315670836347,10,1500.0,0,1500.0,0
2026-09-29,LC58,Tomas Lipovsek Puches,1497.650440682897,69,1471.3934174908431,6,1475.0884002990188,62,1416.27942623463,1,1500.0,0
2026-09-29,M902,Julien Mathieu,1497.5317800449707,11,1521.9742235696406,9,1500.0,0,1500.0,0,1440.8400058706911,1
2026-09-29,KI48,Ergi Kirkin,1497.4945695378965,121,1470.4203381502039,51,1497.6130405698755,66,1476.4748079397577,3,1500.0,0
2026-09-29,G09V,Robert Galloway,1497.3978568961786,3,1491.8338942601442,3,1500.0,0,1500.0,0,1500.0,0
2026-09-29,BC71,Jonas Berg,1497.3734202282587,2,1500.0,0,1493.2257798597748,2,1500.0,0,1500.0,0
2026-09-29,N0DY,Fnu Nidunjianzan,1497.3605171915187,1,1500.0,0,1497.850086420811,1,1500.0,0,1500.0,0
2026-09-29,C477,Matteo Colla,1497.3380518621543,14,1465.8434103621594,2,1498.4193238407956,12,1500.0,0,1500.0,0
2026-09-29,K802,Miles Kasiri,1497.3146197288438,5,1526.5317387992166,2,1500.0,0,1489.1071030777973,3,1500.0,0
2026-09-29,T762,Josko Topic,1497.2876752651773,19,1397.2889594521537,7,1546.154618971056,12,1500.0,0,1500.0,0
2026-09-29,N412,Shannon Nettle,1497.2819588250777,14,1491.4806321025446,11,1441.6346416851466,3,1500.0,0,1500.0,0
2026-09-29,H0B5,Tsung-Hao Huang,1497.264203736117,18,1479.6167719179732,17,1469.7825855500885,1,1500.0,0,1500.0,0
2026-09-29,B0VX,Pierluigi Basile,1497.2559610708201,19,1382.3791900814626,3,1499.0488993719223,16,1500.0,0,1500.0,0
2026-09-29,BE81,Alen Bisevac,1497.220969604632,4,1500.0,0,1501.6325296018172,4,1500.0,0,1500.0,0
2026-09-29,N259,Salvador Navarro,1497.119042320418,143,1347.6017136384207,3,1501.8479835849619,138,1500.0,0,1500.0,0
2026-09-29,DH55,Michiel De Krom,1496.7668987867578,5,1500.0,0,1486.143923046399,5,1500.0,0,1500.0,0
2026-09-29,SM71,Vinayak Sharma Kaza,1496.6517432441117,5,1500.3226108427425,5,1500.0,0,1500.0,0,1500.0,0
2026-09-29,CN80,Raphael Calzi,1496.6228397097293,2,1434.888013977195,1,1500.0,0,1500.0,0,1500.0,0
2026-09-29,A006,Ronald Agenor,1496.60072256189,97,1471.318646314007,46,1591.5507225251724,48,1407.0264904779065,3,1500.0,0
2026-09-29,104871,Jeremy Chardy,1496.553866860517,2,1438.604912572062,1,1564.7035569862444,1,1500.0,0,1500.0,0
2026-09-29,W0BB,Max Wiskandt,1496.3721088955392,39,1436.3250406858822,21,1488.304481463403,17,1449.7359215647753,1,1500.0,0
2026-09-29,103577,Mariusz Fyrstenberg,1496.3630688397302,2,1500.0,0,1503.9255357634552,2,1500.0,0,1500.0,0
2026-09-29,105815,Matthew Barton,1496.3630688397302,2,1500.0,0,1500.0,0,1503.9255357634552,2,1500.0,0
2026-09-29,106422,Daniel Geib,1496.2333386856926,2,1500.0,0,1496.2333386856926,2,1500.0,0,1500.0,0
2026-09-29,J0D2,Maximus Jones,1496.205056172331,72,1461.1121368706115,59,1536.6189333176078,13,1500.0,0,1500.0,0
2026-09-29,BE93,Chase Buchanan,1496.0650851863222,117,1527.2700155929058,82,1426.129842317597,30,1387.5083573491734,3,1511.4727131267487,2
2026-09-29,C853,Pedro Clar-Rossello,1496.039975667737,28,1376.5608773992415,6,1528.880554735521,21,1500.0,0,1500.0,0
2026-09-29,K362,Cristian Kordasz,1496.0303378500998,74,1557.8980073797038,14,1510.8976818066808,56,1500.0,0,1500.0,0
2026-09-29,103730,Benedikt Dorsch,1496.016188880912,2,1496.6551438516196,2,1500.0,0,1500.0,0,1500.0,0
2026-09-29,H624,Ryan Haviland,1495.8304192603505,22,1494.060135797769,18,1500.0,0,1494.52371969135,4,1500.0,0
2026-09-29,S721,Alexandre Simoni,1495.829931018904,195,1555.2091702409125,98,1420.6400042568437,88,1355.0182807173358,6,1500.0,0
2026-09-29,HC99,Lenny Hampel,1495.8048760856764,20,1485.2262837853839,1,1493.050424251503,19,1500.0,0,1500.0,0
2026-09-29,P0MG,Raphael Perot,1495.8048744771265,16,1489.6035752789705,9,1449.1280606959501,7,1500.0,0,1500.0,0
2026-09-29,KD48,Markos Kalovelonis,1495.7350325865382,13,1448.3920264545663,10,1438.7605614403885,2,1500.0,0,1565.6631951100942,1
2026-09-29,MB57,Jason Mallaiah,1495.6987624630992,2,1500.0,0,1495.348584401742,2,1500.0,0,1500.0,0
2026-09-29,V0G6,Leo Vithoontien,1495.6870785910623,7,1482.0222283816759,7,1500.0,0,1500.0,0,1500.0,0
2026-09-29,110260,David Nord,1495.6609421752587,2,1500.0,0,1495.6609421752587,2,1500.0,0,1500.0,0
2026-09-29,M448,Brian MacPhie,1495.6090669537118,5,1490.9516404061912,5,1500.0,0,1500.0,0,1500.0,0
2026-09-29,G0GZ,Liam Gavrielides,1495.5059185763525,8,1469.5383798954879,1,1515.6552700343877,6,1457.5124115564524,1,1500.0,0
2026-09-29,BE68,Tomislav Brkic,1495.4410540901147,159,1384.7258374949859,57,1544.3651614798612,95,1563.5183673386387,5,1467.4583996107224,1
2026-09-29,I180,Alexei Ivanov,1495.4179983893578,2,1498.8852383207175,2,1500.0,0,1500.0,0,1500.0,0
2026-09-29,BK68,Francisco Bahamonde,1495.3849476700843,15,1500.0,0,1501.7487251547896,15,1500.0,0,1500.0,0
2026-09-29,M954,Nikolay Mishin,1495.3806772028533,2,1500.0,0,1507.665891886153,2,1500.0,0,1500.0,0
2026-09-29,HB86,Nicholas Horton,1495.2213207510765,4,1468.8750121915184,4,1500.0,0,1500.0,0,1500.0,0
2026-09-29,SA99,Matias Silva,1495.1848790298486,9,1507.6110053588839,2,1511.815971274932,7,1500.0,0,1500.0,0
2026-09-29,R632,Michael Ryderstedt,1495.1603125733213,177,1506.3669320742654,107,1500.8010362170107,58,1321.3352782838945,6,1330.725971321852,6
2026-09-29,C611,Tobias Clemens,1495.1192824850227,73,1428.3808015777602,39,1574.684614647911,28,1385.6484129343075,2,1342.8201228003961,4
2026-09-29,104050,Carlos Salamanca,1495.0906020543018,2,1500.0,0,1503.9255357634552,2,1500.0,0,1500.0,0
2026-09-29,DE18,Artur Dubinski,1495.0334232712173,2,1492.241225361892,2,1500.0,0,1500.0,0,1500.0,0
2026-09-29,B0I5,Blaise Bicknell,1494.9543203828928,82,1451.9993482264267,59,1480.2766290262343,21,1500.0,0,1500.0,0
2026-09-29,J140,Michael Jessup,1494.9408512788675,9,1498.5456215256409,9,1500.0,0,1500.0,0,1500.0,0
2026-09-29,R844,Eladio Ribeiro Neto,1494.9314785820177,22,1456.658053190416,4,1537.7747298323975,18,1500.0,0,1500.0,0
2026-09-29,K537,Matt Klinger,1494.928669341827,2,1435.4822679911078,1,1500.0,0,1500.0,0,1565.6631951100942,1
2026-09-29,SJ71,Andrei Savulescu,1494.9265707126465,7,1500.0,0,1489.0843602809316,7,1500.0,0,1500.0,0
2026-09-29,A293,Yves Allegro,1494.9063463239906,91,1459.4770865184391,39,1341.30663021926,11,1435.6734050150212,21,1523.5790695217204,17
2026-09-29,H391,Diego Hipperdinger,1494.7989829541864,29,1421.6193991199625,1,1488.6323449995841,28,1500.0,0,1500.0,0
2026-09-29,BL60,Mor Bulis,1494.7014314365429,1,1492.6218778649218,1,1500.0,0,1500.0,0,1500.0,0
2026-09-29,H0J1,Naoya Honda,1494.6141126109214,12,1504.9514797277407,10,1434.7872898241133,2,1500.0,0,1500.0,0
2026-09-29,SD27,Martin Stiegwardt,1494.6124322700005,2,1500.0,0,1500.1493094613456,2,1500.0,0,1500.0,0
2026-09-29,L514,Olivier Le Jeune,1494.6071539617747,2,1496.0043371693134,2,1500.0,0,1500.0,0,1500.0,0
2026-09-29,133933,Thomas Yaka Kofi Setodji,1494.585493430296,5,1494.2419544895274,5,1500.0,0,1500.0,0,1500.0,0
2026-09-29,G328,Elia Grossi,1494.5568820111075,38,1543.8305276624985,3,1497.7000178113603,30,1500.0,0,1497.1598853404757,5
2026-09-29,C945,Sebastien Couberes,1494.4436876323546,1,1500.0,0,1493.4439342520457,1,1500.0,0,1500.0,0
2026-09-29,P0EP,Andreja Petrovic,1494.3808214799058,1,1491.9202024354584,1,1500.0,0,1500.0,0,1500.0,0
2026-09-29,F886,Jakub Filipsky,1494.3756368973204,1,1500.0,0,1493.173664716514,1,1500.0,0,1500.0,0
2026-09-29,M0BW,Ye Cong Mo,1494.3566120362818,14,1477.9821621208328,14,1500.0,0,1500.0,0,1500.0,0
2026-09-29,104810,Denis Istomin,1494.335742689215,2,1438.604912572062,1,1561.395087427938,1,1500.0,0,1500.0,0
2026-09-29,J148,Fredrik Jonsson,1494.267089416655,58,1543.0920702295332,35,1412.3908446996393,17,1290.2396092494657,3,1460.269127426634,3
2026-09-29,J259,Andis Juska,1494.138534658045,161,1378.7809594418409,77,1528.0850258009275,51,1520.9522475073693,4,1584.3399534047387,29
2026-09-29,L401,Daniel Langre,1494.1209277539956,5,1554.4443647245132,1,1464.3530184214703,4,1500.0,0,1500.0,0
2026-09-29,B440,Noam Behr,1494.113762547454,103,1407.9102569358113,70,1446.655838234944,10,1468.011281956183,5,1683.4239544234863,15
2026-09-29,SG17,Jean Segodo,1493.8119904464022,1,1492.1207313909824,1,1500.0,0,1500.0,0,1500.0,0
2026-09-29,I063,Tasuku Iwami,1493.7504962447692,64,1529.5274918437701,46,1440.9031244009152,1,1485.9543526556083,6,1398.0472763653288,11
2026-09-29,K417,Young-Jun Kim,1493.5048345743028,34,1488.1344140389635,31,1500.0,0,1630.061663998306,2,1437.9391923762028,1
2026-09-29,K457,Hiroki Kondo,1493.488306970901,87,1488.0959923160115,65,1502.513274004308,2,1444.18628415642,1,1457.3344546815813,19
2026-09-29,102811,Frederic Niemeyer,1493.3162795268834,4,1493.3162795268834,4,1500.0,0,1500.0,0,1500.0,0
2026-09-29,B575,Rene Busch,1493.2165911641841,2,1500.0,0,1493.2165911641841,2,1500.0,0,1500.0,0
2026-09-29,B696,Vladimir Bistryavichus,1493.1963178380445,2,1500.0,0,1484.7715356697988,2,1500.0,0,1500.0,0
2026-09-29,P471,Francesco Piccari,1493.187121816465,56,1423.080888645202,15,1486.057094918462,40,1411.424349600059,1,1500.0,0
2026-09-29,SD23,Artem Sitak,1493.1836794593635,127,1477.0429521652184,96,1305.6209079884836,17,1463.1579045184185,9,1451.6058405502633,4
2026-09-29,KD45,Stuart Kenyon,1493.157242379173,1,1500.0,0,1484.1882134186842,1,1500.0,0,1500.0,0
2026-09-29,N0BA,Axel Nefve,1493.1268675263402,3,1515.5842840539972,2,1500.0,0,1425.6141064324536,1,1500.0,0
2026-09-29,104523,Nick Van Der Meer,1493.1172605136717,2,1500.0,0,1496.0744642365448,2,1500.0,0,1500.0,0
2026-09-29,BC68,Philip Bester,1492.9776785712634,132,1462.104808048298,120,1410.292235020138,8,1525.0752757691982,2,1413.6008674631119,2
2026-09-29,P528,Hendri Susilo Pramono,1492.9640567308797,2,1496.2075750130034,2,1500.0,0,1500.0,0,1500.0,0
2026-09-29,E251,Henry Estrella,1492.9457510259779,6,1434.3368048899058,1,1563.814872528534,5,1500.0,0,1500.0,0
2026-09-29,K539,Benjamin Kohlloeffel,1492.8459005778095,9,1461.407807409579,1,1482.4495807527276,4,1500.0,0,1540.6905632707062,4
2026-09-29,R240,Juan-Luis Rascon-Lope,1492.8423693407522,9,1477.2510835586452,7,1500.0,0,1500.0,0,1515.4690942294542,2
2026-09-29,W804,Nikolas Walterscheid-Tukic,1492.8042973798692,1,1500.0,0,1492.4546913763606,1,1500.0,0,1500.0,0
2026-09-29,B699,Matias Boeker,1492.7550620860077,66,1530.2918870217723,56,1380.1029318335259,7,1452.7669495877813,3,1500.0,0
2026-09-29,KB56,Micke Kontinen,1492.7492508638022,39,1491.6837863966966,15,1485.3169335122886,24,1500.0,0,1500.0,0
2026-09-29,PJ02,Aliaksandr Prudnikau,1492.7392480533563,1,1500.0,0,1479.9260028390315,1,1500.0,0,1500.0,0
2026-09-29,HB89,Evan Hoyt,1492.696409491284,7,1540.8662915237626,2,1500.0,0,1317.65341929216,5,1500.0,0
2026-09-29,KI75,Sevan Kelpetindjian,1492.6908779001944,1,1500.0,0,1471.774173963097,1,1500.0,0,1500.0,0
2026-09-29,L0DM,Alejo Lorenzo Lingua Lavallen,1492.5217586482613,28,1500.0,0,1477.0707806545574,28,1500.0,0,1500.0,0
2026-09-29,C677,Bertrand Contzler,1492.4014249517268,6,1431.1009729058167,2,1523.29575257178,4,1500.0,0,1500.0,0
2026-09-29,F0BP,Pietro Fellin,1492.2891857516195,19,1474.7187265266564,13,1450.0245072324683,6,1500.0,0,1500.0,0
2026-09-29,Y0BE,Rafael Ymer,1492.2321035970137,1,1489.6526613756746,1,1500.0,0,1500.0,0,1500.0,0
2026-09-29,V0BH,James Van Deinse,1492.194430234752,1,1488.7393251810254,1,1500.0,0,1500.0,0,1500.0,0
2026-09-29,A741,Jean Andersen,1492.1751368560933,13,1457.087141081903,11,1528.867889362906,2,1500.0,0,1500.0,0
2026-09-29,SD65,Federico Sansonetti,1492.119220653115,11,1434.3368048899058,1,1515.3036881939142,10,1500.0,0,1500.0,0
2026-09-29,DB69,Tomislav Draganja,1491.9732724669443,2,1500.0,0,1494.1635019636187,2,1500.0,0,1500.0,0
2026-09-29,M0DQ,Vladislav Melnic,1491.9517887747922,2,1476.5048257676358,2,1500.0,0,1500.0,0,1500.0,0
2026-09-29,T0JO,Alaa Trifi,1491.7613144067925,1,1488.9208472461014,1,1500.0,0,1500.0,0,1500.0,0
2026-09-29,H0BA,Shinji Hazawa,1491.75975281109,20,1463.0558985910973,20,1500.0,0,1500.0,0,1500.0,0
2026-09-29,KD14,Duje Kekez,1491.6879520727696,14,1456.218665019428,2,1507.2058371522494,12,1500.0,0,1500.0,0
2026-09-29,A0HP,Arslanbek Aitkulov,1491.6426232838803,1,1483.159413210569,1,1500.0,0,1500.0,0,1500.0,0
2026-09-29,P353,Axel Pretzsch,1491.5334724588624,103,1502.2262026247697,47,1294.1476936278898,14,1434.0785742146504,3,1673.6111172174712,39
2026-09-29,M579,Rolandas Murashka,1491.4341988280667,4,1486.561065902349,2,1500.0,0,1500.0,0,1504.6182773687708,2
2026-09-29,GA48,Takanyi Garanganga,1491.3001183074098,83,1470.317870891177,62,1469.2530617509124,12,1459.5481980967766,9,1500.0,0
2026-09-29,BH86,Jose Benitez,1491.2420910457747,4,1565.6631951100942,1,1431.2578383149885,3,1500.0,0,1500.0,0
2026-09-29,W739,Daniel Windahl,1491.1756038765022,8,1438.3059943518933,3,1540.2603868231104,5,1500.0,0,1500.0,0
2026-09-29,K0JI,Aleksa Krivokapic,1491.0395709462464,1,1480.9397098237705,1,1500.0,0,1500.0,0,1500.0,0
2026-09-29,K297,Tuomas Ketola,1490.9510820407927,228,1545.2672660352212,126,1380.8495020241946,27,1403.3597122700703,21,1584.4969661833882,51
2026-09-29,M984,David Marrero,1490.886721523674,193,1332.971440490269,13,1542.8830322293404,171,1425.455872767243,3,1500.0,0
2026-09-29,J553,Omar Jasika,1490.7647115906402,213,1477.091065943332,194,1387.853411841274,11,1276.8960446853926,7,1482.0078915214656,1
2026-09-29,105715,Pierre-Hugues Herbert,1490.7389646297866,2,1497.4582603181798,2,1500.0,0,1500.0,0,1500.0,0
2026-09-29,G285,Kris Goossens,1490.6162231207502,21,1500.0,0,1516.3355478131616,20,1500.0,0,1440.9031244009152,1
2026-09-29,SY73,Abhinav Sanjeev Shanmugam,1490.6101840951767,3,1454.3656650729113,3,1500.0,0,1500.0,0,1500.0,0
2026-09-29,G0FZ,Cole Gromley,1490.5697134393356,1,1488.8343844478836,1,1500.0,0,1500.0,0,1500.0,0
2026-09-29,MT97,Maxime Mora,1490.366914120138,1,1484.186317058397,1,1500.0,0,1500.0,0,1500.0,0
2026-09-29,K284,Igor Kornienko,1490.363741927995,1,1489.0669682379043,1,1500.0,0,1500.0,0,1500.0,0
2026-09-29,F464,Luis Manuel Flores,1490.2936228379458,25,1500.8235999397396,18,1444.930047788587,2,1459.9285509183962,3,1615.306426646831,2
2026-09-29,J620,Maxime Janvier,1490.2344396232381,399,1475.2126276717754,227,1441.5998006549946,160,1486.773918794506,10,1500.0,0
2026-09-29,SP07,Andras Szekely,1490.1164351157097,1,1500.0,0,1481.143166770562,1,1500.0,0,1500.0,0
2026-09-29,O408,Ricardo Ojeda Lara,1490.039042703875,87,1418.5596715018319,26,1558.329750601749,57,1316.4851793003822,2,1500.0,0
2026-09-29,HC05,Soteris Hadjistyllis,1490.004148474758,1,1487.4645628072276,1,1500.0,0,1500.0,0,1500.0,0
2026-09-29,SH32,Krisjanis Stabins,1489.9895891561696,1,1485.7308126165594,1,1500.0,0,1500.0,0,1500.0,0
2026-09-29,R923,David Rice,1489.9870212555988,40,1462.8288112774337,21,1455.4124791652687,1,1410.8175027277257,16,1440.9031244009152,1
2026-09-29,R966,Michel-Alexandre Rioux,1489.9188552989174,2,1500.0,0,1500.0,0,1500.0,0,1519.7530960796225,2
2026-09-29,C0D4,Caleb Chakravarthi,1489.88393131691,1,1488.6636997954304,1,1500.0,0,1500.0,0,1500.0,0
2026-09-29,E09O,Mayez Jupiter Elrich,1489.8677485759117,1,1480.072821491807,1,1500.0,0,1500.0,0,1500.0,0
2026-09-29,G714,Daniel Garza,1489.8353460373048,85,1522.522617026839,42,1416.2519499730463,41,1500.0,0,1497.2164596301445,2
2026-09-29,F164,Richard Fromberg,1489.816651859933,66,1499.7497687736231,33,1450.9845189706846,29,1471.7129347790528,4,1500.0,0
2026-09-29,B0QB,Alessio Basile,1489.759830322193,1,1485.6753768332953,1,1500.0,0,1500.0,0,1500.0,0
2026-09-29,B660,Jack Brasington,1489.7476394359633,79,1504.1133641713063,70,1500.4408953132956,8,1373.0465297852384,1,1500.0,0
2026-09-29,D0NP,Goncalo Da Rosa Castro,1489.6531669148296,1,1500.0,0,1473.3421437972002,1,1500.0,0,1500.0,0
2026-09-29,103917,Daniel Munoz de la Nava,1489.6456648084265,2,1438.604912572062,1,1555.81371584358,1,1500.0,0,1500.0,0
2026-09-29,P469,Christophe Pognon,1489.5704793107343,1,1483.3005142182624,1,1500.0,0,1500.0,0,1500.0,0
2026-09-29,BA08,Alberto Brizzi,1489.5416890978036,210,1420.6145804927414,17,1497.5996002083175,191,1500.0,0,1361.4927944280691,2
2026-09-29,SY00,Jumpei Yamasaki,1489.512696045145,9,1419.620725245796,5,1490.8782586233006,1,1457.3582278019478,1,1615.6116022617764,2
2026-09-29,V763,Filip Veger,1489.4415959928187,39,1488.582846897082,28,1450.6009825545032,8,1444.18628415642,1,1425.1398779547549,2
2026-09-29,LE91,Florian Lakat,1489.4336119103111,1,1487.872077852201,1,1500.0,0,1500.0,0,1500.0,0
2026-09-29,C918,Erik Chvojka,1489.3605131719733,113,1489.451628372832,90,1414.9204530848808,10,1532.2105086506217,10,1391.800226003485,2
2026-09-29,V0FD,Pijus Vaitiekunas,1489.3514859071088,2,1501.2134198306096,2,1500.0,0,1500.0,0,1500.0,0
2026-09-29,X014,Haitong Xia,1489.259561673316,2,1498.0137671850562,2,1500.0,0,1500.0,0,1500.0,0
2026-09-29,T0LC,Kai Thompson,1489.2359698562677,1,1484.6222574356166,1,1500.0,0,1500.0,0,1500.0,0
2026-09-29,I411,Johannes Ingildsen,1489.185137693458,6,1486.8016692251188,2,1510.1179553372783,3,1460.214633242951,1,1500.0,0
2026-09-29,W0BR,Niklas Waldner,1489.1340167881783,1,1500.0,0,1489.584226507283,1,1500.0,0,1500.0,0
2026-09-29,F379,Rafael Fontes,1489.0391736939523,2,1500.0,0,1489.6323142717974,2,1500.0,0,1500.0,0
2026-09-29,Y033,Yong-Il Yoon,1489.0136591672283,62,1554.346878560023,45,1574.0199534778665,5,1398.6961538211792,3,1382.8768943876998,6
2026-09-29,N267,Mark Nielsen,1488.992347740799,87,1462.3247321676333,53,1494.4176595625336,12,1514.4901749037904,4,1438.5699296579883,11
2026-09-29,C243,Jim Courier,1488.9544935767906,9,1499.780420614762,9,1500.0,0,1500.0,0,1500.0,0
2026-09-29,AG60,Kareem Al Allaf,1488.9351740861234,1,1485.4836387111648,1,1500.0,0,1500.0,0,1500.0,0
2026-09-29,G510,Miguel Gallardo-Valles,1488.9257304905761,161,1497.4967498000797,100,1460.0644162491021,52,1534.2856601315389,4,1449.3761024314,5
2026-09-29,T09U,Yuga Tashiro,1488.9044800318845,1,1488.1116636822017,1,1500.0,0,1500.0,0,1500.0,0
2026-09-29,K586,Patrick Knobloch,1488.9025455498395,2,1500.0,0,1480.8419896895853,2,1500.0,0,1500.0,0
2026-09-29,J0CU,Sander Jong,1488.652720324691,8,1500.0,0,1380.1043233691641,6,1544.8327863232362,2,1500.0,0
2026-09-29,A707,Bruno Agostinelli,1488.6015704126494,6,1452.6313344392404,4,1544.4839954440088,2,1500.0,0,1500.0,0
2026-09-29,O484,Adrian Obert,1488.5832135644712,1,1500.0,0,1490.6930984662727,1,1500.0,0,1500.0,0
2026-09-29,B553,Alberto Brause,1488.5562300688234,2,1434.3368048899058,1,1546.458131448842,1,1500.0,0,1500.0,0
2026-09-29,MK69,John Morrissey,1488.5190582042674,2,1480.1689186264393,2,1500.0,0,1500.0,0,1500.0,0
2026-09-29,P0FU,Filip Pieczonka,1488.4796953531543,9,1409.231621275712,4,1507.279720074775,5,1500.0,0,1500.0,0
2026-09-29,G0J9,Svyatoslav Gulin,1488.4184485713558,20,1462.643673444966,4,1471.6545483643322,16,1500.0,0,1500.0,0
2026-09-29,RA03,Alvaro Raposo De Oliveira,1488.3901220452678,2,1500.0,0,1499.896970879619,2,1500.0,0,1500.0,0
2026-09-29,N385,David Novak,1488.3756929599651,6,1500.0,0,1493.6856575766124,6,1500.0,0,1500.0,0
2026-09-29,DA29,David De Goede,1488.3627694874224,1,1488.5915976453186,1,1500.0,0,1500.0,0,1500.0,0
2026-09-29,SD10,Luke Shields,1488.3325679164677,2,1492.6460659158697,2,1500.0,0,1500.0,0,1500.0,0
2026-09-29,E0CI,Sebastian Eriksson,1488.3066684006822,1,1487.7517694053847,1,1500.0,0,1500.0,0,1500.0,0
2026-09-29,S0IZ,Brian Shi,1488.24089900612,1,1484.4462494568888,1,1500.0,0,1500.0,0,1500.0,0
2026-09-29,R0MW,Alessandro Rubini,1488.1891616566122,1,1500.0,0,1487.3275478539797,1,1500.0,0,1500.0,0
2026-09-29,KE61,Maxim Kravtsov,1488.1753009490599,1,1487.280989723536,1,1500.0,0,1500.0,0,1500.0,0
2026-09-29,MN85,Tristan Meraut,1488.1742796117956,1,1482.7983521731217,1,1500.0,0,1500.0,0,1500.0,0
2026-09-29,DH18,Guy Den Heijer,1488.0816543229919,1,1481.5679779452091,1,1500.0,0,1500.0,0,1500.0,0
2026-09-29,BK23,Abdelkader Benabdellah,1488.0767429112964,1,1500.0,0,1470.202428213289,1,1500.0,0,1500.0,0
2026-09-29,MM56,Denys Mylokostov,1488.013064509496,1,1500.0,0,1489.0733454287442,1,1500.0,0,1500.0,0
2026-09-29,S0Y4,Joao Silva,1487.942555701788,1,1500.0,0,1486.8049594540767,1,1500.0,0,1500.0,0
2026-09-29,SJ31,Benito Jose Suriano,1487.9370384658603,2,1426.0774684766532,1,1544.7403153087484,1,1500.0,0,1500.0,0
2026-09-29,HA50,Hunter Harrington,1487.9293895739636,1,1481.614577004103,1,1500.0,0,1500.0,0,1500.0,0
2026-09-29,N348,Lionel Noviski,1487.8704525218495,26,1508.5658509705854,4,1459.2204354334629,20,1521.5154971840445,2,1500.0,0
2026-09-29,M471,Mark Merklein,1487.8099521840575,17,1534.5266605641198,13,1436.3586731782584,4,1500.0,0,1500.0,0
2026-09-29,104778,Scoville Jenkins,1487.8053053292078,2,1487.8053053292078,2,1500.0,0,1500.0,0,1500.0,0
2026-09-29,105323,Christoph Palmanshofer,1487.8053053292078,2,1495.6609421752587,2,1500.0,0,1500.0,0,1500.0,0
2026-09-29,M0SB,Koki Matsuda,1487.7499293638211,18,1461.7417760190156,18,1500.0,0,1500.0,0,1500.0,0
2026-09-29,C0RT,Siu Chi Nicholas Cheng,1487.7309345108833,1,1480.8036846041061,1,1500.0,0,1500.0,0,1500.0,0
2026-09-29,ML83,Devin McCarthy,1487.7243639806939,1,1485.9456664708348,1,1500.0,0,1500.0,0,1500.0,0
2026-09-29,N688,Tim Nekic,1487.5762557171815,1,1500.0,0,1489.017126906816,1,1500.0,0,1500.0,0
2026-09-29,U120,Kaichi Uchida,1487.5528416146594,294,1479.7341567327871,238,1391.9886355868073,47,1420.8527387801491,6,1485.547253490491,1
2026-09-29,103731,Dominik Meffert,1487.4952912567662,2,1500.0,0,1502.5981615445157,2,1500.0,0,1500.0,0
2026-09-29,O195,Thomas Oger,1487.4729577712724,53,1508.5550714698222,31,1456.276776909527,11,1436.4139153353728,9,1449.4225119334303,1
2026-09-29,K454,Krzysztof Kwinta,1487.4130945794866,2,1500.0,0,1497.6827932908168,2,1500.0,0,1500.0,0
2026-09-29,106298,Thiago Monteiro,1487.378410849961,2,1555.81371584358,1,1444.7089459205968,1,1500.0,0,1500.0,0
2026-09-29,M0HP,Robert Maciag,1487.3662910354271,1,1481.477583068079,1,1500.0,0,1500.0,0,1500.0,0
2026-09-29,E811,Elmar Ejupovic,1487.3584172413198,68,1456.2957491846037,20,1421.5251729826548,41,1500.0,0,1566.5652024485046,3
2026-09-29,BH75,Francesco Borgo,1487.3235848956365,1,1485.7768026094611,1,1500.0,0,1500.0,0,1500.0,0
2026-09-29,L781,Chris Letcher,1487.298230697655,14,1478.990249820354,7,1477.1020506127554,7,1500.0,0,1500.0,0
2026-09-29,105001,Andrey Golubev,1487.2924199387576,7,1513.1723162393791,6,1444.18628415642,1,1500.0,0,1500.0,0
2026-09-29,L226,Sebastien Lareau,1487.2621355148501,57,1510.9738524507598,41,1325.2765903307031,10,1452.5670981694668,6,1500.0,0
2026-09-29,J0F9,Dorian Juszczak,1487.254381593968,1,1500.0,0,1484.5306564182792,1,1500.0,0,1500.0,0
2026-09-29,MM20,Clement Maas,1487.1818709468664,3,1464.128959210407,1,1500.0,0,1500.0,0,1500.0,0
2026-09-29,J085,Roberto Jabali,1487.1784445201308,2,1500.0,0,1492.8274978618904,2,1500.0,0,1500.0,0
2026-09-29,L0GZ,Henry Lamchinniah,1487.1617074052558,1,1486.9957863107768,1,1500.0,0,1500.0,0,1500.0,0
2026-09-29,V0HQ,Felipe Virgili,1487.124699301475,1,1500.0,0,1486.1923182932073,1,1500.0,0,1500.0,0
2026-09-29,L0N0,Pavel Lagutin,1487.1045362384343,7,1438.8354945777855,1,1489.4118172927056,6,1500.0,0,1500.0,0
2026-09-29,H0BU,Jason Jeremy Hildebrandt,1487.0705077559812,1,1500.0,0,1474.9111162307584,1,1500.0,0,1500.0,0
2026-09-29,CB41,Austen Childs,1487.054253006661,2,1484.2264119475112,2,1500.0,0,1500.0,0,1500.0,0
2026-09-29,104533,Marco Crugnola,1487.0160356355168,1,1500.0,0,1479.845428961317,1,1500.0,0,1500.0,0
2026-09-29,S0BT,Adria Soriano Barrera,1486.9953066674086,41,1558.4455270970873,23,1342.7017461463888,18,1500.0,0,1500.0,0
2026-09-29,I0BF,Ivan Ivanov,1486.9684929231248,25,1501.1210985900893,9,1326.9310499507312,11,1456.2570459509986,5,1500.0,0
2026-09-29,P606,Daniel Puttkammer,1486.9541703761527,1,1485.7623316043873,1,1500.0,0,1500.0,0,1500.0,0
2026-09-29,MW07,Lionel Mansour,1486.8583008514584,1,1483.9226854951457,1,1500.0,0,1500.0,0,1500.0,0
2026-09-29,A09R,Umut Akkoyun,1486.8576537940314,1,1486.1232591627627,1,1500.0,0,1500.0,0,1500.0,0
2026-09-29,S0TW,Sebastian Sec,1486.8285126909163,1,1485.5075841973025,1,1500.0,0,1500.0,0,1500.0,0
2026-09-29,G0LP,Noah Gabriel,1486.7142565542954,1,1500.0,0,1500.0,0,1462.0519617361424,1,1500.0,0
2026-09-29,D0FH,Sebastian Dominguez,1486.7016743117563,1,1409.395690343928,1,1500.0,0,1500.0,0,1500.0,0
2026-09-29,C0L3,Francisco Castro,1486.6490402185318,1,1500.0,0,1477.2183332034328,1,1500.0,0,1500.0,0
2026-09-29,P0BE,Sidane Pontjodikromo,1486.6241988357374,1,1481.491037247124,1,1500.0,0,1500.0,0,1500.0,0
2026-09-29,CD19,Alvaro Cajigal,1486.6161670314993,1,1500.0,0,1465.3263743227453,1,1500.0,0,1500.0,0
2026-09-29,R0BF,Franco Ribero,1486.6135707390865,10,1500.0,0,1470.1361754998306,10,1500.0,0,1500.0,0
2026-09-29,CD00,Maxime Chazal,1486.5822413416674,87,1413.1190294642117,33,1435.6214662123143,54,1500.0,0,1500.0,0
2026-09-29,J0FY,Daniel Jovanovski,1486.5781920499578,1,1467.9916551868018,1,1500.0,0,1500.0,0,1500.0,0
2026-09-29,PF84,Mitchell J. Polnet,1486.5761153115911,1,1487.6061820730695,1,1500.0,0,1500.0,0,1500.0,0
2026-09-29,105701,Andrey Kuznetsov,1486.553055486956,2,1480.1775206696598,2,1500.0,0,1500.0,0,1500.0,0
2026-09-29,MP16,Sam Matheson,1486.533872553962,1,1472.6110546614705,1,1500.0,0,1500.0,0,1500.0,0
2026-09-29,F337,Zack Fleishman,1486.5330977719184,203,1470.5406986633805,169,1482.0887367961689,22,1559.2169590554722,9,1475.6208566796117,3
2026-09-29,M435,Gerald Mandl,1486.521109971341,2,1503.8330175551775,2,1500.0,0,1500.0,0,1500.0,0
2026-09-29,F0HM,Jake Fellows,1486.5198641333125,1,1482.8502597608785,1,1500.0,0,1500.0,0,1500.0,0
2026-09-29,G0M3,Aaron Gil Garcia,1486.4915526833224,1,1500.0,0,1485.505018244661,1,1500.0,0,1500.0,0
2026-09-29,W933,David Warren,1486.473208132656,1,1500.0,0,1487.857870983373,1,1500.0,0,1500.0,0
2026-09-29,L837,Michael Look,1486.4674571526252,16,1472.0236516262605,13,1500.0,0,1458.4218557232937,1,1507.1953092332908,2
2026-09-29,KG50,Kris Krawcewicz,1486.4053272345373,1,1482.8662393610991,1,1500.0,0,1500.0,0,1500.0,0
2026-09-29,L450,Razvan Lupsescu,1486.38942788662,2,1500.0,0,1490.4471986198485,2,1500.0,0,1500.0,0
2026-09-29,O0C7,Islam Orynbasar,1486.3582316888233,2,1475.1891044509682,2,1500.0,0,1500.0,0,1500.0,0
2026-09-29,V223,Louis Vosloo,1486.293185155126,104,1484.7281366428927,83,1367.9529327991795,11,1500.0,0,1564.3584953942677,5
2026-09-29,GE73,Jacob Grills,1486.2415944520073,44,1447.4888525492995,36,1493.042898422865,8,1500.0,0,1500.0,0
2026-09-29,B0PA,Nate Bonetto,1486.1786541258532,1,1470.3935820623035,1,1500.0,0,1500.0,0,1500.0,0
2026-09-29,A366,Diego Alvarez,1486.1299632778123,75,1348.6349019101028,4,1518.6281454038126,70,1416.27942623463,1,1500.0,0
2026-09-29,TC46,Mateusz Terczynski,1486.076792799499,1,1500.0,0,1500.0,0,1442.0577629064712,1,1500.0,0
2026-09-29,V556,Robert Varga,1486.062306954283,1,1500.0,0,1489.6453790931582,1,1500.0,0,1500.0,0
2026-09-29,RG97,Vorachon Rakpuangchon,1486.0536242407568,1,1483.5638631067986,1,1500.0,0,1500.0,0,1500.0,0
2026-09-29,BK85,Romain Bogaerts,1486.037090621624,1,1482.1495854829257,1,1500.0,0,1500.0,0,1500.0,0
2026-09-29,SD01,Phillip Simmonds,1485.994678520314,131,1480.6449373031014,115,1484.1674738772601,11,1430.688711190474,5,1500.0,0
2026-09-29,N506,Henrik Norfeldt,1485.9941705596502,3,1500.0,0,1486.6594884969663,3,1500.0,0,1500.0,0
2026-09-29,J173,Walid Jallali,1485.9938648293694,9,1505.8773365009101,2,1472.0247574105435,7,1500.0,0,1500.0,0
2026-09-29,M462,Ricardo Mena,1485.9765653279053,2,1575.8127954242846,1,1441.098256097153,1,1500.0,0,1500.0,0
2026-09-29,RA48,Robert Rumler,1485.9079957687118,1,1500.0,0,1483.0726258640907,1,1500.0,0,1500.0,0
2026-09-29,C0KV,Ryan Colby,1485.8719942661826,1,1481.81740583516,1,1500.0,0,1500.0,0,1500.0,0
2026-09-29,D0EG,Mayeul Darras,1485.8401862491899,1,1500.0,0,1483.8021728662143,1,1500.0,0,1500.0,0
2026-09-29,A237,Mustafa Azkara,1485.8331197510565,6,1474.7152259450395,4,1504.6182773687708,2,1500.0,0,1500.0,0
2026-09-29,G0FE,Adham Gabr,1485.8066308957946,1,1481.3527566339242,1,1500.0,0,1500.0,0,1500.0,0
2026-09-29,M614,Cecil Mamiit,1485.7189014625235,407,1513.9243874678361,334,1391.3712177548105,50,1418.0708887275803,15,1473.8105873049376,8
2026-09-29,RD58,Dominik Recek,1485.6114066817909,1,1500.0,0,1483.505602504533,1,1500.0,0,1500.0,0
2026-09-29,S0GJ,Ismail Saadi,1485.6033479440796,1,1500.0,0,1464.329382050393,1,1500.0,0,1500.0,0
2026-09-29,MG18,Brendon Moore,1485.589916732766,1,1483.5833690064735,1,1500.0,0,1500.0,0,1500.0,0
2026-09-29,W0E5,Tegar Abdi Satrio Wibowo,1485.5455360607186,1,1479.5260667302214,1,1500.0,0,1500.0,0,1500.0,0
2026-09-29,K313,Zeljko Krajan,1485.4870483339184,152,1466.6754602120566,24,1513.081379324297,106,1398.2110535545592,1,1536.7512746087984,19
2026-09-29,CD29,Vamsee Chappidi,1485.4799838132453,1,1500.0,0,1468.4614464445172,1,1500.0,0,1500.0,0
2026-09-29,H0E9,Eric Hadigian,1485.4729416440257,1,1479.6850064931787,1,1500.0,0,1500.0,0,1500.0,0
2026-09-29,S0IN,Woobin Shin,1485.4507127216416,7,1480.5301477071089,7,1500.0,0,1500.0,0,1500.0,0
2026-09-29,O098,Marcos Ondruska,1485.446339006365,52,1460.238541950277,36,1550.868453191141,13,1390.9292165385382,2,1429.7119560125843,1
2026-09-29,DC25,Marco De Rossi,1485.3830079434906,1,1500.0,0,1475.7217794753772,1,1500.0,0,1500.0,0
2026-09-29,H647,Cheuk-Wai Hui,1485.3435626071207,2,1483.7313846395034,2,1500.0,0,1500.0,0,1500.0,0
2026-09-29,B0QD,Nathan Anthony Barki,1485.3361311319245,1,1478.968208624318,1,1500.0,0,1500.0,0,1500.0,0
2026-09-29,A0K3,Nicolas Arseneault,1485.3077475513242,13,1455.706914692592,13,1500.0,0,1500.0,0,1500.0,0
2026-09-29,B0F1,Diego Balderas,1485.2678294694065,1,1500.0,0,1485.4177279139146,1,1500.0,0,1500.0,0
2026-09-29,J0FN,Fumin Jiang,1485.2416932129904,1,1481.009737236397,1,1500.0,0,1500.0,0,1500.0,0
2026-09-29,G944,Carlos Garcia-Villanueva,1485.1985716570123,1,1480.6764900204846,1,1500.0,0,1500.0,0,1500.0,0
2026-09-29,T209,Eric Taino,1485.198146633928,250,1464.9981852418834,212,1439.2714637901,20,1547.0092695222593,7,1663.4525763150891,11
2026-09-29,105537,Jonathan Eysseric,1485.1646268638792,2,1546.9933458372745,1,1453.0761252990844,1,1500.0,0,1500.0,0
2026-09-29,RB47,Vorachit Runglertmaneepong,1485.1534276151156,1,1484.1455407379306,1,1500.0,0,1500.0,0,1500.0,0
2026-09-29,I338,Rares Ispas,1485.1309541669639,1,1500.0,0,1485.3072283396264,1,1500.0,0,1500.0,0
2026-09-29,SZ36,Niklas Schell,1485.0837594570055,1,1500.0,0,1485.4509487565886,1,1500.0,0,1500.0,0
2026-09-29,K0HZ,Aidan Kim,1485.042459739313,6,1458.284772595716,6,1500.0,0,1500.0,0,1500.0,0
2026-09-29,L0DG,Aleksi Lofman,1485.0147859801596,1,1482.4442791654833,1,1500.0,0,1500.0,0,1500.0,0
2026-09-29,MO24,Judd Motz,1484.978771220014,1,1484.048017268527,1,1500.0,0,1500.0,0,1500.0,0
2026-09-29,RH79,Emil Reinberg,1484.8797594960795,1,1484.607652910512,1,1500.0,0,1500.0,0,1500.0,0
2026-09-29,I0A5,Berk Ilkel,1484.8698443025753,1,1485.2554195917176,1,1500.0,0,1500.0,0,1500.0,0
2026-09-29,111202,Maximilian Marterer,1484.8342295442144,2,1438.604912572062,1,1555.81371584358,1,1500.0,0,1500.0,0
2026-09-29,CH73,Petros Chrysochos,1484.8061043258897,30,1540.0661324563607,21,1449.813027698645,5,1500.0,0,1500.0,0
2026-09-29,BA56,Jeremy Blandin,1484.805533466555,10,1489.049840714492,7,1509.7525020418605,2,1469.6792821623144,1,1500.0,0
2026-09-29,O09S,Juan Bautista Otegui,1484.80440157754,19,1500.0,0,1467.8155880095285,19,1500.0,0,1500.0,0
2026-09-29,SJ26,Scott Sears,1484.8020224183779,1,1500.0,0,1500.0,0,1440.5433873187603,1,1500.0,0
2026-09-29,D985,Joao Domingues,1484.7915408447404,249,1389.0813503941704,32,1486.0031248653675,214,1293.848911074254,3,1500.0,0
2026-09-29,R294,Eduardo Rincon,1484.780145433094,5,1506.7834088358159,2,1478.5562448482165,3,1500.0,0,1500.0,0
2026-09-29,B0M8,Leonardo Borrelli,1484.7747870207195,2,1488.8688674819898,2,1500.0,0,1500.0,0,1500.0,0
2026-09-29,C0TM,Lenny Couturier,1484.7540965930984,1,1480.623297901555,1,1500.0,0,1500.0,0,1500.0,0
2026-09-29,V157,Americo Tupi Venero,1484.633337844352,2,1500.0,0,1484.232510524191,2,1500.0,0,1500.0,0
2026-09-29,GA61,Jeff Gast,1484.5907522382304,1,1479.7534077346002,1,1500.0,0,1500.0,0,1500.0,0
2026-09-29,A0IH,Jack Anthrop,1484.569272191453,5,1458.3315866516189,5,1500.0,0,1500.0,0,1500.0,0
2026-09-29,N518,Enrique Naranjo,1484.5622385012555,1,1481.2324471253344,1,1500.0,0,1500.0,0,1500.0,0
2026-09-29,W360,Brian Wilson,1484.5565847410046,67,1473.6550963113734,58,1429.6542593239742,4,1409.6096031358857,4,1455.3599826237648,1
2026-09-29,C0G9,Cristobal Castro,1484.5540592586299,1,1500.0,0,1483.9421146912407,1,1500.0,0,1500.0,0
2026-09-29,K777,Evgeny Kirillov,1484.5322966567162,147,1494.230495860414,93,1400.0279707257757,31,1431.9791911329178,8,1515.550362035176,9
2026-09-29,N634,John Nallon,1484.5152014192258,1,1483.0981392371905,1,1500.0,0,1500.0,0,1500.0,0
2026-09-29,D716,Jeff Dadamo,1484.4009898235752,15,1485.052406169686,14,1454.61369437151,1,1500.0,0,1500.0,0
2026-09-29,G0DD,William Grant,1484.37903003556,1,1500.0,0,1449.930256784054,1,1500.0,0,1500.0,0
2026-09-29,V648,Matthieu Vierin,1484.333773351158,1,1479.4675260927395,1,1500.0,0,1500.0,0,1500.0,0
2026-09-29,SJ82,Bryant Salcedo,1484.2945168634965,1,1483.2735744515232,1,1500.0,0,1500.0,0,1500.0,0
2026-09-29,AA17,Hamza Aglaib,1484.2897769148294,1,1500.0,0,1466.6988980722724,1,1500.0,0,1500.0,0
2026-09-29,LB25,Jannis Liniger,1484.2851359160175,1,1500.0,0,1483.6120795194477,1,1500.0,0,1500.0,0
2026-09-29,E0DC,Paul Ender,1484.2331226131007,1,1500.0,0,1482.2010435511306,1,1500.0,0,1500.0,0
2026-09-29,AB67,Adrian Andrzejczuk,1484.2284993919636,1,1500.0,0,1480.5446039611277,1,1500.0,0,1500.0,0
2026-09-29,B0M1,Mehdi Benchakroun,1484.2143165082528,1,1500.0,0,1486.1559853523763,1,1500.0,0,1500.0,0
2026-09-29,B0OP,Emilio Bravo,1484.1999256974093,1,1476.6124828855038,1,1500.0,0,1500.0,0,1500.0,0
2026-09-29,AA72,Aitor Aramburu,1484.19863269959,1,1478.4527999066358,1,1500.0,0,1500.0,0,1500.0,0
2026-09-29,D765,Kyle Doppelt,1484.118394131421,1,1500.0,0,1487.5609942719818,1,1500.0,0,1500.0,0
2026-09-29,N705,Ashok Narayana,1484.1067401769672,1,1500.0,0,1432.2976626847576,1,1500.0,0,1500.0,0
2026-09-29,D361,Massimo Dell'Acqua,1484.0748675144307,158,1406.4451143606755,57,1496.4664693869815,61,1623.643411164845,27,1457.6641004467801,12
2026-09-29,I042,Asif Ismail,1484.0464990518296,2,1484.0464990518296,2,1500.0,0,1500.0,0,1500.0,0
2026-09-29,L0J2,Jules Leroux,1484.0460414833897,1,1483.8531827592735,1,1500.0,0,1500.0,0,1500.0,0
2026-09-29,MO19,Rishabh Mehra,1484.0302338051604,1,1500.0,0,1500.0,0,1457.4189637816316,1,1500.0,0
2026-09-29,T0B0,Connor Thomson,1484.0003689329124,2,1500.0,0,1500.0,0,1497.3066103148817,2,1500.0,0
2026-09-29,A0I1,Bor Artnak,1483.9927628689086,35,1423.1663423496777,19,1505.4730081666266,15,1500.0,0,1500.0,0
2026-09-29,F916,Theo Fournerie,1483.8848305490571,1,1480.0530545137387,1,1500.0,0,1500.0,0,1500.0,0
2026-09-29,TB98,Youssef Tamimount,1483.877453483064,1,1500.0,0,1478.2555536985753,1,1500.0,0,1500.0,0
2026-09-29,A0OH,Izyan Ahmad,1483.875151592408,1,1479.0448087598675,1,1500.0,0,1500.0,0,1500.0,0
2026-09-29,GJ90,Joao Vitor Goncalves Ceolin,1483.861569858229,1,1500.0,0,1472.7155282609722,1,1500.0,0,1500.0,0
2026-09-29,N343,Michal Navratil,1483.8120134692235,27,1534.748060843824,4,1446.9459337510982,23,1500.0,0,1500.0,0
2026-09-29,D0AQ,Amaury Delmas,1483.746505891596,1,1500.0,0,1451.3979779151873,1,1500.0,0,1500.0,0
2026-09-29,ML78,Lukas Mugevicius,1483.6913272856643,18,1427.9423704981086,11,1523.8287990683,6,1500.0,0,1424.2861367727476,1
2026-09-29,104953,Denys Molchanov,1483.6305793964218,3,1478.5875266310209,3,1500.0,0,1500.0,0,1500.0,0
2026-09-29,M551,Lorenzo Manta,1483.6172558201836,57,1507.3548645131566,26,1396.1620401019359,11,1301.8225944642218,4,1548.7969692518384,16
2026-09-29,F0IK,Juan Carlos Fuentes Vasquez,1483.6027975137633,2,1565.6631951100942,1,1428.2281806571616,1,1500.0,0,1500.0,0
2026-09-29,CE35,Alexis Carlos,1483.5390490590125,1,1500.0,0,1487.2097456043518,1,1500.0,0,1500.0,0
2026-09-29,S0KN,Jordan Sauer,1483.4491328937445,1,1476.2664177513743,1,1500.0,0,1500.0,0,1500.0,0
2026-09-29,SF18,Rudolf Siwy,1483.3981935015718,3,1478.886557868953,3,1500.0,0,1500.0,0,1500.0,0
2026-09-29,H210,Fred Hemmes,1483.389853277266,84,1522.8859633035677,56,1392.7410324029038,21,1479.2903056873301,1,1531.3459497596796,6
2026-09-29,L0MB,Jagger Leach,1483.3692263056744,1,1463.1078271450008,1,1500.0,0,1500.0,0,1500.0,0
2026-09-29,CB45,Manuel Cavaco,1483.278910912093,1,1500.0,0,1484.392629860223,1,1500.0,0,1500.0,0
2026-09-29,C09Y,Joshua Charlton,1483.2707473865769,5,1445.805890423074,5,1500.0,0,1500.0,0,1500.0,0
2026-09-29,M0U1,Amir Milushev,1483.1584398501807,1,1477.0512568150598,1,1500.0,0,1500.0,0,1500.0,0
2026-09-29,M0CW,Aidan McHugh,1483.134695862106,59,1447.920426325538,49,1500.0,0,1385.3040529743707,9,1500.0,0
2026-09-29,D0JH,Nikola Djosic,1483.0458955518284,1,1500.0,0,1483.079076388186,1,1500.0,0,1500.0,0
2026-09-29,F664,Sebastian Fanselow,1482.8973730978485,111,1496.918362928799,79,1414.244853345518,30,1469.0260366743637,1,1500.0,0
2026-09-29,RB29,Marko Rajic,1482.8552315315012,1,1500.0,0,1482.6721423849115,1,1500.0,0,1500.0,0
2026-09-29,Y117,Pierrick Ysern,1482.8540330245542,13,1489.3439380383304,13,1500.0,0,1500.0,0,1500.0,0
2026-09-29,FA33,Jaime Fermosell Delgado,1482.8043008347083,1,1500.0,0,1487.0293526968233,1,1500.0,0,1500.0,0
2026-09-29,D614,Pawel Dilaj,1482.7452141850238,1,1500.0,0,1484.651072559784,1,1500.0,0,1500.0,0
2026-09-29,C0JR,Ioan Alexandru Chirita,1482.7423611074696,1,1500.0,0,1476.9360308831615,1,1500.0,0,1500.0,0
2026-09-29,BG07,Bart Brons,1482.7014228129196,1,1500.0,0,1480.3408031203346,1,1500.0,0,1500.0,0
2026-09-29,103902,Simon Stadler,1482.6942566431303,2,1480.1775206696598,2,1500.0,0,1500.0,0,1500.0,0
2026-09-29,L0JB,Victor Lopes,1482.6122589886982,1,1482.2213151651665,1,1500.0,0,1500.0,0,1500.0,0
2026-09-29,P0GP,Peter Benjamin Privara,1482.594034190244,4,1500.0,0,1471.959559684071,4,1500.0,0,1500.0,0
2026-09-29,AA39,Korhan Ural Ates,1482.5856192398996,1,1477.6542355856745,1,1500.0,0,1500.0,0,1500.0,0
2026-09-29,L0M5,Mateusz Lange,1482.5338665305758,1,1500.0,0,1482.4159832447067,1,1500.0,0,1500.0,0
2026-09-29,GE22,Agustin Gonzalez,1482.5338002914355,1,1500.0,0,1484.4546032502203,1,1500.0,0,1500.0,0
2026-09-29,B0GB,Arnaud Bovy,1482.485275306902,1,1482.6353718483435,1,1500.0,0,1500.0,0,1500.0,0
2026-09-29,H431,Nathan Healey,1482.426747850492,128,1530.9731151800338,82,1408.5452846222622,27,1573.7949389380872,16,1374.0447085323185,3
2026-09-29,V600,Tucker Vorster,1482.3534232866384,24,1432.3063496990362,19,1503.9453721998811,2,1500.0,0,1543.5708367943707,3
2026-09-29,B0UX,Jerry Barton,1482.3341529514478,1,1477.8836861437653,1,1500.0,0,1500.0,0,1500.0,0
2026-09-29,L996,Juan Lizariturry,1482.3179416302871,26,1419.1757412738395,2,1485.2154942704883,24,1500.0,0,1500.0,0
2026-09-29,F0CK,Andrew Fenty,1482.3101619648885,34,1447.1151884481767,33,1468.8756219712502,1,1500.0,0,1500.0,0
2026-09-29,PF64,Hasier Pastor,1482.2690485370838,1,1500.0,0,1479.810262151831,1,1500.0,0,1500.0,0
2026-09-29,HB81,David Hopkins,1482.192799061641,1,1481.8084922591618,1,1500.0,0,1500.0,0,1500.0,0
2026-09-29,W715,Hannes Wagner,1482.1443268148475,1,1500.0,0,1500.0,0,1500.0,0,1463.5212856698263,1
2026-09-29,F531,Joao Fernandes,1482.114641687269,1,1500.0,0,1469.161692400957,1,1500.0,0,1500.0,0
2026-09-29,T0IX,Yua Taka,1482.0623632207494,1,1477.0615079663642,1,1500.0,0,1500.0,0,1500.0,0
2026-09-29,F807,Blade Fong,1482.0595280965113,1,1470.5403243798046,1,1500.0,0,1500.0,0,1500.0,0
2026-09-29,BF34,Boris Nicola Bakalov,1482.0262538219001,1,1480.0920636770663,1,1500.0,0,1500.0,0,1500.0,0
2026-09-29,DD50,Roy De Valk,1481.9496517417072,2,1482.8398197264617,1,1486.222630996762,1,1500.0,0,1500.0,0
2026-09-29,SP27,Nicholas Sayer,1481.9321457437825,4,1488.8958464249877,4,1500.0,0,1500.0,0,1500.0,0
2026-09-29,M0VL,Goncalo Marques,1481.9208704022722,1,1500.0,0,1484.9670863543918,1,1500.0,0,1500.0,0
2026-09-29,G462,Pablo Garcia-Gaitan,1481.90003758729,1,1480.427965082846,1,1500.0,0,1500.0,0,1500.0,0
2026-09-29,C0UW,Fu Wang Choi,1481.873479893145,1,1500.0,0,1482.5450093153613,1,1500.0,0,1500.0,0
2026-09-29,F432,Alexander Flock,1481.8477209230946,83,1414.2068439563845,5,1470.3342519391058,73,1413.4406283279402,3,1400.2643083029438,2
2026-09-29,A618,Mohammed Abdulla,1481.8425478683619,1,1472.7511568525483,1,1500.0,0,1500.0,0,1500.0,0
2026-09-29,PG03,Calum Puttergill,1481.7881389853546,13,1421.1206245378492,10,1506.3136850434423,3,1500.0,0,1500.0,0
2026-09-29,H855,Joe Hatto,1481.782796505527,1,1466.8259206832665,1,1500.0,0,1500.0,0,1500.0,0
2026-09-29,E654,Omar El Hizaz,1481.7822355220007,1,1500.0,0,1483.5495341575588,1,1500.0,0,1500.0,0
2026-09-29,KE46,Mohamed Ali Kraimi,1481.7658070871046,1,1500.0,0,1476.093598336739,1,1500.0,0,1500.0,0
2026-09-29,M0FV,Lluis Miralles,1481.7155387276498,1,1472.4577416147251,1,1500.0,0,1500.0,0,1500.0,0
2026-09-29,A745,Eddie Acuna,1481.6998997242324,1,1480.3144823182415,1,1500.0,0,1500.0,0,1500.0,0
2026-09-29,PB70,Luis Perez-Chete,1481.6400907982536,6,1490.2755230974244,6,1500.0,0,1500.0,0,1500.0,0
2026-09-29,T0CE,Moritz Thiem,1481.6242040177196,1,1500.0,0,1478.2392786557139,1,1500.0,0,1500.0,0
2026-09-29,K0G8,Marc Othman Ktiri,1481.6237419126865,2,1500.0,0,1500.0,0,1463.163343732077,2,1500.0,0
2026-09-29,BH87,Maverick Banes,1481.5586280914172,106,1459.5145807082286,97,1433.4592377616973,8,1443.368348156654,1,1500.0,0
2026-09-29,P0IK,Luca Parenti,1481.5525689381518,1,1500.0,0,1476.213259239653,1,1500.0,0,1500.0,0
2026-09-29,S1F4,Leonardo Storck Franca,1481.5331523237473,1,1500.0,0,1478.3911846763724,1,1500.0,0,1500.0,0
2026-09-29,V418,Jorge Vazquez-Catoira,1481.4530905332347,1,1479.9705017978774,1,1500.0,0,1500.0,0,1500.0,0
2026-09-29,W09B,Damien Wenger,1481.410800214499,19,1500.0,0,1457.3938540050233,19,1500.0,0,1500.0,0
2026-09-29,C0TQ,Ye Chen,1481.3991710803061,1,1479.8194830296002,1,1500.0,0,1500.0,0,1500.0,0
2026-09-29,SF42,Michael Schneider,1481.3973147972335,1,1500.0,0,1477.9201150065644,1,1500.0,0,1500.0,0
2026-09-29,T0G2,Mariano Tammaro,1481.391748062808,1,1500.0,0,1476.7222555427845,1,1500.0,0,1500.0,0
2026-09-29,SN53,Danyal Sualehe,1481.381367005494,1,1500.0,0,1484.732425575933,1,1500.0,0,1500.0,0
2026-09-29,KH43,Georgios Kallis,1481.3225258035213,1,1500.0,0,1482.3866801382235,1,1500.0,0,1500.0,0
2026-09-29,G775,Rodrigo Guidolin,1481.2498834207217,17,1340.8606473856032,4,1554.4847355941056,13,1500.0,0,1500.0,0
2026-09-29,R513,Jean-Julien Rojer,1481.2380329116988,116,1485.3965653825735,71,1549.6027805297977,41,1449.0322768472427,3,1500.0,0
2026-09-29,R0H2,Pedro Rodenas,1481.1691100231274,1,1472.4207849802017,1,1500.0,0,1500.0,0,1500.0,0
2026-09-29,V0E3,Jeffrey Von Der Schulenburg,1481.1459713743545,3,1472.0761859215315,1,1488.2582281870568,2,1500.0,0,1500.0,0
2026-09-29,C387,Barry Cowan,1481.1371675339856,85,1542.0395195773522,23,1363.7017005543357,7,1461.2915415529192,19,1432.2988276755314,28
2026-09-29,D908,Philipp Davydenko,1481.125540077889,40,1405.3692737785639,15,1460.300870998234,25,1500.0,0,1500.0,0
2026-09-29,E0CQ,Cooper Errey,1481.1121197373852,1,1440.9031244009152,1,1500.0,0,1500.0,0,1500.0,0
2026-09-29,104898,Blaz Kavcic,1481.0689986698474,3,1567.1313602736295,1,1401.9462254772304,2,1500.0,0,1500.0,0
2026-09-29,F0I8,Matthew Forbes,1480.9721669673104,7,1462.3148194353466,7,1500.0,0,1500.0,0,1500.0,0
2026-09-29,BK56,Nizar Belmati,1480.9694397147623,1,1500.0,0,1480.8215195390765,1,1500.0,0,1500.0,0
2026-09-29,G294,Fredrik Giers,1480.9188342182074,7,1500.9656817269938,4,1484.738362859412,3,1500.0,0,1500.0,0
2026-09-29,D09L,Louis Dussin,1480.9168176179655,1,1469.590273102048,1,1500.0,0,1500.0,0,1500.0,0
2026-09-29,M0W0,Markus Molder,1480.9142274439673,2,1551.8191785598021,1,1430.847999421765,1,1500.0,0,1500.0,0
2026-09-29,D0AU,Nikita-Girey Demir,1480.9022981556177,1,1468.540507615555,1,1500.0,0,1500.0,0,1500.0,0
2026-09-29,E728,Idio Escobar,1480.9002744124405,1,1500.0,0,1481.0665035276406,1,1500.0,0,1500.0,0
2026-09-29,WB15,Hong Kit Wong,1480.8679419520965,9,1480.1656740440344,7,1500.0,0,1500.0,0,1500.0,0
2026-09-29,BF27,Adrien Bossel,1480.8074060133447,108,1440.7465168634558,66,1420.4079385069642,15,1504.2359435833873,25,1525.861854406764,2
2026-09-29,V646,Esteban Vargas,1480.7980376696476,1,1479.566590547693,1,1500.0,0,1500.0,0,1500.0,0
2026-09-29,105379,Thomas Fabbiano,1480.797190404528,3,1404.8415395459547,2,1587.818180886888,1,1500.0,0,1500.0,0
2026-09-29,G0PP,Gavin Goode,1480.7561966299425,1,1474.8741297787415,1,1500.0,0,1500.0,0,1500.0,0
2026-09-29,GJ62,Eduard Guell Bartrina,1480.7163584862765,1,1500.0,0,1476.2210509193378,1,1500.0,0,1500.0,0
2026-09-29,A0K2,Federico Aguilar Cardozo,1480.6661935137283,1,1500.0,0,1479.0879744850736,1,1500.0,0,1500.0,0
2026-09-29,G978,Marcin Gawron,1480.6612053542542,65,1498.568046195463,13,1452.5800959701078,52,1500.0,0,1500.0,0
2026-09-29,Y09U,Simon Yitbarek,1480.6448409302993,1,1463.4827793676097,1,1500.0,0,1500.0,0,1500.0,0
2026-09-29,V0BP,Marlon Vankan,1480.6363367744086,1,1500.0,0,1476.3346149803522,1,1500.0,0,1500.0,0
2026-09-29,104198,Maximo Gonzalez,1480.6227487581782,2,1555.81371584358,1,1430.232855195525,1,1500.0,0,1500.0,0
2026-09-29,LH74,Clement Larriere,1480.5398425667263,1,1474.3586811083312,1,1500.0,0,1500.0,0,1500.0,0
2026-09-29,AC95,Abdulla Al Mohamoud,1480.521512898113,1,1474.2978258568126,1,1500.0,0,1500.0,0,1500.0,0
2026-09-29,G0I3,Massimo Giunta,1480.5080077378939,14,1418.0423380460331,7,1490.1396558185031,7,1500.0,0,1500.0,0
2026-09-29,C397,Francisco Costa,1480.4236074563512,197,1431.6119373442853,41,1502.6318109553022,151,1500.0,0,1424.1636437585237,2
2026-09-29,105057,Thomaz Bellucci,1480.403543565147,2,1490.3766015045896,2,1500.0,0,1500.0,0,1500.0,0
2026-09-29,B898,Adrian Bohane,1480.3885758941265,1,1481.7804510653427,1,1500.0,0,1500.0,0,1500.0,0
2026-09-29,BD73,Mehdi Benhammou,1480.3752837615461,3,1500.0,0,1490.4609246735151,3,1500.0,0,1500.0,0
2026-09-29,LH66,Vicente Lagos,1480.314254520636,1,1500.0,0,1483.737302745047,1,1500.0,0,1500.0,0
2026-09-29,105723,Steven Diez,1480.3098360214922,2,1480.279437913467,2,1500.0,0,1500.0,0,1500.0,0
2026-09-29,G941,Pawel Glodkowski,1480.2933126023163,1,1500.0,0,1481.5995713471482,1,1500.0,0,1500.0,0
2026-09-29,R219,Christian Ruud,1480.2862156448648,37,1412.822268746122,6,1479.8132834552966,28,1361.4779647683545,2,1434.3368048899058,1
2026-09-29,K707,Marcin Kosakowski,1480.2388574690817,1,1472.387387096433,1,1500.0,0,1500.0,0,1500.0,0
2026-09-29,BF41,Jesper Brunstrom,1480.2167372435363,1,1500.0,0,1481.7450254030214,1,1500.0,0,1500.0,0
2026-09-29,103520,Robin Vik,1480.1775206696598,2,1480.1775206696598,2,1500.0,0,1500.0,0,1500.0,0
2026-09-29,BJ16,Galo Barrezueta,1480.1471863939912,1,1464.098956158098,1,1500.0,0,1500.0,0,1500.0,0
2026-09-29,KE72,Kevin Kylar,1480.141142370119,1,1486.6189581704457,1,1500.0,0,1500.0,0,1500.0,0
2026-09-29,H0D8,Tom Hands,1480.0721093805769,1,1500.0,0,1500.0,0,1451.863310600464,1,1500.0,0
2026-09-29,FC25,Boris Fassbender,1480.0505933387074,1,1480.9928489272318,1,1500.0,0,1500.0,0,1500.0,0
2026-09-29,BP19,Andreas Bjerrehus,1480.0247675410958,1,1478.2539495763417,1,1500.0,0,1500.0,0,1500.0,0
2026-09-29,V664,Yannick Vandenbulcke,1480.0177681737357,1,1478.4411314185786,1,1500.0,0,1500.0,0,1500.0,0
2026-09-29,L387,Sebastien Lami,1480.0052656206062,1,1468.3843610059005,1,1500.0,0,1500.0,0,1500.0,0
2026-09-29,E857,Evgeny Elistratov,1479.9547677894263,8,1480.4424990988812,8,1500.0,0,1500.0,0,1500.0,0
2026-09-29,BM19,Deiton Baughman,1479.8350031358796,11,1464.2960802964556,9,1494.5666628382737,2,1500.0,0,1500.0,0
2026-09-29,D0D9,Stefano D'Agostino,1479.8140302840113,1,1500.0,0,1476.4711550761194,1,1500.0,0,1500.0,0
2026-09-29,C0E0,Robert Cash,1479.7474608502748,1,1480.1002728118133,1,1500.0,0,1500.0,0,1500.0,0
2026-09-29,MK43,Laurent Malouli,1479.7292585575167,1,1478.1196400154965,1,1500.0,0,1500.0,0,1500.0,0
2026-09-29,T0HG,Joan Torres Espinosa,1479.7277356013685,1,1467.5124633132743,1,1500.0,0,1500.0,0,1500.0,0
2026-09-29,A0GB,Liova Ajavon,1479.6900855067443,2,1473.793640237048,2,1500.0,0,1500.0,0,1500.0,0
2026-09-29,K984,Edward-Ted Kelly,1479.6751154255942,1,1500.0,0,1479.4051612810126,1,1500.0,0,1500.0,0
2026-09-29,H789,Willem Hornikx,1479.6564900094306,2,1500.0,0,1487.1233797844266,2,1500.0,0,1500.0,0
2026-09-29,MU90,Myrohn Miranda,1479.655795049036,1,1500.0,0,1479.2737878879548,1,1500.0,0,1500.0,0
2026-09-29,T997,Ignacio Taboada,1479.6515533968573,1,1480.004487466866,1,1500.0,0,1500.0,0,1500.0,0
2026-09-29,E688,Markus Eriksson,1479.6514239754545,64,1420.3250773801499,24,1476.6651094439978,39,1500.0,0,1500.0,0
2026-09-29,P0G6,Henry Patten,1479.6347675945915,3,1480.6501592838742,3,1500.0,0,1500.0,0,1500.0,0
2026-09-29,K0LX,Nicolas Ian Kotzen,1479.57766055507,1,1471.1189596204108,1,1500.0,0,1500.0,0,1500.0,0
2026-09-29,I09G,Kaito Itsusaki,1479.524385493386,1,1477.0027954160826,1,1500.0,0,1500.0,0,1500.0,0
2026-09-29,KD51,Ho-Gi Kang,1479.4744643726265,1,1473.4102211522934,1,1500.0,0,1500.0,0,1500.0,0
2026-09-29,R0EK,Natan Rodrigues,1479.4739155246427,3,1486.441259154149,2,1477.9749979746325,1,1500.0,0,1500.0,0
2026-09-29,M0EN,Manuel Mazza,1479.4665177382901,1,1500.0,0,1479.4423542586446,1,1500.0,0,1500.0,0
2026-09-29,V762,Jeroen Vanneste,1479.4122630028048,3,1500.0,0,1460.6857889434657,3,1500.0,0,1500.0,0
2026-09-29,KG27,Strong Kirchheimer,1479.4032677350529,76,1442.2968957089963,62,1361.9033306066167,12,1500.0,0,1500.0,0
2026-09-29,T0E2,Vladan Tadic,1479.3775295085995,1,1500.0,0,1475.439227281792,1,1500.0,0,1500.0,0
2026-09-29,V675,Jaime Vazquez-Catoira,1479.3726769625162,1,1500.0,0,1478.5316866168357,1,1500.0,0,1500.0,0
2026-09-29,MG96,Rasmus Moller,1479.3652206688857,2,1500.0,0,1485.2733824365755,2,1500.0,0,1500.0,0
2026-09-29,A0BG,Jakob Aichhorn,1479.3611320419031,1,1500.0,0,1468.4416333074942,1,1500.0,0,1500.0,0
2026-09-29,Z333,Osama Zoghlami,1479.342830722004,1,1481.1221044440479,1,1500.0,0,1500.0,0,1500.0,0
2026-09-29,V854,Eric Vehovec,1479.3126248538642,1,1481.601167545278,1,1500.0,0,1500.0,0,1500.0,0
2026-09-29,M0NO,Marko Maksimovic,1479.2702812823256,1,1469.7855931470367,1,1500.0,0,1500.0,0,1500.0,0
2026-09-29,B653,Emilio Daniel Baez-Britez,1479.2449623755085,10,1395.3221574666532,2,1527.5538556479903,8,1500.0,0,1500.0,0
2026-09-29,D301,Ricardo Diniz,1479.2274892765997,3,1517.3292780404186,2,1435.3741018071296,1,1500.0,0,1500.0,0
2026-09-29,C713,Ricardo Chile-Fonte,1479.1796015860255,15,1493.8920213588149,11,1423.3539901388835,4,1500.0,0,1500.0,0
2026-09-29,SH91,Jordi Samper-Montana,1479.1647319874728,176,1309.872626663126,26,1542.5992495946696,147,1319.0946379873958,3,1500.0,0
2026-09-29,V855,Fabian Van Der Lans,1479.1516054564845,1,1471.7511170430587,1,1500.0,0,1500.0,0,1500.0,0
2026-09-29,F714,Patrick Frandji,1479.1235415060632,1,1470.4582628197952,1,1500.0,0,1500.0,0,1500.0,0
2026-09-29,B0NU,Blake Bayldon,1479.0959818926651,1,1479.0060035546512,1,1500.0,0,1500.0,0,1500.0,0
2026-09-29,S0H7,Marcelo Sepulveda,1479.0840110402162,1,1473.7939592328062,1,1500.0,0,1500.0,0,1500.0,0
2026-09-29,C429,Jacobo Chavez,1479.0825287054963,8,1505.3612297359402,8,1500.0,0,1500.0,0,1500.0,0
2026-09-29,D689,Luis Diaz-Barriga,1479.0104291821442,14,1476.4445592372485,4,1496.7878273433248,10,1500.0,0,1500.0,0
2026-09-29,V0J6,Mac Visser,1478.988724897086,1,1500.0,0,1500.0,0,1457.0890038809205,1,1500.0,0
2026-09-29,S0GV,Robert Strombachs,1478.918000420272,58,1504.819457410413,40,1442.4747045181455,17,1500.0,0,1500.0,0
2026-09-29,C0GG,Keshav Chopra,1478.8199699282027,3,1463.7054887457703,3,1500.0,0,1500.0,0,1500.0,0
2026-09-29,HA47,Alexios Halebian,1478.8101780431437,6,1471.1755373882713,6,1500.0,0,1500.0,0,1500.0,0
2026-09-29,PA74,Oskar Pallin,1478.7942680905521,3,1500.0,0,1478.0162548216063,3,1500.0,0,1500.0,0
2026-09-29,DC59,Filip Dolezel,1478.776986582012,1,1476.8840010735253,1,1500.0,0,1500.0,0,1500.0,0
2026-09-29,B0OE,Yevhenii Bondarenko,1478.754195032108,1,1500.0,0,1472.520013297569,1,1500.0,0,1500.0,0
2026-09-29,GA26,Jurgen Gundera,1478.7392553788454,2,1500.0,0,1490.0154493690534,2,1500.0,0,1500.0,0
2026-09-29,T870,Dominike Tiedt,1478.6939650192746,1,1500.0,0,1480.1415738278588,1,1500.0,0,1500.0,0
2026-09-29,KD34,Maximilian Kolleritsch,1478.6885345668697,1,1500.0,0,1480.1097549766528,1,1500.0,0,1500.0,0
2026-09-29,DB51,Cedric De Zutter,1478.6717891217347,1,1475.101043303924,1,1500.0,0,1500.0,0,1500.0,0
2026-09-29,M0CG,Marko Miladinovic,1478.6617594642403,6,1500.0,0,1474.781262156154,5,1500.0,0,1500.0,0
2026-09-29,O340,Roberto Ortega-Olmedo,1478.652020814732,157,1495.5186173583647,95,1405.490508956135,54,1478.0762591859695,5,1500.0,0
2026-09-29,V0BO,Maxim Verboven,1478.6239372927944,1,1468.138329946339,1,1500.0,0,1500.0,0,1500.0,0
2026-09-29,103541,Nicolas Devilder,1478.4999943796126,5,1521.5108203416212,4,1449.1525686567209,1,1500.0,0,1500.0,0
2026-09-29,R640,Hector Ruiz-Cadenas,1478.4789414974884,58,1500.0,0,1500.1631315266166,57,1444.8073463031863,1,1500.0,0
2026-09-29,R254,Alexander Reichel,1478.4745679726734,4,1487.90490465244,1,1514.5043732786226,2,1468.3410718310743,1,1500.0,0
2026-09-29,BL20,Daniel Baumann,1478.4740543195974,1,1500.0,0,1474.443880927879,1,1500.0,0,1500.0,0
2026-09-29,M0OW,Jannik Maute,1478.4740175583295,1,1500.0,0,1500.0,0,1429.3980118182287,1,1500.0,0
2026-09-29,BJ54,Carlos Benito Hergueta,1478.4340822199138,1,1452.125357964015,1,1500.0,0,1500.0,0,1500.0,0
2026-09-29,C813,Ti Chen,1478.4010215458095,361,1444.2593656044974,309,1425.8706135561176,13,1412.0996912787364,11,1524.4892565104985,26
2026-09-29,T0B5,Gustavo Teisen Pereira,1478.361654646994,1,1500.0,0,1481.5370653976668,1,1500.0,0,1500.0,0
2026-09-29,O458,Eduardo Yahir Orozco Rangel,1478.3013155915844,1,1474.6521942867676,1,1500.0,0,1500.0,0,1500.0,0
2026-09-29,MJ62,Finn Meinecke,1478.2639419969378,1,1500.0,0,1479.1897029187303,1,1500.0,0,1500.0,0
2026-09-29,A0K8,Ghanim Al Sulaiti,1478.2570564617117,1,1464.0895436828127,1,1500.0,0,1500.0,0,1500.0,0
2026-09-29,F858,Franco Feitt,1478.2042740122702,1,1500.0,0,1479.0981885183207,1,1500.0,0,1500.0,0
2026-09-29,P646,Carlos Poch-Gradin,1478.139057691752,111,1422.5880051213155,21,1524.2869819623058,89,1423.5599889687678,1,1500.0,0
2026-09-29,T858,Farshad Talavar,1478.0491451289697,3,1500.0,0,1474.3383554607985,3,1500.0,0,1500.0,0
2026-09-29,AA61,Renato Assad,1478.049080892424,1,1500.0,0,1478.535398904475,1,1500.0,0,1500.0,0
2026-09-29,H450,Luis Haddock,1478.0195565783115,2,1494.9948622577133,2,1500.0,0,1500.0,0,1500.0,0
2026-09-29,BV11,Robbie C. Bellamy,1477.9847558351537,1,1470.425648883323,1,1500.0,0,1500.0,0,1500.0,0
2026-09-29,SI82,Manuel Sanchez,1477.9181276022553,65,1462.1805500245832,34,1407.195181032906,29,1444.18628415642,1,1500.0,0
2026-09-29,A0E6,Bekkhan Atlangeriev,1477.9019670525424,4,1463.9648683741632,1,1480.7207754395429,3,1500.0,0,1500.0,0
2026-09-29,V813,Vincent Van den Honert,1477.8986288433148,1,1500.0,0,1477.8550044323863,1,1500.0,0,1500.0,0
2026-09-29,O524,Ken Onishi,1477.8869983949176,4,1476.9892621165734,4,1500.0,0,1500.0,0,1500.0,0
2026-09-29,A708,Andrea Aloisi,1477.7758794664537,2,1479.567676653178,2,1500.0,0,1500.0,0,1500.0,0
2026-09-29,BJ05,Harry Bourchier,1477.77502205571,65,1482.6050051831767,56,1400.935589028765,5,1449.5050461334063,3,1500.0,0
2026-09-29,PE50,Anton Peskov,1477.7067190530631,1,1500.0,0,1478.5925179446976,1,1500.0,0,1500.0,0
2026-09-29,M0V5,Marc Majdandzic,1477.6699749018514,1,1500.0,0,1475.253495129516,1,1500.0,0,1500.0,0
2026-09-29,D731,Loic Didavi,1477.6619639581706,1,1500.0,0,1475.2458785978636,1,1500.0,0,1500.0,0
2026-09-29,V256,Uros Vico,1477.6329832055774,177,1484.9287307829215,92,1369.8933015309979,50,1442.9175237728616,10,1576.2371558086986,24
2026-09-29,A473,Andrew Adler,1477.6098455407464,1,1451.5570323329202,1,1500.0,0,1500.0,0,1500.0,0
2026-09-29,Z425,Abdul hazli Zainuddin,1477.60239575033,1,1478.686024885356,1,1500.0,0,1500.0,0,1500.0,0
2026-09-29,E746,Jake Eames,1477.5469268921809,3,1473.0164173539079,3,1500.0,0,1500.0,0,1500.0,0
2026-09-29,Z270,Luka Zaninovic,1477.5453057222903,3,1500.0,0,1482.8213379677586,3,1500.0,0,1500.0,0
2026-09-29,R754,Tony Ro,1477.5418657769565,1,1444.1907213291558,1,1500.0,0,1500.0,0,1500.0,0
2026-09-29,AC98,Abdulla Al-Jufairi,1477.5363699585869,1,1470.0962486421693,1,1500.0,0,1500.0,0,1500.0,0
2026-09-29,K922,Roy Kalmanovich,1477.5265012924772,6,1482.8741611880355,6,1500.0,0,1500.0,0,1500.0,0
2026-09-29,MF15,Gregory Muzil,1477.489878484159,2,1500.0,0,1492.7805970737684,2,1500.0,0,1500.0,0
2026-09-29,BK32,Thibaud Berland,1477.46272048684,4,1495.7635773082127,3,1500.0,0,1500.0,0,1500.0,0
2026-09-29,H09R,Connor Hance,1477.440513581415,1,1480.9090477510313,1,1500.0,0,1500.0,0,1500.0,0
2026-09-29,N0FH,Yuvan Nandal,1477.4386467353243,1,1500.0,0,1474.546407887186,1,1500.0,0,1500.0,0
2026-09-29,RA62,Sami Reinwein,1477.4001415001064,4,1473.2223349954731,4,1500.0,0,1500.0,0,1500.0,0
2026-09-29,PC54,Valentin Palas,1477.359923199585,1,1500.0,0,1482.5786114789744,1,1500.0,0,1500.0,0
2026-09-29,D0F0,Bohua Dong,1477.2560270193549,1,1472.2658796792016,1,1500.0,0,1500.0,0,1500.0,0
2026-09-29,CN88,Tiago Cacao,1477.2371933878603,24,1500.0,0,1409.4754758430995,21,1500.0,0,1500.0,0
2026-09-29,D455,Mark Dietrich,1477.1609063604642,1,1466.8338868058493,1,1500.0,0,1500.0,0,1500.0,0
2026-09-29,C0CN,Lleyton Cronje,1477.1608786267416,1,1500.0,0,1469.785633979535,1,1500.0,0,1500.0,0
2026-09-29,V733,Antun Vidak,1477.1573495633324,1,1500.0,0,1470.1196003291607,1,1500.0,0,1500.0,0
2026-09-29,N838,Scott Nicolas,1477.1380506355076,1,1500.0,0,1476.0520143554238,1,1500.0,0,1500.0,0
2026-09-29,C503,Wei-Jen Cheng,1477.1280338545791,11,1511.7465484269871,8,1500.0,0,1387.1505249203665,2,1565.6631951100942,1
2026-09-29,L0AH,Sven Lah,1477.0282151219328,1,1467.1851009375187,1,1500.0,0,1500.0,0,1500.0,0
2026-09-29,R0H0,Giancarlo Rodriguez,1477.0224908073471,1,1500.0,0,1458.8117029630887,1,1500.0,0,1500.0,0
2026-09-29,S0CV,Leevi Saatela,1477.021097283216,1,1451.2130189937254,1,1500.0,0,1500.0,0,1500.0,0
2026-09-29,A0G9,Vesa Ahti,1476.978263830136,3,1500.0,0,1470.1799072216004,3,1500.0,0,1500.0,0
2026-09-29,B0W4,Manvydas Balciunas,1476.9679672142954,1,1500.0,0,1477.1627074981857,1,1500.0,0,1500.0,0
2026-09-29,P736,Marc Pijoan,1476.9232128756037,1,1500.0,0,1476.4829541252516,1,1500.0,0,1500.0,0
2026-09-29,N933,Benard Bruno Nkomba,1476.9022738902343,1,1474.8120561729797,1,1500.0,0,1500.0,0,1500.0,0
2026-09-29,R457,Pedro Rico,1476.8767629938554,1,1451.0693381108106,1,1500.0,0,1500.0,0,1500.0,0
2026-09-29,A0ID,Issa Alharrasi,1476.8752454178225,1,1472.9443693713467,1,1500.0,0,1500.0,0,1500.0,0
2026-09-29,TB55,Edoardo Tessaro,1476.8725343925573,1,1473.8461608367302,1,1500.0,0,1500.0,0,1500.0,0
2026-09-29,M0CD,Marco Miceli,1476.8470417539072,1,1500.0,0,1474.2744519189005,1,1500.0,0,1500.0,0
2026-09-29,N761,Maciej Najfeld,1476.8203441471476,1,1474.2519043086052,1,1500.0,0,1500.0,0,1500.0,0
2026-09-29,M0F1,Antonio Muniz Hidalgo,1476.8135682786262,1,1473.5663805349702,1,1500.0,0,1500.0,0,1500.0,0
2026-09-29,SJ97,Harry Skinner,1476.8093084586303,1,1500.0,0,1500.0,0,1426.9005776627787,1,1500.0,0
2026-09-29,SK69,Joao Pedro Sorgi,1476.788173743442,75,1435.7425709497938,15,1485.6615861078353,60,1500.0,0,1500.0,0
2026-09-29,Z394,Hao Zhang,1476.771547704728,1,1463.122538936541,1,1500.0,0,1500.0,0,1500.0,0
2026-09-29,MK46,Tommaso Metti,1476.726960789083,1,1454.305501861622,1,1500.0,0,1500.0,0,1500.0,0
2026-09-29,P516,Xavier Pujo,1476.6192385200134,15,1466.6513894207787,1,1496.4720816517352,14,1500.0,0,1500.0,0
2026-09-29,H0BK,Roko Horvat,1476.6028440497505,3,1516.8045126187158,2,1442.7171854340004,1,1500.0,0,1500.0,0
2026-09-29,S0TB,Elijah Strode,1476.571005433176,1,1465.9288595390126,1,1500.0,0,1500.0,0,1500.0,0
2026-09-29,V0DQ,Iiro Vasa,1476.5642802362202,4,1465.6318641004543,1,1496.2497131541854,3,1500.0,0,1500.0,0
2026-09-29,MI21,Juan-Manuel Melian-Puigventos,1476.444972129462,1,1500.0,0,1476.695607653804,1,1500.0,0,1500.0,0
2026-09-29,B0LX,Jerko Brkic,1476.4392545317066,1,1500.0,0,1472.1683388685624,1,1500.0,0,1500.0,0
2026-09-29,D836,Shendrit Deari,1476.3473537231978,1,1474.3611432191813,1,1500.0,0,1500.0,0,1500.0,0
2026-09-29,A0KY,Krish Arora,1476.3286447844905,1,1466.5416627320967,1,1500.0,0,1500.0,0,1500.0,0
2026-09-29,V0A1,Lukas Vejvara,1476.3285602232586,1,1500.0,0,1480.9843252418489,1,1500.0,0,1500.0,0
2026-09-29,BA30,Mauro Bosio,1476.245412241757,1,1469.723345952873,1,1500.0,0,1500.0,0,1500.0,0
2026-09-29,RB31,Martin Rondina,1476.2454085165643,1,1500.0,0,1478.4126216520458,1,1500.0,0,1500.0,0
2026-09-29,F684,Denny Fafek,1476.228922958418,1,1476.703447965849,1,1500.0,0,1500.0,0,1500.0,0
2026-09-29,A0FM,Egor Agafonov,1476.2078102058144,8,1512.911566836702,7,1419.6835976332281,1,1500.0,0,1500.0,0
2026-09-29,C0GU,Matyas Cerny,1476.202295627366,7,1500.0,0,1462.4877641178362,7,1500.0,0,1500.0,0
2026-09-29,H848,Kiryl Harbatsiuk,1476.1530807687586,1,1477.2924066092157,1,1500.0,0,1500.0,0,1500.0,0
2026-09-29,S847,Rob Steckley,1476.1523914388472,10,1479.4024207894959,8,1501.5494218696376,2,1500.0,0,1500.0,0
2026-09-29,T995,Jonathan Tragardh,1476.1310961853972,3,1464.5113019319501,3,1500.0,0,1500.0,0,1500.0,0
2026-09-29,E639,Ervin Eleskovic,1476.121667546157,51,1358.2243099938444,16,1442.7226209967735,30,1500.0,0,1531.5524283588302,2
2026-09-29,P595,Ravishankar Pathanjali,1476.1015552772058,1,1458.3462062231958,1,1500.0,0,1500.0,0,1500.0,0
2026-09-29,KD99,Alan Kohen,1476.065031198366,1,1500.0,0,1474.3875263827247,1,1500.0,0,1500.0,0
2026-09-29,CN16,William Conigliaro,1476.0351104244037,1,1451.2861541015836,1,1500.0,0,1500.0,0,1500.0,0
2026-09-29,S413,Vincenzo Santopadre,1476.032751172687,145,1615.254043056104,21,1487.7840824265293,101,1522.207280137215,2,1463.6272901362745,21
2026-09-29,G0OO,Alberto Garcia Garcia,1476.028717412919,1,1500.0,0,1464.7470433335786,1,1500.0,0,1500.0,0
2026-09-29,SM81,Arnau Sanz Sanz,1476.0134166307812,1,1460.3468505971443,1,1500.0,0,1500.0,0,1500.0,0
2026-09-29,V829,Daniel Valent,1476.0087505069991,1,1500.0,0,1476.2410782402305,1,1500.0,0,1500.0,0
2026-09-29,PM54,Ricardo Pabon Cuesta,1475.9731442554978,1,1470.3604620245599,1,1500.0,0,1500.0,0,1500.0,0
2026-09-29,K0BH,Rimpei Kawakami,1475.896644485049,3,1457.5155092547006,3,1500.0,0,1500.0,0,1500.0,0
2026-09-29,A620,Rafael Arevalo,1475.8650320883141,31,1526.5481037589263,14,1520.49608303494,17,1500.0,0,1500.0,0
2026-09-29,D720,Corrado Degl'Incerti Tocci,1475.8298881217424,1,1500.0,0,1478.2397883403535,1,1500.0,0,1500.0,0
2026-09-29,MM02,Alexandre Massa,1475.807313209221,4,1500.0,0,1438.7455785298432,4,1500.0,0,1500.0,0
2026-09-29,PD94,Dmitri Perevoshchikov,1475.787545618498,1,1455.951023900214,1,1500.0,0,1500.0,0,1500.0,0
2026-09-29,BF76,Clint Bowles,1475.7453672060753,1,1478.5614374216432,1,1500.0,0,1500.0,0,1500.0,0
2026-09-29,V846,Jose Fco. Vidal Azorin,1475.723349751625,6,1412.044790809976,1,1517.0572563363687,5,1500.0,0,1500.0,0
2026-09-29,A380,Clayton Almeida,1475.6683007327142,2,1461.9335628606773,2,1500.0,0,1500.0,0,1500.0,0
2026-09-29,MD53,Pablo Martinez,1475.6440970175138,1,1500.0,0,1476.9951116440652,1,1500.0,0,1500.0,0
2026-09-29,RB58,Felipe Rios,1475.6318882149303,1,1500.0,0,1481.169017968489,1,1500.0,0,1500.0,0
2026-09-29,J0EL,Diego Jarry Fillol,1475.581851365131,1,1429.756722974828,1,1500.0,0,1500.0,0,1500.0,0
2026-09-29,R0FQ,Hudson Rivera,1475.5469229015443,1,1470.0809726982318,1,1500.0,0,1500.0,0,1500.0,0
2026-09-29,PL42,Zachary Pelts,1475.5414416563042,1,1474.214199979032,1,1500.0,0,1500.0,0,1500.0,0
2026-09-29,R0FM,Huzaifa Abdul Rehman,1475.5362311894194,3,1470.5695593046166,1,1482.0166028154954,2,1500.0,0,1500.0,0
2026-09-29,PM19,Miguel Fernando Pereira,1475.5282184135049,1,1500.0,0,1468.254000303955,1,1500.0,0,1500.0,0
2026-09-29,WA95,Chase Wood,1475.5147799256151,1,1469.2033482490601,1,1500.0,0,1500.0,0,1500.0,0
2026-09-29,E933,Andrew Ely,1475.4758271888584,1,1500.0,0,1474.5644894513614,1,1500.0,0,1500.0,0
2026-09-29,SB15,Pablo Santos,1475.3770953150129,109,1359.3129410506026,10,1502.8778333605378,98,1500.0,0,1437.5446420803046,1
2026-09-29,L0C6,Stefan Latinovic,1475.3692678794075,1,1500.0,0,1455.661072916692,1,1500.0,0,1500.0,0
2026-09-29,HF79,David Hough,1475.3683051048579,1,1468.3635721940993,1,1500.0,0,1500.0,0,1500.0,0
2026-09-29,H808,Harri Heliovaara,1475.3557351793822,118,1486.0163852969908,84,1398.1907064477139,25,1498.3375890983345,2,1471.5229903335419,5
2026-09-29,F0HT,Alex Finkelstein,1475.3461510328698,1,1478.321004448536,1,1500.0,0,1500.0,0,1500.0,0
2026-09-29,L924,Marko Lazic,1475.3267906536123,1,1462.7097262683208,1,1500.0,0,1500.0,0,1500.0,0
2026-09-29,H0LS,Courte Heremana,1475.323575139079,1,1469.2301260069498,1,1500.0,0,1500.0,0,1500.0,0
2026-09-29,C849,Patrick Chucri,1475.277717880243,17,1396.5873710522797,10,1595.6766634030291,6,1500.0,0,1565.6631951100942,1
2026-09-29,D629,Giulio Di Meo,1475.1907130459533,5,1500.0,0,1481.131923163135,5,1500.0,0,1500.0,0
2026-09-29,S827,Damien Spizzo,1475.1671799703856,1,1471.8722713595207,1,1500.0,0,1500.0,0,1500.0,0
2026-09-29,CF88,Roberto Cid Subervi,1475.0819926548206,156,1494.3044958236721,77,1424.1558790686424,78,1397.3833829026769,1,1500.0,0
2026-09-29,AB11,Kalle Averfalk,1475.0520787391006,1,1500.0,0,1478.116999300032,1,1500.0,0,1500.0,0
2026-09-29,S772,Ladislav Svarc,1475.0324437584345,123,1504.8650568573382,52,1452.2678737978126,60,1500.0,0,1356.3557008817572,7
2026-09-29,MJ70,Karim-Mohamed Maamoun,1475.016840927796,62,1463.7391893405197,31,1471.9652712918332,31,1500.0,0,1500.0,0
2026-09-29,RA46,Mohammed Reda,1475.0037179971564,1,1438.5321362731408,1,1500.0,0,1500.0,0,1500.0,0
2026-09-29,O269,Greg Ouellette,1475.0017266311313,78,1465.0674742481856,56,1385.0769751732164,14,1463.7148958627104,8,1500.0,0
2026-09-29,AB13,Can Altiner,1474.9978286024466,1,1500.0,0,1481.9129744503252,1,1500.0,0,1500.0,0
2026-09-29,BJ27,Ronit Singh Bisht,1474.9903517266598,1,1469.036651779308,1,1500.0,0,1500.0,0,1500.0,0
2026-09-29,LB79,Da-Wei Li,1474.940598340555,1,1474.0516300349993,1,1500.0,0,1500.0,0,1500.0,0
2026-09-29,K961,Barry King,1474.9052078338584,5,1486.1350867289211,3,1449.4712589856738,1,1500.0,0,1565.6631951100942,1
2026-09-29,KE19,Vitaly Kozyukov,1474.880503216952,7,1472.5374738322432,7,1500.0,0,1500.0,0,1500.0,0
2026-09-29,J0DB,Lennon Roark Jones,1474.856531634351,1,1470.081811832927,1,1500.0,0,1500.0,0,1500.0,0
2026-09-29,P0C1,Karl Poling,1474.8321506242346,26,1475.4312398110792,17,1400.631766524624,7,1424.0697160239934,2,1500.0,0
2026-09-29,O400,Mark Oljaca,1474.8302206338142,1,1500.0,0,1457.3521681117786,1,1500.0,0,1500.0,0
2026-09-29,SN55,Diogo Soares,1474.8105333174503,1,1500.0,0,1475.5132445267272,1,1500.0,0,1500.0,0
2026-09-29,LI10,Christian Langmo,1474.8103381326325,82,1456.8529124813815,73,1278.3588723254413,9,1500.0,0,1500.0,0
2026-09-29,G108,Rodolphe Gilbert,1474.7524019008904,5,1459.747519250127,3,1500.0,0,1500.0,0,1509.9991877832017,2
2026-09-29,KI71,Kirill Kivattsev,1474.7311419542402,14,1505.3196507098203,8,1398.438785245013,6,1500.0,0,1500.0,0
2026-09-29,L0AO,Christian Lakoseljac,1474.7190057934451,1,1469.6258218133278,1,1500.0,0,1500.0,0,1500.0,0
2026-09-29,PI95,David Pichler,1474.7079055505747,20,1541.7256836376332,5,1424.2542981892736,15,1500.0,0,1500.0,0
2026-09-29,S648,Martin Spottl,1474.705781158294,28,1499.3725809858606,7,1427.8148788627007,17,1500.0,0,1422.741102814079,1
2026-09-29,D240,Lior Dahan,1474.6964968604875,40,1492.515197059924,38,1500.0,0,1516.906198347944,2,1500.0,0
2026-09-29,SD58,Alexey Sergeev,1474.648920022921,2,1500.0,0,1473.7628476612417,2,1500.0,0,1500.0,0
2026-09-29,GA99,Mateo Galdon,1474.648910443098,1,1500.0,0,1442.4272890951138,1,1500.0,0,1500.0,0
2026-09-29,LA08,Yu Cheng Li,1474.6472317684454,4,1491.0229238479126,3,1443.6218497917246,1,1500.0,0,1500.0,0
2026-09-29,PJ75,Marco Prochazka,1474.6314056883277,1,1473.0799055682633,1,1500.0,0,1500.0,0,1500.0,0
2026-09-29,LI37,Nathaniel Lammons,1474.6047628091255,1,1475.2946872693185,1,1500.0,0,1500.0,0,1500.0,0
2026-09-29,U09O,Bekzat Usipbekov,1474.5530780346935,1,1473.91836221494,1,1500.0,0,1500.0,0,1500.0,0
2026-09-29,GB42,Alejandro Gomez,1474.5100659314046,34,1499.4673235264218,18,1407.412873981229,16,1500.0,0,1500.0,0
2026-09-29,KE81,Filip Karlsson,1474.5050315447102,1,1500.0,0,1474.9154793785603,1,1500.0,0,1500.0,0
2026-09-29,MD85,Lukas Marsoun,1474.4909599203527,1,1500.0,0,1465.052062353675,1,1500.0,0,1500.0,0
2026-09-29,C523,Marcelo Carvalho,1474.471556244286,1,1500.0,0,1463.6774986056234,1,1500.0,0,1500.0,0
2026-09-29,M723,Lazar Magdincev,1474.3861954871459,28,1419.7845108256183,11,1471.0907140422034,17,1500.0,0,1500.0,0
2026-09-29,PH36,Frederik Press,1474.3850349379356,1,1500.0,0,1474.4132986000232,1,1500.0,0,1500.0,0
2026-09-29,S813,Jean-Claude Scherrer,1474.363205024095,84,1484.5598274206266,32,1481.5175301989232,39,1468.5566642810227,5,1389.2210631869254,8
2026-09-29,DB61,Pavle Daljev,1474.3096857526202,1,1500.0,0,1466.206039536642,1,1500.0,0,1500.0,0
2026-09-29,W362,Lukasz Wodnicki,1474.2967622033257,1,1500.0,0,1473.767150231965,1,1500.0,0,1500.0,0
2026-09-29,T0D7,Roey Tabet,1474.2723533098656,1,1500.0,0,1472.8900185526427,1,1500.0,0,1500.0,0
2026-09-29,PA46,Filip Polasek,1474.27095294307,11,1434.8285367431147,8,1565.6631951100942,1,1500.0,0,1500.0,0
2026-09-29,V834,Diego Vives,1474.2376780595375,1,1500.0,0,1478.4501453109692,1,1500.0,0,1500.0,0
2026-09-29,BK34,Dimitri Bretting,1474.222328150614,1,1500.0,0,1473.9685950846904,1,1500.0,0,1500.0,0
2026-09-29,AA74,Hamad Al Mulla,1474.1341759029551,1,1454.6102370734177,1,1500.0,0,1500.0,0,1500.0,0
2026-09-29,D0OU,JoÃƒÂ£o Pedro Didoni Bonini,1474.1277626211552,1,1500.0,0,1474.567109671384,1,1500.0,0,1500.0,0
2026-09-29,HH15,Mikalai Haliak,1474.117778812445,19,1451.5802571762204,19,1500.0,0,1500.0,0,1500.0,0
2026-09-29,L730,Xiang Sr. Li,1474.0946386849341,1,1440.9443451000736,1,1500.0,0,1500.0,0,1500.0,0
2026-09-29,MF40,Marek Mrozek,1474.066466431255,1,1500.0,0,1471.0631664882703,1,1500.0,0,1500.0,0
2026-09-29,BL21,Stefano Blatt,1474.0488399614,1,1500.0,0,1479.8212457036602,1,1500.0,0,1500.0,0
2026-09-29,A592,Akwasi Ahenkora,1474.0354402134783,2,1553.3989285087641,1,1438.8457175440926,1,1500.0,0,1500.0,0
2026-09-29,AC45,Mehdi Abid,1474.0246863626962,1,1500.0,0,1482.0611707571927,1,1500.0,0,1500.0,0
2026-09-29,104033,Victor Crivoi,1473.967148608833,6,1452.379349147259,4,1511.0413325284867,2,1500.0,0,1500.0,0
2026-09-29,M812,Gustavo Marcaccio,1473.9559538313376,112,1425.2413939855962,31,1482.747566852027,76,1500.0,0,1500.0,0
2026-09-29,F377,Holger Fischer,1473.9008028839999,8,1511.8904894297787,3,1515.943842472525,4,1500.0,0,1500.0,0
2026-09-29,AD27,Ruben Alberts,1473.8941727306492,1,1470.8417638315498,1,1500.0,0,1500.0,0,1500.0,0
2026-09-29,G0CI,Niklas Guttau,1473.8709758217944,2,1500.0,0,1473.7320689942383,2,1500.0,0,1500.0,0
2026-09-29,R251,Martin Rodriguez,1473.8552893159078,69,1317.6760555491185,9,1481.4579522298425,60,1500.0,0,1500.0,0
2026-09-29,L0BY,Lewie Lane,1473.8418693707702,1,1500.0,0,1466.1506506262754,1,1500.0,0,1500.0,0
2026-09-29,K667,Michel Koning,1473.8412383937564,42,1313.534158982437,12,1479.8736483976334,12,1500.503140362375,7,1602.8856564303235,11
2026-09-29,J323,Richard Johnson,1473.7632592660827,1,1475.6114322649057,1,1500.0,0,1500.0,0,1500.0,0
2026-09-29,T231,Clemens Trimmel,1473.7257795172711,55,1557.4374411655278,13,1390.8054778200517,27,1500.0,0,1589.5989439286727,15
2026-09-29,L0EE,Daniel Little,1473.7254214392206,1,1500.0,0,1500.0,0,1444.18628415642,1,1500.0,0
2026-09-29,BR59,Alexander Boborykin,1473.6409094167404,1,1469.4483938600692,1,1500.0,0,1500.0,0,1500.0,0
2026-09-29,Q976,Xi Qi,1473.6120622201354,2,1473.172725953779,2,1500.0,0,1500.0,0,1500.0,0
2026-09-29,FC40,Patrick Fitzgerald,1473.5210092186178,1,1465.0575869498855,1,1500.0,0,1500.0,0,1500.0,0
2026-09-29,S608,Attila Savolt,1473.4716295530657,188,1409.979562767186,33,1480.6537351845502,146,1364.0544463167448,2,1316.1271441722777,7
2026-09-29,L761,James Ludlow,1473.449945479028,3,1471.4762363090556,3,1500.0,0,1500.0,0,1500.0,0
2026-09-29,KA53,Rynat Khusainov,1473.4123270578405,1,1500.0,0,1459.2936704830931,1,1500.0,0,1500.0,0
2026-09-29,105953,Evan King,1473.4062279667537,1,1500.0,0,1500.0,0,1444.18628415642,1,1500.0,0
2026-09-29,LI11,Thomas Laurent,1473.359883066206,1,1457.842742333839,1,1500.0,0,1500.0,0,1500.0,0
2026-09-29,V685,Thibault Venturino,1473.1860598408343,1,1468.6359287102537,1,1500.0,0,1500.0,0,1500.0,0
2026-09-29,M0WZ,Lucas Marionneau,1473.157770516043,1,1461.000282824848,1,1500.0,0,1500.0,0,1500.0,0
2026-09-29,S0MJ,Thantub Suksumrarn,1473.1130939286872,1,1469.575253256331,1,1500.0,0,1500.0,0,1500.0,0
2026-09-29,BB20,Ivan Bjelica,1473.112935340486,14,1534.7588911464518,6,1385.8439341413518,8,1500.0,0,1500.0,0
2026-09-29,MR77,Cing-Yang Meng,1473.0751761375557,1,1462.1524907766116,1,1500.0,0,1500.0,0,1500.0,0
2026-09-29,C672,Fernando Cabrera,1473.0298216082083,1,1470.2845508807181,1,1500.0,0,1500.0,0,1500.0,0
2026-09-29,N416,Jakub Nijaki,1473.0212275016058,1,1500.0,0,1474.6899988251412,1,1500.0,0,1500.0,0
2026-09-29,D677,Zach Dailey,1473.0167464369977,1,1469.8513052619667,1,1500.0,0,1500.0,0,1500.0,0
2026-09-29,E722,Ahmed El Tabakh,1473.0040137300894,1,1462.4237303498946,1,1500.0,0,1500.0,0,1500.0,0
2026-09-29,HA37,Soren Hess-Olesen,1472.988873267266,5,1470.6106846799564,3,1500.0,0,1500.0,0,1500.0,0
2026-09-29,KA67,Thomas Knights,1472.9557657411924,1,1500.0,0,1500.0,0,1460.6540914022185,1,1500.0,0
2026-09-29,S0U5,Tai Sach,1472.9433971325413,16,1442.6265841088486,16,1500.0,0,1500.0,0,1500.0,0
2026-09-29,K0J9,Yannik Kelm,1472.9025523162957,1,1500.0,0,1471.9295086474708,1,1500.0,0,1500.0,0
2026-09-29,MH04,Victor Maynard,1472.8713384179612,1,1500.0,0,1465.0149033917357,1,1500.0,0,1500.0,0
2026-09-29,A0LQ,Alejandro Arcila,1472.8492041449483,1,1500.0,0,1470.778966557668,1,1500.0,0,1500.0,0
2026-09-29,M991,Julien Maigret,1472.84103353556,1,1443.271546880133,1,1500.0,0,1500.0,0,1500.0,0
2026-09-29,BG52,Jaan-Frederik Brunken,1472.8395432538812,29,1496.8225176235094,7,1441.0337014093795,15,1490.9711010341473,2,1403.9980204209664,4
2026-09-29,BL06,Francisco Adolfo Blanco Paris,1472.7910728323423,1,1467.1522948530992,1,1500.0,0,1500.0,0,1500.0,0
2026-09-29,B0UZ,Dakotah Bobo,1472.7900685689388,1,1470.5294293547822,1,1500.0,0,1500.0,0,1500.0,0
2026-09-29,BU57,Romain Bousquet,1472.758002907462,1,1460.391844071361,1,1500.0,0,1500.0,0,1500.0,0
2026-09-29,A0JF,Hernandez Aguila Abel,1472.6162919471228,1,1500.0,0,1462.0193840776863,1,1500.0,0,1500.0,0
2026-09-29,F747,Claudio Fortuna,1472.600020984991,8,1471.4660773689693,1,1493.591939990616,7,1500.0,0,1500.0,0
2026-09-29,TD13,Manato Tanimoto,1472.5871239191156,1,1471.5175034429094,1,1500.0,0,1500.0,0,1500.0,0
2026-09-29,FA69,Simon Freund,1472.5816118504024,3,1445.7465846070495,3,1500.0,0,1500.0,0,1500.0,0
2026-09-29,H809,Adam Hubble,1472.5783896816909,3,1476.6415060082154,3,1500.0,0,1500.0,0,1500.0,0
2026-09-29,W0BD,Deney Wassermann,1472.5606450767546,4,1500.0,0,1450.5417763438982,4,1500.0,0,1500.0,0
2026-09-29,BK09,Luis Britto,1472.4083676803073,1,1500.0,0,1464.903437774311,1,1500.0,0,1500.0,0
2026-09-29,SD56,Robert Smeets,1472.4054550112774,152,1476.4715793782966,99,1347.8731515797397,16,1373.5229342568375,16,1711.4175143891866,21
2026-09-29,S1EZ,Elijah Sanogo,1472.3891091955354,3,1536.0034760009648,2,1441.2455764139627,1,1500.0,0,1500.0,0
2026-09-29,SM03,Sebastian Sachs,1472.3809606997695,5,1500.0,0,1492.353903308656,3,1477.566180197313,1,1500.0,0
2026-09-29,CM74,Ian Chadwell,1472.3648272920718,1,1463.599873949154,1,1500.0,0,1500.0,0,1500.0,0
2026-09-29,C0R5,Jack Cheng,1472.3645868131896,1,1439.862821058272,1,1500.0,0,1500.0,0,1500.0,0
2026-09-29,V682,Lennert Van Der Linden,1472.3367566489142,4,1455.9611331779145,1,1475.0933080808406,3,1500.0,0,1500.0,0
2026-09-29,H0CD,Alex Hernandez,1472.3053251144186,74,1465.5623046191365,46,1398.4226517109319,28,1500.0,0,1500.0,0
2026-09-29,GD08,Lloyd Glasspool,1472.267243513438,44,1422.4320388460771,27,1500.0,0,1344.3634150837536,14,1500.0,0
2026-09-29,H0E7,John Hallquist Lithen,1472.2640535639785,1,1500.0,0,1451.856505464519,1,1500.0,0,1500.0,0
2026-09-29,104646,Shane La Porte,1472.2184604420675,2,1484.9222212226343,2,1500.0,0,1500.0,0,1500.0,0
2026-09-29,N693,Hamidreza Nadaf,1472.2104552981007,2,1544.6574404114506,1,1434.3368048899058,1,1500.0,0,1500.0,0
2026-09-29,L314,Regis Lavergne,1472.1202824577617,7,1506.1076281078088,2,1485.8400807227151,5,1500.0,0,1500.0,0
2026-09-29,GD39,Ivan Gomez Mantilla,1472.09314207821,1,1500.0,0,1472.09314207821,1,1500.0,0,1500.0,0
2026-09-29,103757,Kristian Pless,1472.09314207821,1,1472.09314207821,1,1500.0,0,1500.0,0,1500.0,0
2026-09-29,110253,Andrzej Grusiecki,1472.09314207821,1,1500.0,0,1472.09314207821,1,1500.0,0,1500.0,0
2026-09-29,105322,Pablo Pires de Almeida,1472.09314207821,1,1472.09314207821,1,1500.0,0,1500.0,0,1500.0,0
2026-09-29,104938,Sergey Betov,1472.09314207821,1,1472.09314207821,1,1500.0,0,1500.0,0,1500.0,0
2026-09-29,LF61,Breno Lodis,1472.073743317392,1,1500.0,0,1474.823816175692,1,1500.0,0,1500.0,0
2026-09-29,N0CK,Rashed Nawaf,1472.0487437752995,2,1454.2034743456456,2,1500.0,0,1500.0,0,1500.0,0
2026-09-29,SF48,Olivier Sajous,1471.9876769246084,32,1540.7399354108009,28,1378.0301616601305,4,1500.0,0,1500.0,0
2026-09-29,K583,David Kuczer,1471.9543609207308,1,1500.0,0,1473.8265901820312,1,1500.0,0,1500.0,0
2026-09-29,I295,Alexander Igoshin,1471.944660439332,9,1445.6574552217314,9,1500.0,0,1500.0,0,1500.0,0
2026-09-29,MG75,Marko Mijacevic,1471.9225459960298,2,1489.9284170564033,2,1500.0,0,1500.0,0,1500.0,0
2026-09-29,BG72,Carlos Boluda-Purkiss,1471.9128530591097,37,1474.8109899453113,11,1440.9065867804904,26,1500.0,0,1500.0,0
2026-09-29,H965,Tobias Hinzmann,1471.8968024253925,2,1500.0,0,1474.1925095659055,2,1500.0,0,1500.0,0
2026-09-29,105321,Darrin Cohen,1471.8598350136708,2,1471.8598350136708,2,1500.0,0,1500.0,0,1500.0,0
2026-09-29,J272,Rok Jarc,1471.846153329597,8,1565.6631951100942,1,1442.3747978066397,7,1500.0,0,1500.0,0
2026-09-29,Z452,Julian Zlobinsky,1471.7404940642843,3,1455.925430318452,3,1500.0,0,1500.0,0,1500.0,0
2026-09-29,A0DX,Robbie Arends,1471.7322882045657,1,1471.4431566184755,1,1500.0,0,1500.0,0,1500.0,0
2026-09-29,A308,Florian Allgauer,1471.7070428421555,24,1442.218300476189,8,1514.902273806782,14,1500.0,0,1395.2186683933733,2
2026-09-29,SO15,Bartosz Sawicki,1471.7027218947212,1,1500.0,0,1469.4319201242722,1,1500.0,0,1500.0,0
2026-09-29,A631,Vagen Akapian,1471.6994267902849,1,1500.0,0,1471.6222007059187,1,1500.0,0,1500.0,0
2026-09-29,GD61,Dante Gennaro,1471.6940300204333,1,1500.0,0,1472.0479361973723,1,1500.0,0,1500.0,0
2026-09-29,C0MV,Jiri Cizek,1471.6265222498682,1,1469.1034841939797,1,1500.0,0,1500.0,0,1500.0,0
2026-09-29,F759,David Fleming,1471.5511803759607,1,1500.0,0,1475.9783054073955,1,1500.0,0,1500.0,0
2026-09-29,104332,Ryler DeHeart,1471.4585942710532,3,1471.4585942710532,3,1500.0,0,1500.0,0,1500.0,0
2026-09-29,G0EN,Tanguy Genier,1471.4470312181838,1,1469.5907356826415,1,1500.0,0,1500.0,0,1500.0,0
2026-09-29,N763,Daniel Nolan,1471.4398517795946,7,1443.2874784863332,7,1500.0,0,1500.0,0,1500.0,0
2026-09-29,I052,Andrew Ilie,1471.3831994249283,129,1474.8476381708467,69,1500.3380174176339,50,1342.9051464602655,6,1378.4592381852892,4
2026-09-29,R546,Charles Roche,1471.3807339801995,1,1500.0,0,1468.5674969447025,1,1500.0,0,1500.0,0
2026-09-29,L09V,Juan Lugo,1471.3681211840276,1,1465.3702462815595,1,1500.0,0,1500.0,0,1500.0,0
2026-09-29,TA47,Ivan Turudic,1471.3419734272734,1,1471.661836363676,1,1500.0,0,1500.0,0,1500.0,0
2026-09-29,V0AD,Leon Vessels,1471.3046679017689,1,1442.9304495843348,1,1500.0,0,1500.0,0,1500.0,0
2026-09-29,M0O6,Pablo Martinez Gomez,1471.301636888686,1,1500.0,0,1469.925855730202,1,1500.0,0,1500.0,0
2026-09-29,K891,Justin Kronauge,1471.2956101785762,3,1484.397644424874,3,1500.0,0,1500.0,0,1500.0,0
2026-09-29,T878,Andrea Turini,1471.2755417764965,1,1500.0,0,1472.4986821619748,1,1500.0,0,1500.0,0
2026-09-29,TD17,Leonardo Telles,1471.221517782413,1,1500.0,0,1470.8921293230685,1,1500.0,0,1500.0,0
2026-09-29,V184,Bojan Vujic,1471.201336317364,1,1500.0,0,1472.2243818016773,1,1500.0,0,1500.0,0
2026-09-29,B0S5,Gabriele Brancatelli,1471.1859933755277,1,1500.0,0,1500.0,0,1500.0,0,1500.0,0
2026-09-29,S715,Grant Silcock,1471.1825586862358,1,1500.0,0,1500.0,0,1500.0,0,1500.0,0
2026-09-29,L0K2,Wenfu Li,1471.1718812263848,1,1459.8823711121422,1,1500.0,0,1500.0,0,1500.0,0
2026-09-29,SO25,Tom Schonenberg,1471.161093836274,3,1502.1801475611578,2,1500.0,0,1451.6010785521908,1,1500.0,0
2026-09-29,LE13,Eduardo Lameiras,1471.1588538234168,1,1500.0,0,1467.6726607009587,1,1500.0,0,1500.0,0
2026-09-29,AB54,Harrison Adams,1471.1445918407105,5,1483.8831982805254,4,1469.276372257086,1,1500.0,0,1500.0,0
2026-09-29,LE38,Niels Lootsma,1471.131882964803,2,1463.208000182186,2,1500.0,0,1500.0,0,1500.0,0
2026-09-29,K805,Nikola Krunt,1471.1212423816457,1,1500.0,0,1500.0,0,1500.0,0,1442.389549720841,1
2026-09-29,DB64,Marat Deviatiarov,1471.084868575711,3,1481.5611280610867,3,1500.0,0,1500.0,0,1500.0,0
2026-09-29,MF90,Kristijan Mesaros,1471.0796695108402,63,1277.0523744612597,12,1521.24661245168,48,1385.435304320309,3,1500.0,0
2026-09-29,A668,Saeid Ahmadvand,1471.0759831375203,2,1500.0,0,1503.8230756215096,2,1500.0,0,1500.0,0
2026-09-29,BK12,Adrian Bodmer,1471.0645574845757,6,1437.3234025664515,3,1511.2522667135,3,1500.0,0,1500.0,0
2026-09-29,PB33,Jaak Poldma,1471.0585583072127,9,1523.7411899274005,7,1452.1047098921845,1,1500.0,0,1472.1848082706733,1
2026-09-29,G252,Marc-Kevin Goellner,1471.0480012249322,80,1725.9028951944317,19,1385.7427240998431,48,1373.2918871485824,2,1448.8282531825014,11
2026-09-29,K0E0,Hunter Koontz,1471.026554824941,1,1462.351704195842,1,1500.0,0,1500.0,0,1500.0,0
2026-09-29,FC39,Quentin Folliot,1471.0115965343846,3,1500.0,0,1471.4127342316265,3,1500.0,0,1500.0,0
2026-09-29,PB13,Grzegorz Panfil,1470.9845785542843,92,1393.444930548126,17,1472.017323753581,69,1500.0,0,1565.318640604291,3
2026-09-29,C818,Unai Corujo,1470.9670880764504,1,1500.0,0,1470.7190217335492,1,1500.0,0,1500.0,0
2026-09-29,M601,Olivier Malcor,1470.892014983689,25,1509.9558713830877,10,1497.108682808573,15,1500.0,0,1500.0,0
2026-09-29,V552,David Veliz-Lepe,1470.8532482685796,1,1500.0,0,1470.6773167787503,1,1500.0,0,1500.0,0
2026-09-29,C0S3,Emilio Camacho,1470.842004680519,2,1500.0,0,1461.3027113556795,2,1500.0,0,1500.0,0
2026-09-29,D365,Rafael de Mesa,1470.84159495793,2,1500.0,0,1476.1541708422271,2,1500.0,0,1500.0,0
2026-09-29,FA48,Antonioni Fasano,1470.8414272958437,1,1500.0,0,1472.8827334898926,1,1500.0,0,1500.0,0
2026-09-29,BF98,Alessandro Bega,1470.8301232775696,103,1376.1125711341958,82,1539.8403566742682,16,1526.4255566585402,5,1500.0,0
2026-09-29,S0S4,Oscar Manuel Sanchez Hirales,1470.749935973502,1,1467.2298047966754,1,1500.0,0,1500.0,0,1500.0,0
2026-09-29,L273,Patrik Langvardt,1470.746725713065,4,1377.0252945116372,2,1647.4873304432688,2,1500.0,0,1500.0,0
2026-09-29,G407,Miloslav Grolmus,1470.7375702199597,1,1472.5296023750932,1,1500.0,0,1500.0,0,1500.0,0
2026-09-29,N388,Duc-Duong Ngo,1470.733001097629,1,1447.2539761489436,1,1500.0,0,1500.0,0,1500.0,0
2026-09-29,V0G2,Amit Vales,1470.7176801273893,9,1483.666659031602,6,1427.3480011576492,1,1524.3825679636327,2,1500.0,0
2026-09-29,HB56,Jonathan Ho,1470.7061819324654,3,1464.6055369241856,3,1500.0,0,1500.0,0,1500.0,0
2026-09-29,BK05,Luke Bambridge,1470.6830141027253,21,1410.5108286237069,10,1508.435737288786,2,1413.7890913808899,9,1500.0,0
2026-09-29,D527,Carlos De La Pena,1470.6752270797122,1,1500.0,0,1471.129226908544,1,1500.0,0,1500.0,0
2026-09-29,H899,Tim Hewitt,1470.6663683924885,1,1467.499372298297,1,1500.0,0,1500.0,0,1500.0,0
2026-09-29,S601,Michael Sell,1470.6399320084217,6,1483.2409693945735,5,1451.9750901718567,1,1500.0,0,1500.0,0
2026-09-29,O560,Juan Sebastian Osorio,1470.6268255642963,6,1500.0,0,1467.0641938731264,6,1500.0,0,1500.0,0
2026-09-29,L559,Yeon Wook Lee,1470.6009255255804,1,1471.2946039858398,1,1500.0,0,1500.0,0,1500.0,0
2026-09-29,C261,Jaime Cortes,1470.5995457417446,1,1500.0,0,1479.3569421464606,1,1500.0,0,1500.0,0
2026-09-29,Y096,Jun-Il You,1470.5104694741603,2,1476.8170392153356,2,1500.0,0,1500.0,0,1500.0,0
2026-09-29,D370,Thomas Dupre,1470.497141625734,38,1482.2674735847938,25,1454.2892605404586,13,1500.0,0,1500.0,0
2026-09-29,H0D9,Cleeve Harper,1470.475655764446,8,1441.9919720729933,8,1500.0,0,1500.0,0,1500.0,0
2026-09-29,A0K4,Mikael Arseneault,1470.46706922856,2,1464.9666283140928,2,1500.0,0,1500.0,0,1500.0,0
2026-09-29,MI37,Luis Ignacio Morales,1470.457486927577,1,1500.0,0,1471.0703247045703,1,1500.0,0,1500.0,0
2026-09-29,CH47,Kevin Jack Carpenter,1470.382069030784,2,1464.6805440794797,2,1500.0,0,1500.0,0,1500.0,0
2026-09-29,P0IL,Julio César Porras,1470.3281896452725,1,1472.1405568845692,1,1500.0,0,1500.0,0,1500.0,0
2026-09-29,L0HY,Linus Lagerbohm,1470.322656461516,1,1500.0,0,1471.9901310523785,1,1500.0,0,1500.0,0
2026-09-29,MR99,Leny Mitjana,1470.26867432064,1,1465.8415640540725,1,1500.0,0,1500.0,0,1500.0,0
2026-09-29,RA36,Ahmad Rabeea,1470.2557240993674,1,1465.6391228617367,1,1500.0,0,1500.0,0,1500.0,0
2026-09-29,M663,Nuno Matias,1470.253532652226,1,1500.0,0,1476.4885104006592,1,1500.0,0,1500.0,0
2026-09-29,W445,Enrico Wellenfeld,1470.2492653180186,3,1500.0,0,1475.997760591587,3,1500.0,0,1500.0,0
2026-09-29,J0AK,Yuquan Jin,1470.1560095197865,1,1463.45710127279,1,1500.0,0,1500.0,0,1500.0,0
2026-09-29,M445,Marco Meneschincheri,1470.155341565645,3,1420.0892329218996,1,1508.0426569034444,2,1500.0,0,1500.0,0
2026-09-29,O0BC,Oliver Okonkwo,1470.0967181483784,1,1500.0,0,1500.0,0,1417.5046736129389,1,1500.0,0
2026-09-29,A0CG,Shaheed Alam,1470.0782099275684,1,1472.3115507042523,1,1500.0,0,1500.0,0,1500.0,0
2026-09-29,D0E2,Giacomo Dambrosi,1470.0592110173293,1,1500.0,0,1436.4870349496011,1,1500.0,0,1500.0,0
2026-09-29,KC36,Jan Kuncik,1470.0497711253222,2,1500.0,0,1467.5043120709174,2,1500.0,0,1500.0,0
2026-09-29,B649,Kornel Bardoczky,1470.0288420939182,72,1496.7537499310058,10,1422.998524597581,55,1500.0,0,1565.6631951100942,1
2026-09-29,H635,Ross Hutchins,1470.0132912295146,14,1454.1871381206654,6,1500.0,0,1470.0462517623994,6,1500.0,0
2026-09-29,G904,Eduardo Gutierrez,1469.9772428594945,1,1500.0,0,1473.7328169238633,1,1500.0,0,1500.0,0
2026-09-29,F0BC,Gabriele Felline,1469.9677749757072,1,1500.0,0,1466.899409725657,1,1500.0,0,1500.0,0
2026-09-29,HH32,Alejandro Hoyos,1469.9295752037206,4,1500.0,0,1464.3935136028767,4,1500.0,0,1500.0,0
2026-09-29,E159,Mounir El Aarej,1469.9138622682804,57,1317.348299848791,6,1538.9734723263164,46,1501.9344316852016,2,1373.9742581495773,3
2026-09-29,V531,Florian Valsot,1469.9137795543,1,1500.0,0,1481.9421636742118,1,1500.0,0,1500.0,0
2026-09-29,W605,Dane Webb,1469.907484893446,1,1453.461687038735,1,1500.0,0,1500.0,0,1500.0,0
2026-09-29,Q954,Diego Quiroz,1469.8876413109276,1,1500.0,0,1468.9971069115356,1,1500.0,0,1500.0,0
2026-09-29,CG63,Hunter Callahan,1469.8343589966973,1,1463.8962573509846,1,1500.0,0,1500.0,0,1500.0,0
2026-09-29,MM60,Joao Monteiro,1469.7618757208909,16,1470.6748479514224,3,1435.5498081190824,13,1500.0,0,1500.0,0
2026-09-29,R367,Rodolfo Rake,1469.754883611368,3,1500.0,0,1474.206620092436,3,1500.0,0,1500.0,0
2026-09-29,MQ70,Raheel Manji,1469.7377068970525,1,1471.229756395206,1,1500.0,0,1500.0,0,1500.0,0
2026-09-29,M713,Shuon Madden,1469.7118678249917,1,1467.5263625500654,1,1500.0,0,1500.0,0,1500.0,0
2026-09-29,A931,Jasmin Ademovic,1469.6860645159186,1,1500.0,0,1468.7273380790352,1,1500.0,0,1500.0,0
2026-09-29,CG64,Cristian Carli,1469.6672673575645,1,1500.0,0,1471.7232718178457,1,1500.0,0,1500.0,0
2026-09-29,KB43,Robin Kern,1469.6515989785828,43,1446.7543709018605,13,1408.0692459969648,22,1513.561990848352,5,1488.8939911061716,3
2026-09-29,V0F7,Connor Henry Van Schalkwyk,1469.6371315780864,3,1461.4704516145046,3,1500.0,0,1500.0,0,1500.0,0
2026-09-29,D493,Juan-Ignacio Destefano,1469.627746650925,1,1500.0,0,1459.463591271236,1,1500.0,0,1500.0,0
2026-09-29,O0CL,Nicolas Oliveira,1469.58009052423,1,1500.0,0,1469.7131948253057,1,1500.0,0,1500.0,0
2026-09-29,SF61,Rahman Smiley,1469.485260580532,1,1458.266686605635,1,1500.0,0,1500.0,0,1500.0,0
2026-09-29,V192,Selvam Veerasingam,1469.4693750857618,8,1474.6904520522864,8,1500.0,0,1500.0,0,1500.0,0
2026-09-29,U179,Edmundo Ulloa,1469.4420941790988,1,1500.0,0,1468.7542552434818,1,1500.0,0,1500.0,0
2026-09-29,T333,Orest Tereshchuk,1469.4030560086248,111,1418.560258673,56,1505.796224118262,41,1500.0,0,1537.4216599455785,14
2026-09-29,PL93,Nino Portales,1469.39690054048,1,1469.9877487011456,1,1500.0,0,1500.0,0,1500.0,0
2026-09-29,LA06,Facundo Lugones,1469.396838008425,1,1500.0,0,1473.8854447793055,1,1500.0,0,1500.0,0
2026-09-29,K0AF,Boris Kozlov,1469.2851386531604,2,1462.8433171211996,2,1500.0,0,1500.0,0,1500.0,0
2026-09-29,E122,Joshua Eagle,1469.2730464930135,1,1462.050804007141,1,1500.0,0,1500.0,0,1500.0,0
2026-09-29,105085,Ivan Sergeyev,1469.2582296909115,3,1474.7685530115996,3,1500.0,0,1500.0,0,1500.0,0
2026-09-29,B299,Scott Brown,1469.2394235425118,3,1465.0926887490891,3,1500.0,0,1500.0,0,1500.0,0
2026-09-29,I427,Simon Anthony Ivanov,1469.2206490306758,2,1447.656536561094,2,1500.0,0,1500.0,0,1500.0,0
2026-09-29,F786,Sanjar Fayziev,1469.1887630635513,62,1409.6984932293954,42,1416.8028598060998,17,1445.5821986116832,2,1500.0,0
2026-09-29,G921,Javier Garrapiz-Borderias,1469.157044747154,1,1500.0,0,1466.6032917308457,1,1500.0,0,1500.0,0
2026-09-29,K862,Dirk Kornmeyer,1469.135116556447,1,1500.0,0,1469.7959273143929,1,1500.0,0,1500.0,0
2026-09-29,P0KS,Lasse Poertner,1469.1226134521426,1,1500.0,0,1453.4367126098043,1,1500.0,0,1500.0,0
2026-09-29,VA39,Dimitriy Voronin,1469.1176497416523,3,1433.929781797175,1,1508.9627833312354,2,1500.0,0,1500.0,0
2026-09-29,G928,Zoran Golubovic,1469.066148574116,1,1500.0,0,1465.584606095872,1,1500.0,0,1500.0,0
2026-09-29,CG26,Ting Yu Chuang,1469.0142784814466,1,1500.0,0,1500.0,0,1500.0,0,1431.6633578024869,1
2026-09-29,S1CU,Jack Secord,1468.9871250614472,1,1458.9192793582397,1,1500.0,0,1500.0,0,1500.0,0
2026-09-29,K0GE,Luc Koenig,1468.9720609889725,3,1459.9536350156925,3,1500.0,0,1500.0,0,1500.0,0
2026-09-29,PG69,Juan Pablo Paz,1468.908924170611,51,1433.9841079693588,5,1469.851575782773,46,1500.0,0,1500.0,0
2026-09-29,Z104,Lovro Zovko,1468.8789086593097,208,1518.1580273357333,86,1411.416596056375,88,1459.157324702112,7,1495.9413403037745,27
2026-09-29,LA94,Christian Lindell,1468.8767862633827,149,1227.0413749229665,13,1497.8758193531305,135,1437.247957319155,1,1500.0,0
2026-09-29,F0C0,Chase Ferguson,1468.8615351319072,1,1465.9158607366476,1,1500.0,0,1500.0,0,1500.0,0
2026-09-29,PD29,Cory Parr,1468.8409655264015,1,1466.796686249105,1,1500.0,0,1500.0,0,1500.0,0
2026-09-29,LC79,Manuel Luis Lamelas,1468.839820968313,1,1500.0,0,1445.59966017021,1,1500.0,0,1500.0,0
2026-09-29,LB13,Alex Llompart,1468.795303137181,11,1499.9385568049222,11,1500.0,0,1500.0,0,1500.0,0
2026-09-29,K907,Sho Katayama,1468.7845481671534,14,1408.4769334206715,4,1500.0,0,1500.0,0,1513.5946265277983,10
2026-09-29,W406,Michal Walkow,1468.7587204837773,1,1456.540036084074,1,1500.0,0,1500.0,0,1500.0,0
2026-09-29,B0UY,Anas Bennour Dit Sahli,1468.736208459823,1,1500.0,0,1443.5771206716383,1,1500.0,0,1500.0,0
2026-09-29,B607,Jan Boruszewski,1468.7017426710224,14,1572.6382283014548,5,1440.9031244009152,1,1383.2068928154015,2,1502.880814696769,6
2026-09-29,MD77,Igor Markota,1468.6562344917263,1,1500.0,0,1474.9495978028283,1,1500.0,0,1500.0,0
2026-09-29,H0GK,Maximilian Homberg,1468.602151372181,2,1455.8903278991913,2,1500.0,0,1500.0,0,1500.0,0
2026-09-29,MV58,Isa Mammetgulyyev,1468.4722839085998,1,1500.0,0,1465.5225030546787,1,1500.0,0,1500.0,0
2026-09-29,C270,Cristiano Caratti,1468.4653749799213,127,1379.8805266567397,73,1509.7265589593856,11,1564.1669677216205,25,1485.3554910776363,18
2026-09-29,S755,Jason Sankey,1468.4314655921694,1,1468.2222224224126,1,1500.0,0,1500.0,0,1500.0,0
2026-09-29,K349,Petr Kralert,1468.346249088184,150,1529.6168619705454,62,1484.1755543294692,78,1500.0,0,1359.5188059248094,6
2026-09-29,Z288,Mark Zakovsek,1468.343944256784,1,1500.0,0,1470.1281840422917,1,1500.0,0,1500.0,0
2026-09-29,N0EG,Arthur Nagel,1468.338191328636,1,1474.4683770752465,1,1500.0,0,1500.0,0,1500.0,0
2026-09-29,B0HY,Isaac Becroft,1468.3346340298758,4,1461.2580853655106,4,1500.0,0,1500.0,0,1500.0,0
2026-09-29,V0ES,Noa Vukadin,1468.3280595321696,1,1500.0,0,1465.4999733095026,1,1500.0,0,1500.0,0
2026-09-29,SP65,Stefano Soares,1468.283246163444,1,1500.0,0,1466.6981299362653,1,1500.0,0,1500.0,0
2026-09-29,S0KY,Amador Salazar,1468.2809812284763,1,1500.0,0,1468.7279589006039,1,1500.0,0,1500.0,0
2026-09-29,N340,Stephen Nugent,1468.2770109783871,3,1434.3368048899058,1,1500.0,0,1565.6631951100942,1,1428.3964147813094,1
2026-09-29,N0CT,Shunsuke Nakagawa,1468.2542193047184,5,1455.0260336250913,5,1500.0,0,1500.0,0,1500.0,0
2026-09-29,B761,Juan Carlos Baca,1468.2035024480583,1,1500.0,0,1432.506322922409,1,1500.0,0,1500.0,0
2026-09-29,Z298,Joshua Zavala,1468.1922040746608,1,1500.0,0,1448.56799175259,1,1500.0,0,1500.0,0
2026-09-29,S0I3,Yo Han Sung,1468.1334988032804,1,1463.6028985832952,1,1500.0,0,1500.0,0,1500.0,0
2026-09-29,H414,Greg Hill,1468.0887604909788,1,1500.0,0,1466.5620648086935,1,1500.0,0,1500.0,0
2026-09-29,GJ23,Jonathan Gomont,1468.079647318538,1,1500.0,0,1419.478229370097,1,1500.0,0,1500.0,0
2026-09-29,MA63,Aleksandr Mityaev,1468.026282504203,1,1456.419140565166,1,1500.0,0,1500.0,0,1500.0,0
2026-09-29,O346,Luka Ocvirk,1467.98816846336,1,1500.0,0,1476.257066430437,1,1500.0,0,1500.0,0
2026-09-29,PB21,Arvid Puranen,1467.9842000627918,1,1500.0,0,1458.112298090806,1,1500.0,0,1500.0,0
2026-09-29,F867,Brandon T. Fickey,1467.9739497073851,1,1466.9737389500465,1,1500.0,0,1500.0,0,1500.0,0
2026-09-29,AB90,Bogdan Ionut Apostol,1467.8634655823935,5,1470.7830407075235,1,1473.0893328537663,4,1500.0,0,1500.0,0
2026-09-29,104534,Horacio Zeballos,1467.8511035530637,1,1500.0,0,1444.18628415642,1,1500.0,0,1500.0,0
2026-09-29,A310,Emin Agaev,1467.8070943255852,76,1483.5951112890018,52,1495.3012571565446,20,1440.9031244009152,1,1448.0889806421428,3
2026-09-29,SG01,Sherif Sabry,1467.7512207770387,35,1336.558810985688,8,1486.5808935796401,26,1500.0,0,1439.5573197840138,1
2026-09-29,A517,Marc Auradou,1467.7494678778144,3,1500.0,0,1469.2819898803123,3,1500.0,0,1500.0,0
2026-09-29,L0KC,Andrej Loncarevic,1467.735286427238,1,1447.9530952560526,1,1500.0,0,1500.0,0,1500.0,0
2026-09-29,F0FF,Philip Florig,1467.7315126358678,2,1500.0,0,1469.1651262195105,1,1500.0,0,1419.1751395523763,1
2026-09-29,SJ15,Milos Sekulic,1467.689612754576,19,1542.8490066008992,11,1377.3753375791346,6,1500.0,0,1500.0,0
2026-09-29,Z208,Filip Zeman,1467.6793091500151,1,1500.0,0,1470.1882745786743,1,1500.0,0,1500.0,0
2026-09-29,105026,Sam Groth,1467.6768291757085,1,1444.18628415642,1,1500.0,0,1500.0,0,1500.0,0
2026-09-29,W459,Alan Wright,1467.6722692879064,1,1470.9430467985023,1,1500.0,0,1500.0,0,1500.0,0
2026-09-29,SL94,Pedro Sakamoto,1467.6680559480235,187,1474.2023644436936,20,1451.6354257833348,167,1500.0,0,1500.0,0
2026-09-29,105372,Matteo Trevisan,1467.6482215068777,1,1472.09314207821,1,1500.0,0,1500.0,0,1500.0,0
2026-09-29,104615,Josh Goodall,1467.637860423629,1,1444.18628415642,1,1500.0,0,1500.0,0,1500.0,0
2026-09-29,I245,Grant Ive,1467.6268295051225,1,1470.1191745841384,1,1500.0,0,1500.0,0,1500.0,0
2026-09-29,R580,Clement Rousseau,1467.550627064553,1,1453.0571649068281,1,1500.0,0,1500.0,0,1500.0,0
2026-09-29,T0BZ,Luciano Tacchi,1467.5169921879974,3,1500.0,0,1465.6306424100544,3,1500.0,0,1500.0,0
2026-09-29,K0C5,Admir Kalender,1467.512788863416,2,1500.0,0,1461.0642825003115,2,1500.0,0,1500.0,0
2026-09-29,L429,Justin Layne,1467.489388324773,7,1520.5119789508465,2,1500.0,0,1440.9031244009152,1,1440.9031244009152,1
2026-09-29,D928,Francisco Dias,1467.471662262523,4,1500.0,0,1437.990416000668,4,1500.0,0,1500.0,0
2026-09-29,BC29,Nigel Badza,1467.4698512432067,1,1472.882982666869,1,1500.0,0,1500.0,0,1500.0,0
2026-09-29,U110,Rok Ursic,1467.4171393401023,1,1500.0,0,1467.7729147310074,1,1500.0,0,1500.0,0
2026-09-29,R407,Ivan Rodrigo,1467.402037382362,1,1464.7640695085474,1,1500.0,0,1500.0,0,1500.0,0
2026-09-29,K941,Sebastian Kraila,1467.397254364255,1,1500.0,0,1465.067894316672,1,1500.0,0,1500.0,0
2026-09-29,PC34,Stephane Piro,1467.394192226337,1,1500.0,0,1470.5928306488663,1,1500.0,0,1500.0,0
2026-09-29,MI73,Sascha Meis,1467.3639098902256,1,1469.7009424405026,1,1500.0,0,1500.0,0,1500.0,0
2026-09-29,KA61,Jonathan Kinsella,1467.3181319778007,1,1500.0,0,1500.0,0,1425.9288598045491,1,1500.0,0
2026-09-29,N762,Eduardo Nava,1467.2623643053814,3,1457.9809092356916,3,1500.0,0,1500.0,0,1500.0,0
2026-09-29,DE03,Jacob Coenraad De Klerk,1467.248051080259,2,1465.4212489009249,2,1500.0,0,1500.0,0,1500.0,0
2026-09-29,PB24,Alexandre Penaud,1467.2283584889606,6,1471.777566511944,3,1475.163180648888,3,1500.0,0,1500.0,0
2026-09-29,MB93,Rong Ma,1467.2259416345912,1,1465.8892040067751,1,1500.0,0,1500.0,0,1500.0,0
2026-09-29,D0FB,Angel Diaz Jalil,1467.2226420383488,1,1463.022837562575,1,1500.0,0,1500.0,0,1500.0,0
2026-09-29,S604,Andre Sa,1467.1981768606329,362,1498.5870652866042,197,1436.9294343164734,112,1522.2433182868133,38,1511.1750828273084,11
2026-09-29,ME22,Lubomir Majsajdr,1467.1842385380794,1,1500.0,0,1466.5051935841202,1,1500.0,0,1500.0,0
2026-09-29,J549,Giorgi Javakhishvili,1467.168402444953,1,1500.0,0,1500.0,0,1500.0,0,1467.168402444953,1
2026-09-29,F292,Ota Fukarek,1467.1502311760166,144,1514.258148423463,63,1483.5245430726745,57,1538.635247949659,8,1374.5864254546027,15
2026-09-29,HB31,Johannes Haerteis,1467.1420638449858,57,1484.0055973570038,27,1423.4225627349601,26,1468.0317619262864,1,1499.665753699907,2
2026-09-29,CE71,Alberto Cammarata,1467.0998883635057,1,1500.0,0,1467.1458030439003,1,1500.0,0,1500.0,0
2026-09-29,O076,Jaime Oncins,1467.0567857977474,1,1433.4335661889245,1,1500.0,0,1500.0,0,1500.0,0
2026-09-29,SO75,Mico Santiago,1467.0449548635015,1,1500.0,0,1444.333972115894,1,1500.0,0,1500.0,0
2026-09-29,G611,Roger Gubser,1467.0339089674062,1,1449.959656789486,1,1500.0,0,1500.0,0,1500.0,0
2026-09-29,W0BO,Jiaji Wang,1467.0073965009722,1,1467.3365365466748,1,1500.0,0,1500.0,0,1500.0,0
2026-09-29,R752,Javier Ruiz-Gonzalez,1466.9873291566093,1,1500.0,0,1471.3139269250005,1,1500.0,0,1500.0,0
2026-09-29,J337,Benjamin Janse van Rensburg,1466.9845771155226,4,1446.6103837657272,4,1500.0,0,1500.0,0,1500.0,0
2026-09-29,W640,Joao Walendowsky,1466.9571615645837,3,1500.0,0,1471.6334767576836,3,1500.0,0,1500.0,0
2026-09-29,D560,Dmitri Dudko,1466.9229577281037,1,1446.926340848741,1,1500.0,0,1500.0,0,1500.0,0
2026-09-29,CG82,Robert Carter,1466.905265512181,1,1500.0,0,1500.0,0,1464.5155519559155,1,1500.0,0
2026-09-29,Q938,Adriano Quinti,1466.895485353902,1,1500.0,0,1472.9729782146278,1,1500.0,0,1500.0,0
2026-09-29,Z357,Lennart Zynga,1466.8954048818086,3,1500.0,0,1500.0,0,1443.685160598646,3,1500.0,0
2026-09-29,GC64,Anton Galkin,1466.8918025432044,1,1465.3754637475106,1,1500.0,0,1500.0,0,1500.0,0
2026-09-29,Y150,Juan-Pablo Yunis,1466.8881990774707,3,1500.0,0,1442.8455644655398,3,1500.0,0,1500.0,0
2026-09-29,N724,Gabriele Maria Noce,1466.8693437666461,1,1500.0,0,1463.4100514026331,1,1500.0,0,1500.0,0
2026-09-29,J230,Rameez Junaid,1466.8604159567503,94,1523.8175995402617,40,1383.7047422028484,37,1539.8590011645977,11,1486.9984484829229,6
2026-09-29,CE81,Scott Clayton,1466.8590100021127,1,1500.0,0,1500.0,0,1439.3810292628937,1,1500.0,0
2026-09-29,T841,David Tavernier,1466.7782960153036,1,1456.836223745358,1,1500.0,0,1500.0,0,1500.0,0
2026-09-29,H660,Tewfiq Hadj-Slimane,1466.7711485953519,1,1500.0,0,1474.9118389477292,1,1500.0,0,1500.0,0
2026-09-29,BI76,Nicola Barraco,1466.761515125703,1,1500.0,0,1479.7214744065225,1,1500.0,0,1500.0,0
2026-09-29,K960,Vladyslav Klymenko,1466.734399871856,3,1426.8545556629908,1,1510.3502532748169,2,1500.0,0,1500.0,0
2026-09-29,Z0CR,Sydney Zick,1466.7250208787973,1,1453.9115860673978,1,1500.0,0,1500.0,0,1500.0,0
2026-09-29,S993,Philipp Stark,1466.7178891684237,1,1500.0,0,1464.3760577928954,1,1500.0,0,1500.0,0
2026-09-29,Z395,Fran Zvonimir Zgombic,1466.6412024012857,1,1500.0,0,1467.5913615952438,1,1500.0,0,1500.0,0
2026-09-29,104913,Matthias Bachinger,1466.6013321259875,1,1500.0,0,1500.0,0,1444.18628415642,1,1500.0,0
2026-09-29,A0IE,Seydina Andre,1466.5832795867925,1,1461.6555581619941,1,1500.0,0,1500.0,0,1500.0,0
2026-09-29,GF20,Davide Galoppini,1466.4894670155625,1,1500.0,0,1458.0083114408515,1,1500.0,0,1500.0,0
2026-09-29,M765,Stefano Mocci,1466.4819530883606,1,1500.0,0,1476.1237560888683,1,1500.0,0,1500.0,0
2026-09-29,T0A0,Sheng Tang,1466.4486600111113,1,1462.1559717465507,1,1500.0,0,1500.0,0,1500.0,0
2026-09-29,U105,Ricardo Urzua-Rivera,1466.409574861878,6,1500.0,0,1468.0900266939605,6,1500.0,0,1500.0,0
2026-09-29,T236,Nicklas Timfjord,1466.4039107799263,3,1500.0,0,1449.488443474908,1,1500.0,0,1500.0,0
2026-09-29,LH78,Ching Lam,1466.3793940706098,1,1467.1474569050263,1,1500.0,0,1500.0,0,1500.0,0
2026-09-29,C0PG,Andrea Colombo,1466.373456286091,1,1453.28001911663,1,1500.0,0,1500.0,0,1500.0,0
2026-09-29,T957,Nathan Thompson,1466.3511234806185,20,1418.3553123890517,15,1500.0,0,1560.0119638799722,5,1500.0,0
2026-09-29,G846,Aleksandar Grubin,1466.3175691822428,1,1465.967153460363,1,1500.0,0,1500.0,0,1500.0,0
2026-09-29,RD34,Lukas Ruepke,1466.2780751620942,2,1473.35941742217,1,1480.8875620121848,1,1500.0,0,1500.0,0
2026-09-29,L0CO,Thando Longwe-Smit,1466.2663001597293,1,1435.0571024933442,1,1500.0,0,1500.0,0,1500.0,0
2026-09-29,F0GD,Jakub Filip,1466.2539277536528,1,1500.0,0,1465.503905886212,1,1500.0,0,1500.0,0
2026-09-29,MG08,Yannick Mertens,1466.2351321158833,289,1459.7719827048447,173,1401.0267352917247,96,1487.282057529851,11,1499.956621904955,6
2026-09-29,K0NU,Kacper Knitter,1466.2157866701261,1,1500.0,0,1459.0090144689577,1,1500.0,0,1500.0,0
2026-09-29,BC39,Jon Beaskoetxea-Etxabarr,1466.1924546418018,1,1500.0,0,1470.4711901078467,1,1500.0,0,1500.0,0
2026-09-29,M751,Marc Marco-Ripoll,1466.1922602775485,1,1463.6400483737305,1,1500.0,0,1500.0,0,1500.0,0
2026-09-29,J223,Issam Jellali,1466.1675191182874,1,1500.0,0,1462.5914143135865,1,1500.0,0,1500.0,0
2026-09-29,BJ76,Kevin Boumlil,1466.1597875300715,1,1444.18628415642,1,1500.0,0,1500.0,0,1500.0,0
2026-09-29,B0E4,Mateo Barreiros Reyes,1466.1593614524868,9,1500.0,0,1462.3546859762241,9,1500.0,0,1500.0,0
2026-09-29,C0N6,Gabriele Crivellaro,1466.1588388788498,1,1500.0,0,1460.3663468049679,1,1500.0,0,1500.0,0
2026-09-29,PH56,Patric Prinoth,1466.1244699307447,1,1460.5769423629033,1,1500.0,0,1500.0,0,1500.0,0
2026-09-29,K0N7,Heve Kelley,1466.1224546701606,1,1456.9020931624639,1,1500.0,0,1500.0,0,1500.0,0
2026-09-29,B09O,Mohamed Ali Bellalouna,1466.1146286050266,1,1500.0,0,1468.891134914989,1,1500.0,0,1500.0,0
2026-09-29,H340,Chris Haggard,1466.0769823779924,4,1466.4717628623766,4,1500.0,0,1500.0,0,1500.0,0
2026-09-29,SN32,Steffen Solomon,1466.0119252222153,1,1464.5212681191767,1,1500.0,0,1500.0,0,1500.0,0
2026-09-29,LB62,Stefan Lindmark,1466.0102092842083,1,1500.0,0,1469.8517479363413,1,1500.0,0,1500.0,0
2026-09-29,Z407,Andres Zepeda,1466.0033915386387,1,1460.7214900884635,1,1500.0,0,1500.0,0,1500.0,0
2026-09-29,O324,Arata Onozawa,1465.9926146314763,9,1486.9826647756454,3,1440.9031244009152,1,1500.0,0,1486.218803956878,5
2026-09-29,L554,Savino Lapalombella,1465.9384379099952,1,1500.0,0,1439.8544061100204,1,1500.0,0,1500.0,0
2026-09-29,B0YB,Nicolas Baena,1465.9257908236045,1,1500.0,0,1466.302074200872,1,1500.0,0,1500.0,0
2026-09-29,N314,Radoslaw Nijaki,1465.9074369795578,3,1500.0,0,1470.953716307209,3,1500.0,0,1500.0,0
2026-09-29,V0FL,Zack Viiala,1465.8870467658398,1,1457.274825059239,1,1500.0,0,1500.0,0,1500.0,0
2026-09-29,103444,Peter Luczak,1465.7865700362092,3,1500.0,0,1468.5831780134506,3,1500.0,0,1500.0,0
2026-09-29,H788,Treat Huey,1465.7500569556933,42,1487.6820865313678,29,1462.0216578545435,9,1440.1055010032203,3,1461.8449710326436,1
2026-09-29,G0LF,Valentin Garay,1465.7305160495891,1,1500.0,0,1461.7931000184756,1,1500.0,0,1500.0,0
2026-09-29,T939,Serguei Tarasevitch,1465.6722589808269,2,1468.8028365553207,1,1500.0,0,1500.0,0,1430.9342591044826,1
2026-09-29,BJ78,Claude Benz,1465.6448875890806,1,1500.0,0,1464.5438497321159,1,1500.0,0,1500.0,0
2026-09-29,D276,Carlos Drada,1465.6148839890982,2,1478.089290718092,2,1500.0,0,1500.0,0,1500.0,0
2026-09-29,R429,Shaun Rudman,1465.6024327644516,1,1500.0,0,1440.9031244009152,1,1500.0,0,1500.0,0
2026-09-29,S754,Martin Stepanek,1465.599729655418,34,1522.964873288284,9,1498.3095856962952,20,1376.7669775313234,2,1487.7478870149139,3
2026-09-29,CB58,Henrique Cunha,1465.4909168648028,41,1407.4894810524302,28,1467.805996374104,8,1561.7187151342976,5,1500.0,0
2026-09-29,G900,Colt Gaston,1465.4507229090284,1,1458.5402051006768,1,1500.0,0,1500.0,0,1500.0,0
2026-09-29,CG40,Patrick Ciorcila,1465.4040862842971,8,1500.0,0,1445.5749604067312,8,1500.0,0,1500.0,0
2026-09-29,E0CE,Lorenzo Esquici,1465.38111892843,1,1450.3086688329943,1,1500.0,0,1500.0,0,1500.0,0
2026-09-29,104597,Ilija Bozoljac,1465.3753304185961,1,1459.6146460105947,1,1500.0,0,1500.0,0,1500.0,0
2026-09-29,SL91,Abraham Souza,1465.3555842765722,1,1457.9268976111218,1,1500.0,0,1500.0,0,1500.0,0
2026-09-29,RC36,Antso Rakotondramanga,1465.3485956074776,8,1507.7567744538308,2,1508.7300626843692,3,1500.0,0,1434.3368048899058,1
2026-09-29,I335,Juan Ignacio Iliev,1465.3408951006456,1,1500.0,0,1464.9511209949717,1,1500.0,0,1500.0,0
2026-09-29,L0AT,Imanol Lopez Morillo,1465.2691449501917,6,1500.0,0,1432.1004423363331,6,1500.0,0,1500.0,0
2026-09-29,105071,Evgeny Korolev,1465.261791431331,1,1452.420492481005,1,1500.0,0,1500.0,0,1500.0,0
2026-09-29,Q020,Nomee Qamar,1465.2490767168918,5,1466.1053904049002,5,1500.0,0,1500.0,0,1500.0,0
2026-09-29,MJ77,Dominick Mueller,1465.202452941438,1,1468.9272387133274,1,1500.0,0,1500.0,0,1500.0,0
2026-09-29,K0I7,Marcel Kamrowski,1465.1851682312022,1,1444.1826072416563,1,1500.0,0,1500.0,0,1500.0,0
2026-09-29,V137,Pavel Vizner,1465.174132545485,1,1500.0,0,1500.0,0,1500.0,0,1468.210053556806,1
2026-09-29,SL53,Felipe Soares,1465.1566854625946,1,1500.0,0,1464.4474294296258,1,1500.0,0,1500.0,0
2026-09-29,N754,Patrik Niklas-Salminen,1465.1523763859348,20,1494.941940694157,11,1465.201132139838,8,1500.0,0,1413.81645846039,1
2026-09-29,CM73,Dylan Centella,1465.057017095283,1,1457.0407502929181,1,1500.0,0,1500.0,0,1500.0,0
2026-09-29,L801,Dusan Lojda,1465.0553243072727,185,1480.7846840439452,48,1455.7356311834112,130,1345.2368340812552,3,1360.9936098407516,3
2026-09-29,LB76,Mick Lescure,1465.0017414134943,1,1445.76372474331,1,1500.0,0,1500.0,0,1500.0,0
2026-09-29,K929,Salif Kante,1464.962337838249,1,1500.0,0,1463.3396838458943,1,1500.0,0,1500.0,0
2026-09-29,C0H5,Julian Cundom,1464.8859795056908,1,1500.0,0,1461.3992769131141,1,1500.0,0,1500.0,0
2026-09-29,AD33,Sharobiddin Abzalov,1464.8540916140507,1,1463.411689651176,1,1500.0,0,1500.0,0,1500.0,0
2026-09-29,F206,Frederik Fetterlein,1464.8309491812017,3,1565.6631951100942,1,1434.3368048899058,1,1500.0,0,1417.0095273267198,1
2026-09-29,E807,Amir El-Bayoumy,1464.8288505481491,1,1452.7594474994291,1,1500.0,0,1500.0,0,1500.0,0
2026-09-29,BV19,Yan Bondarevskiy,1464.8043818072713,9,1444.270492766814,5,1449.641494640457,4,1500.0,0,1500.0,0
2026-09-29,F491,Adam Feeney,1464.7834176541053,94,1472.7686700334457,76,1373.3500846203974,4,1362.7802242047323,9,1479.8505152318226,5
2026-09-29,A0GX,Abdulrahman Al Janahi,1464.7316502971257,3,1448.0281795320382,3,1500.0,0,1500.0,0,1500.0,0
2026-09-29,KB89,Adirek Khundarnpinitvon,1464.621700079451,1,1500.0,0,1500.0,0,1500.0,0,1500.0,0
2026-09-29,P529,Giancarlo Petrazzuolo,1464.619519951811,90,1361.5979057420573,11,1499.6956779995799,76,1396.0702466534024,1,1484.7778758923941,2
2026-09-29,BI87,Ivan Blazevic,1464.614654541928,1,1428.0679063998186,1,1500.0,0,1500.0,0,1500.0,0
2026-09-29,A360,Patrice Atias,1464.5700697182717,1,1436.0952931109648,1,1500.0,0,1500.0,0,1500.0,0
2026-09-29,R314,Marcos Roy-Girardi,1464.5665185094076,1,1470.4515622004576,1,1500.0,0,1500.0,0,1500.0,0
2026-09-29,213705,Ahmad Nael Qureshi,1464.5228565103616,1,1451.8816352026183,1,1500.0,0,1500.0,0,1500.0,0
2026-09-29,PC62,Conor Pollock,1464.5055098136647,1,1460.8075487965991,1,1500.0,0,1500.0,0,1500.0,0
2026-09-29,BI13,Leif Berger,1464.5000776119919,1,1500.0,0,1500.0,0,1500.0,0,1457.920170987484,1
2026-09-29,D815,Fabiano De Paula,1464.4972382224314,103,1402.965445490421,21,1465.9503760616847,81,1416.27942623463,1,1500.0,0
2026-09-29,P508,Nickolai Dyachok,1464.4717675196937,3,1500.0,0,1479.20853142933,3,1500.0,0,1500.0,0
2026-09-29,Z424,Sheng Hao Zhou,1464.4335343617024,1,1457.6918683113968,1,1500.0,0,1500.0,0,1500.0,0
2026-09-29,S631,Tom Spinks,1464.394559585452,5,1500.0,0,1500.0,0,1394.8292924669342,2,1561.976979737014,3
2026-09-29,W706,Rui-Xuan Wang,1464.3733358368227,1,1500.0,0,1416.5252345711044,1,1500.0,0,1500.0,0
2026-09-29,R0CG,Finn Reynolds,1464.3666088568152,3,1469.0815842792833,2,1500.0,0,1448.308942142341,1,1500.0,0
2026-09-29,BT77,Darko Bojanovic,1464.3614427714247,1,1466.9471296418947,1,1500.0,0,1500.0,0,1500.0,0
2026-09-29,D777,Adam Davidson,1464.324251123297,1,1463.3540106617293,1,1500.0,0,1500.0,0,1500.0,0
2026-09-29,BE04,Patrick Briaud,1464.2626744122706,1,1500.0,0,1462.96335578732,1,1500.0,0,1500.0,0
2026-09-29,Y09L,Bang Shuo Yin,1464.261787856295,1,1463.5426770720585,1,1500.0,0,1500.0,0,1500.0,0
2026-09-29,BF07,Sami Beceren,1464.173850140028,1,1463.5067799376084,1,1500.0,0,1500.0,0,1500.0,0
2026-09-29,BD71,Marco Bella,1464.1670382931775,1,1500.0,0,1464.1693075034038,1,1500.0,0,1500.0,0
2026-09-29,P0KJ,Derek Pham,1464.166231794329,2,1459.5118455772877,2,1500.0,0,1500.0,0,1500.0,0
2026-09-29,G802,Ilie-Aurelian Giurgiu,1464.1199324374825,4,1500.0,0,1455.3156215685608,4,1500.0,0,1500.0,0
2026-09-29,MJ91,Nima Madami,1464.109237825439,1,1451.8497272816605,1,1500.0,0,1500.0,0,1500.0,0
2026-09-29,P0E2,Jorge Plans,1464.0898896735632,2,1500.0,0,1440.6942598337248,2,1500.0,0,1500.0,0
2026-09-29,SM67,Christian W. Schultz,1464.0714862477303,1,1500.0,0,1500.0,0,1424.3715061239022,1,1500.0,0
2026-09-29,GD04,Marat Gilmanov,1464.0513824607215,1,1455.6512454166548,1,1500.0,0,1500.0,0,1500.0,0
2026-09-29,MC77,Aleksey Malajko,1464.0029204881596,1,1500.0,0,1468.7104097243462,1,1500.0,0,1500.0,0
2026-09-29,E0DI,Juan Estevez,1463.9678231957635,27,1500.0,0,1453.4686366744766,27,1500.0,0,1500.0,0
2026-09-29,G0C4,Alexis Gurmendi,1463.9455160500574,1,1500.0,0,1463.5192985605197,1,1500.0,0,1500.0,0
2026-09-29,K696,Christopher Koderisch,1463.9259488388116,2,1500.0,0,1500.0,0,1403.0726749407806,2,1500.0,0
2026-09-29,B893,Francisco Bou-Alameda,1463.9051084854902,1,1500.0,0,1464.4511990889087,1,1500.0,0,1500.0,0
2026-09-29,BA39,Zachariah Borges,1463.8946745864494,1,1500.0,0,1439.9961075397998,1,1500.0,0,1500.0,0
2026-09-29,I212,Hamad Abbas Ismail,1463.8468693047926,1,1460.7347193537585,1,1500.0,0,1500.0,0,1500.0,0
2026-09-29,126620,Christopher Eubanks,1463.8360527686264,1,1500.0,0,1463.9424670424255,1,1500.0,0,1500.0,0
2026-09-29,R871,Martin Rios-Benitez,1463.7881660621808,1,1500.0,0,1463.8103866527513,1,1500.0,0,1500.0,0
2026-09-29,C996,Alexandru-Daniel Carpen,1463.7489326687646,9,1500.0,0,1471.4950960949689,9,1500.0,0,1500.0,0
2026-09-29,F321,Pablo Fuente,1463.7399556596304,1,1500.0,0,1463.9525016042933,1,1500.0,0,1500.0,0
2026-09-29,SA85,Timo Siebert,1463.7381571236995,1,1500.0,0,1500.0,0,1500.0,0,1429.912195244644,1
2026-09-29,PB77,Rafael Puerto-Jaimez,1463.728063667908,1,1500.0,0,1451.1776372750996,1,1500.0,0,1500.0,0
2026-09-29,T244,Per Thornadtsson,1463.720220954973,4,1468.9747378604245,4,1500.0,0,1500.0,0,1500.0,0
2026-09-29,L0JS,Aryan Lakshmanan,1463.716169589387,1,1449.9968531128357,1,1500.0,0,1500.0,0,1500.0,0
2026-09-29,M0A5,Ace Matias,1463.7012061622754,1,1455.9230359356416,1,1500.0,0,1500.0,0,1500.0,0
2026-09-29,RH50,Arthur Reymond,1463.6988835050852,13,1442.6666124545618,9,1474.345366745278,3,1464.5333764612283,1,1500.0,0
2026-09-29,CF23,Lance Cohen,1463.6476287028263,1,1459.9591158891128,1,1500.0,0,1500.0,0,1500.0,0
2026-09-29,105077,Albert Ramos-Vinolas,1463.6267262140707,5,1430.232855195525,1,1492.784890276888,4,1500.0,0,1500.0,0
2026-09-29,N698,Guillermo Nunez,1463.5960328576102,1,1500.0,0,1465.4291451067,1,1500.0,0,1500.0,0
2026-09-29,LB90,Christian Oliver Lee,1463.5728222906732,1,1457.7872517640246,1,1500.0,0,1500.0,0,1500.0,0
2026-09-29,F479,Javier Foronda-Bolanos,1463.5230207898603,1,1431.6716737989527,1,1500.0,0,1500.0,0,1500.0,0
2026-09-29,LB19,Ryan Lipman,1463.5218483126018,1,1464.0581082636281,1,1500.0,0,1500.0,0,1500.0,0
2026-09-29,S0R5,Ilya Snitari,1463.4930387791992,10,1574.6635781516259,5,1338.1858471287799,5,1500.0,0,1500.0,0
2026-09-29,CB36,Rudy Coco,1463.474877305302,2,1456.1346200687578,2,1500.0,0,1500.0,0,1500.0,0
2026-09-29,D598,Alvaro Dominguez,1463.4609350091844,3,1465.5081137933932,3,1500.0,0,1500.0,0,1500.0,0
2026-09-29,J400,Jeremy Jahn,1463.4435190717281,85,1426.429210037168,33,1488.6242443565488,51,1416.27942623463,1,1500.0,0
2026-09-29,105072,Alexandre Sidorenko,1463.4379256458633,3,1463.4379256458633,3,1500.0,0,1500.0,0,1500.0,0
2026-09-29,LC41,Ramy Labna,1463.403906265236,1,1458.2542428069437,1,1500.0,0,1500.0,0,1500.0,0
2026-09-29,Z09W,Leopold Zima,1463.3930003186879,1,1445.8165070856828,1,1500.0,0,1500.0,0,1500.0,0
2026-09-29,Y204,Pak Long Yeung,1463.375933667958,2,1452.7078412369178,2,1500.0,0,1500.0,0,1500.0,0
2026-09-29,T133,Miguel Tobon,1463.3719194987405,23,1544.023243988878,4,1406.8877319658222,19,1500.0,0,1500.0,0
2026-09-29,SN12,Khevan Somasundram,1463.3312569519128,1,1460.7221243147164,1,1500.0,0,1500.0,0,1500.0,0
2026-09-29,D291,Jacobo Diaz,1463.3309541851008,119,1347.5246328352039,24,1526.177919854416,94,1429.8920396186104,1,1500.0,0
2026-09-29,SE07,Mohamed Saber,1463.274402519481,5,1500.0,0,1451.0924069003947,5,1500.0,0,1500.0,0
2026-09-29,BI78,Jeroen Benard,1463.2411403206443,1,1500.0,0,1453.5102433246789,1,1500.0,0,1500.0,0
2026-09-29,G889,Hovsep Guluzian,1463.2404687244702,1,1500.0,0,1455.2709162494934,1,1500.0,0,1500.0,0
2026-09-29,D0DS,XXXXXXX De Jong,1463.2332337301132,1,1500.0,0,1500.0,0,1429.2234466795019,1,1500.0,0
2026-09-29,P190,Guillermo Perez-Roldan,1463.2236683648036,1,1500.0,0,1447.6269810246527,1,1500.0,0,1500.0,0
2026-09-29,M983,Jonathan Marray,1463.1813651777313,104,1465.1801817194264,52,1471.1954965251082,3,1374.5472516144866,36,1569.8226313553762,13
2026-09-29,S0ED,Fletcher Scott,1463.174187940434,1,1500.0,0,1460.329644196782,1,1500.0,0,1500.0,0
2026-09-29,PL37,Jose carlos Peralta,1463.1523793549673,1,1457.5950952259134,1,1500.0,0,1500.0,0,1500.0,0
2026-09-29,L0AW,Chengze Lyu,1463.13737558461,1,1500.0,0,1468.853533387528,1,1500.0,0,1500.0,0
2026-09-29,C383,Roberto Carretero,1463.1318177738112,8,1500.0,0,1467.8023959151565,8,1500.0,0,1500.0,0
2026-09-29,H815,Jose-Maria Herrera,1463.1269754663006,1,1500.0,0,1461.6216297313695,1,1500.0,0,1500.0,0
2026-09-29,O09C,John Bryan Decasa Otico,1463.1165126057936,4,1590.4848108784624,2,1391.0363014141233,2,1500.0,0,1500.0,0
2026-09-29,O0C8,Aleksander Orlikowski,1463.0912834378641,1,1500.0,0,1462.418774362156,1,1500.0,0,1500.0,0
2026-09-29,E0CD,Daniel Espin,1463.0894777929411,1,1500.0,0,1455.561328099461,1,1500.0,0,1500.0,0
2026-09-29,W0AJ,Seita Watanabe,1463.02051568027,3,1450.6458437654314,3,1500.0,0,1500.0,0,1500.0,0
2026-09-29,C629,Valerio Carrese,1463.018683964271,1,1500.0,0,1470.210966860721,1,1500.0,0,1500.0,0
2026-09-29,CB81,Ruslan Chomaev,1462.9406895847128,1,1500.0,0,1468.5585745601281,1,1500.0,0,1500.0,0
2026-09-29,BE59,Kanagaraj Balakrishnan,1462.9323810131127,1,1454.5173744990193,1,1500.0,0,1500.0,0,1500.0,0
2026-09-29,BG32,Mikolaj Borkowski,1462.9096333284556,1,1463.0131261692848,1,1500.0,0,1500.0,0,1500.0,0
2026-09-29,B664,Victor Bruthans,1462.8876212753414,97,1502.2235578655539,50,1454.4341180347756,43,1500.0,0,1353.3100955305329,4
2026-09-29,M639,Evgeni Mikheev,1462.872004426372,1,1500.0,0,1429.0831450553446,1,1500.0,0,1500.0,0
2026-09-29,H0J8,Karam Hatamleh,1462.839579572653,1,1500.0,0,1500.0,0,1500.0,0,1500.0,0
2026-09-29,R0L5,Victor Hugo Remondy Pagotto,1462.8190989696852,1,1500.0,0,1462.3242179722497,1,1500.0,0,1500.0,0
2026-09-29,MF21,Jeff Miller,1462.798292868402,1,1500.0,0,1462.4125483580856,1,1500.0,0,1500.0,0
2026-09-29,J732,Ben Jones,1462.7849787797527,7,1478.3974799485984,6,1500.0,0,1436.2947420831438,1,1500.0,0
2026-09-29,RA14,Alberto Rodriguez-Cervantes,1462.766269690452,1,1500.0,0,1450.5670276014882,1,1500.0,0,1500.0,0
2026-09-29,T871,Temur Tsvinaria,1462.7643123963753,1,1462.5453925152676,1,1500.0,0,1500.0,0,1500.0,0
2026-09-29,DA30,Shalva Dzhanashiya,1462.7326756309196,9,1453.7135016971508,9,1500.0,0,1500.0,0,1500.0,0
2026-09-29,104037,Boris Pashanski,1462.7290964863753,3,1462.7290964863753,3,1500.0,0,1500.0,0,1500.0,0
2026-09-29,T824,Hugo Taracido,1462.724216649121,1,1500.0,0,1466.452628249352,1,1500.0,0,1500.0,0
2026-09-29,K0IR,Liam Krall,1462.7228262132537,2,1456.3389601275856,2,1500.0,0,1500.0,0,1500.0,0
2026-09-29,DB13,Olivier Duberville,1462.6369879072388,1,1500.0,0,1500.0,0,1500.0,0,1500.0,0
2026-09-29,D753,Jean-Michel Durango,1462.6277483173355,5,1424.9952083241603,1,1523.8923592095105,4,1500.0,0,1500.0,0
2026-09-29,F284,Arnaud Fontaine,1462.5091618195074,12,1500.0,0,1518.6748321808666,8,1461.2783639781128,1,1474.2139719316126,3
2026-09-29,CC79,Anton Chekhov,1462.4813566574273,1,1500.0,0,1463.4196920581662,1,1500.0,0,1500.0,0
2026-09-29,D0Q0,Rafalentino Ali Da Costa,1462.4736292788646,1,1434.3368048899058,1,1500.0,0,1500.0,0,1500.0,0
2026-09-29,SY31,Ryan James Storrie,1462.4644408651366,2,1500.0,0,1500.0,0,1413.7165353632042,2,1500.0,0
2026-09-29,GD25,Tomislav Gregurovic,1462.4294490458133,1,1439.1287589699496,1,1500.0,0,1500.0,0,1500.0,0
2026-09-29,C0WB,Riccardo Carpano,1462.3967967873134,1,1500.0,0,1460.9064514876013,1,1500.0,0,1500.0,0
2026-09-29,V810,Carlos Velasco,1462.3832354869057,1,1500.0,0,1467.0452764121046,1,1500.0,0,1500.0,0
2026-09-29,T956,Andre Timme,1462.3047723227387,1,1500.0,0,1500.0,0,1500.0,0,1468.4513167685616,1
2026-09-29,BJ15,Ameur Ben Hassen,1462.297939875722,1,1500.0,0,1462.1115208334722,1,1500.0,0,1500.0,0
2026-09-29,P254,Dinu Pescariu,1462.2462117424607,11,1440.9031244009152,1,1479.9863734851458,9,1500.0,0,1553.3989285087641,1
2026-09-29,T09R,Preston Touliatos,1462.236909749212,1,1461.5994901842487,1,1500.0,0,1500.0,0,1500.0,0
2026-09-29,R736,Miguel Reyes-Varela,1462.2082789538158,29,1518.063434670741,22,1283.906092720124,7,1500.0,0,1500.0,0
2026-09-29,W428,James Wan,1462.1963307054561,1,1463.866905351192,1,1500.0,0,1500.0,0,1500.0,0
2026-09-29,CF30,Constantin Christ,1462.1703473510436,1,1500.0,0,1468.6209622544989,1,1500.0,0,1500.0,0
2026-09-29,A507,Sid-Ali Akkal,1462.1566028999987,1,1500.0,0,1459.2347079000342,1,1500.0,0,1500.0,0
2026-09-29,PC81,Agustin Picco,1462.1193230701945,1,1500.0,0,1480.0784274134917,1,1500.0,0,1500.0,0
2026-09-29,SK06,David Souto,1462.117597453194,51,1534.2965199304504,14,1436.4900573736907,37,1500.0,0,1500.0,0
2026-09-29,KB80,Nuttanon Kadchapanan,1462.1026012566906,5,1460.9143289391739,5,1500.0,0,1500.0,0,1500.0,0
2026-09-29,PD01,Jiri Placek,1462.0504185610057,1,1500.0,0,1469.5438946214113,1,1500.0,0,1500.0,0
2026-09-29,B0LV,Michael Bassem Sobhy,1462.041338678535,8,1485.061198126266,4,1409.086271752579,4,1500.0,0,1500.0,0
2026-09-29,KI35,Gary Kushnirovich,1462.0043419875874,2,1454.8458383052994,2,1500.0,0,1500.0,0,1500.0,0
2026-09-29,Y043,Juan-Felipe Yanez,1461.9559706489076,1,1500.0,0,1464.9525448045213,1,1500.0,0,1500.0,0
2026-09-29,H0KQ,Alejandro Hayen,1461.9497824892478,3,1485.2881364448785,2,1427.6730562248542,1,1500.0,0,1500.0,0
2026-09-29,BB44,Joe Bates,1461.9392019593142,1,1458.1869958742861,1,1500.0,0,1500.0,0,1500.0,0
2026-09-29,Z292,Diego Zonzini,1461.937496769446,1,1500.0,0,1457.4628430827624,1,1500.0,0,1500.0,0
2026-09-29,SY08,Werapath Sirijatiyaporn,1461.875353364463,1,1453.1773077309297,1,1500.0,0,1500.0,0,1500.0,0
2026-09-29,S0GF,Maik Steiner,1461.835944785305,1,1500.0,0,1462.2975164071704,1,1500.0,0,1500.0,0
2026-09-29,CB77,Robert Chambers,1461.824047075871,1,1500.0,0,1500.0,0,1466.2680924099884,1,1500.0,0
2026-09-29,AC41,Ali Al-Saygh,1461.778998430658,2,1438.3053497470864,2,1500.0,0,1500.0,0,1500.0,0
2026-09-29,Y034,Jong-Woong Yoon,1461.775460736325,1,1465.473452769882,1,1500.0,0,1500.0,0,1500.0,0
2026-09-29,SI64,Orcun Seyrek,1461.7711313928278,1,1446.3907185033993,1,1500.0,0,1500.0,0,1500.0,0
2026-09-29,ML66,Renier Moolman,1461.7468476308893,1,1459.9875802151728,1,1500.0,0,1500.0,0,1500.0,0
2026-09-29,C0RS,Ilie Cazac,1461.7203961898936,1,1454.7781116815402,1,1500.0,0,1500.0,0,1500.0,0
2026-09-29,PE43,Willi Peter,1461.683372621207,1,1500.0,0,1500.0,0,1500.0,0,1440.8822802335642,1
2026-09-29,K947,Pavel Katliarov,1461.6774435903262,1,1452.2149755974217,1,1500.0,0,1500.0,0,1500.0,0
2026-09-29,E0AB,Ishaque Eqbal,1461.6700830719217,1,1460.6835759307605,1,1500.0,0,1500.0,0,1500.0,0
2026-09-29,MH98,Dino Marcan,1461.6454381999934,47,1403.4954779762265,16,1486.172071417837,30,1500.0,0,1500.0,0
2026-09-29,B981,Matt Bocko,1461.6152971310107,6,1452.0668776357795,4,1508.2729689511552,2,1500.0,0,1500.0,0
2026-09-29,RB70,Francisco Ramos,1461.5989194085355,1,1500.0,0,1462.6115916529789,1,1500.0,0,1500.0,0
2026-09-29,S551,Hyeong-Keun Song,1461.5937368980358,1,1468.9269315140375,1,1500.0,0,1500.0,0,1500.0,0
2026-09-29,BL53,Joao Barra,1461.5846165990854,2,1500.0,0,1462.7585013381547,2,1500.0,0,1500.0,0
2026-09-29,Y093,Francis William Yoshimoto,1461.580216749725,1,1500.0,0,1500.0,0,1500.0,0,1500.0,0
2026-09-29,U135,Gonzalo Urruticoechea,1461.5780016481283,1,1500.0,0,1461.3040131560588,1,1500.0,0,1500.0,0
2026-09-29,MW62,Nikita Mashtakov,1461.5625566462545,5,1500.0,0,1451.37841523014,5,1500.0,0,1500.0,0
2026-09-29,G838,Pierre-Henri Guillaume,1461.5604222377453,1,1445.9628945731902,1,1500.0,0,1500.0,0,1500.0,0
2026-09-29,H927,Bijan Hejazi,1461.5449645034018,1,1464.0577545752492,1,1500.0,0,1500.0,0,1500.0,0
2026-09-29,P0O7,Pablo Perez Navarro,1461.5128764792648,1,1455.9599629275415,1,1500.0,0,1500.0,0,1500.0,0
2026-09-29,SB78,Sebastian Salas,1461.5111173250293,4,1500.0,0,1445.3106507237565,4,1500.0,0,1500.0,0
2026-09-29,F552,Leon Frost,1461.4505004007522,2,1451.328471893171,2,1500.0,0,1500.0,0,1500.0,0
2026-09-29,MJ10,Alexandru Catalin Marasin,1461.4132913138021,2,1500.0,0,1468.2906846312128,2,1500.0,0,1500.0,0
2026-09-29,F733,Mitchell Frank,1461.4024597887885,18,1456.5935699048164,17,1467.141558424354,1,1500.0,0,1500.0,0
2026-09-29,K458,Herve Karcher,1461.3526745001566,1,1463.5677235623882,1,1500.0,0,1500.0,0,1500.0,0
2026-09-29,BK41,Punnakrit Kritakara,1461.3294198506605,3,1457.7850188968105,3,1500.0,0,1500.0,0,1500.0,0
2026-09-29,Z202,Jan Zelezny,1461.3281620210953,1,1500.0,0,1500.0,0,1500.0,0,1468.688979685555,1
2026-09-29,T211,Chia-Yen Tsai,1461.3184127521765,5,1467.680502153429,3,1506.7834088358159,2,1500.0,0,1500.0,0
2026-09-29,P564,Alexander Pavlioutchenkov,1461.3092098353773,4,1442.3715200647791,4,1500.0,0,1500.0,0,1500.0,0
2026-09-29,SH06,Peerakit Siributwong,1461.2015906058584,4,1459.2862935938795,4,1500.0,0,1500.0,0,1500.0,0
2026-09-29,TD04,Ante Tepic,1461.1805224334182,1,1434.0121018021432,1,1500.0,0,1500.0,0,1500.0,0
2026-09-29,W0DW,Cooper Woestendick,1461.1525172787883,2,1439.6282016950368,2,1500.0,0,1500.0,0,1500.0,0
2026-09-29,S828,Igor Sysoev,1461.134631390266,1,1461.134631390266,1,1500.0,0,1500.0,0,1500.0,0
2026-09-29,AD00,Jassem Al Zeyara,1461.114735410078,2,1418.45843666109,2,1500.0,0,1500.0,0,1500.0,0
2026-09-29,I0AP,Kalin Ivanovski,1461.096040811704,24,1446.9303124898995,10,1457.5012760744692,13,1438.202503709552,1,1500.0,0
2026-09-29,HC18,Takura Happy,1461.0876126408289,4,1498.8054626170276,3,1500.0,0,1434.1981894384405,1,1500.0,0
2026-09-29,104257,Alejandro Falla,1461.0326946866992,1,1444.18628415642,1,1500.0,0,1500.0,0,1500.0,0
2026-09-29,B0WD,Lorenzo Berto,1461.0301988185602,1,1500.0,0,1460.5387651233686,1,1500.0,0,1500.0,0
2026-09-29,RC92,Carlos Ramirez Utermann,1461.0194657807613,1,1453.2548505128218,1,1500.0,0,1500.0,0,1500.0,0
2026-09-29,O663,Jannik Opitz,1461.0176130572336,3,1500.0,0,1444.5980765461866,3,1500.0,0,1500.0,0
2026-09-29,W550,Gabriel Wanderley,1461.0090420420534,1,1500.0,0,1460.736639399949,1,1500.0,0,1500.0,0
2026-09-29,H0AD,Toru Horie,1460.998917193009,1,1444.3320842166893,1,1500.0,0,1500.0,0,1500.0,0
2026-09-29,SD16,Henrik Soderberg,1460.9420461514856,1,1500.0,0,1424.161484501268,1,1500.0,0,1500.0,0
2026-09-29,H436,Peter Handoyo,1460.937144826713,9,1410.7505561078817,7,1500.0,0,1500.0,0,1602.2431943753877,2
2026-09-29,CG88,Dominic Cotrone,1460.931119620646,1,1500.0,0,1449.755528834347,1,1500.0,0,1500.0,0
2026-09-29,L333,Martin Lee,1460.9233831662855,152,1391.987851582457,58,1434.2857302936482,27,1464.2565020503578,45,1514.5411070049174,14
2026-09-29,B702,Andreas Bubik,1460.8909112055849,1,1462.2857516771037,1,1500.0,0,1500.0,0,1500.0,0
2026-09-29,AF41,Rishab Agarwal,1460.7142709531997,1,1455.108151247026,1,1500.0,0,1500.0,0,1500.0,0
2026-09-29,W716,Mark Whitehouse,1460.6813479007385,9,1501.4939633979704,5,1500.0,0,1356.9080889680615,4,1500.0,0
2026-09-29,N695,Amrit Narasimhan,1460.6504218340717,1,1500.0,0,1461.7170591411257,1,1500.0,0,1500.0,0
2026-09-29,SL41,Libor Salaba,1460.589453887066,1,1500.0,0,1461.9558221032864,1,1500.0,0,1500.0,0
2026-09-29,M0VU,William Mroz,1460.5211635301482,1,1454.2447121806624,1,1500.0,0,1500.0,0,1500.0,0
2026-09-29,T0B4,Naoki Tajima,1460.5135132144846,3,1448.893229046352,3,1500.0,0,1500.0,0,1500.0,0
2026-09-29,PG58,Jan Poskocil,1460.485950176762,1,1452.460022725297,1,1500.0,0,1500.0,0,1500.0,0
2026-09-29,J332,Michael Johnson,1460.427887073145,1,1456.2141272913711,1,1500.0,0,1500.0,0,1500.0,0
2026-09-29,CA34,Bruno Calabro,1460.4120568197293,1,1432.6138056762013,1,1500.0,0,1500.0,0,1500.0,0
2026-09-29,RC77,Demian Raab,1460.3534879074703,2,1500.0,0,1445.797520541554,2,1500.0,0,1500.0,0
2026-09-29,S0Z6,Alexander Stater,1460.3434193497037,1,1500.0,0,1456.1868787933902,1,1500.0,0,1500.0,0
2026-09-29,N454,Artem Naymushin,1460.3113377717768,1,1500.0,0,1460.1458678800677,1,1500.0,0,1500.0,0
2026-09-29,V446,Ignacio Vicente,1460.2255556290445,1,1440.9942988362106,1,1500.0,0,1500.0,0,1500.0,0
2026-09-29,RA68,Dmitry Resnyanskiy,1460.1819208028005,1,1464.185508470311,1,1500.0,0,1500.0,0,1500.0,0
2026-09-29,BK29,Sander Brendmoe,1460.1268702679158,1,1500.0,0,1464.2903074389262,1,1500.0,0,1500.0,0
2026-09-29,CA53,Dante Cipulli,1460.0936071116143,1,1457.738641744628,1,1500.0,0,1500.0,0,1500.0,0
2026-09-29,105933,Henri Laaksonen,1460.09300980432,1,1500.0,0,1457.3811536187948,1,1500.0,0,1500.0,0
2026-09-29,C468,Paulo Carvallo,1460.0900254411263,11,1401.557863398988,2,1499.8379633623895,9,1500.0,0,1500.0,0
2026-09-29,A426,Motaz Abou El Khair,1460.0310131113076,1,1500.0,0,1455.5242121806818,1,1500.0,0,1500.0,0
2026-09-29,V0CI,Emilien Voisin,1460.0043966877254,4,1477.8953070972768,1,1485.419656930891,3,1500.0,0,1500.0,0
2026-09-29,R09T,Alexandre Reco,1459.9968401980173,2,1448.7839844654884,2,1500.0,0,1500.0,0,1500.0,0
2026-09-29,S751,Marcus Sarstrand,1459.974128161389,119,1486.994748116471,78,1447.1971514360723,25,1419.0819442279324,6,1382.283093077451,9
2026-09-29,SL55,Chandril Sood,1459.9726496792707,1,1457.5612291313628,1,1500.0,0,1500.0,0,1500.0,0
2026-09-29,P09S,Benjamin Pietri,1459.9462065765815,1,1453.1956694826547,1,1500.0,0,1500.0,0,1500.0,0
2026-09-29,MC64,Sergei Makashin,1459.9413985164047,3,1525.4350443934763,2,1433.1363069179688,1,1500.0,0,1500.0,0
2026-09-29,P0BM,Tadeas Paroulek,1459.9382933340573,4,1500.0,0,1444.0764201976876,4,1500.0,0,1500.0,0
2026-09-29,PB31,Robbye Poole,1459.9195866635125,1,1454.1462394524115,1,1500.0,0,1500.0,0,1500.0,0
2026-09-29,F693,Andrew Fitzpatrick,1459.8901228890613,4,1500.0,0,1500.0,0,1365.4679731135811,4,1500.0,0
2026-09-29,PL80,Bogdan Pavel,1459.8867972904006,2,1465.2801123461616,1,1441.0575621045957,1,1500.0,0,1500.0,0
2026-09-29,H0EQ,Casey Hoole,1459.8613247403152,2,1453.7022278344084,2,1500.0,0,1500.0,0,1500.0,0
2026-09-29,SY69,Harrison Scott,1459.836114990965,1,1456.6630155022274,1,1500.0,0,1500.0,0,1500.0,0
2026-09-29,KE05,Danylo Kalenichenko,1459.8282622264799,6,1407.1255094344006,3,1519.5066731543345,3,1500.0,0,1500.0,0
2026-09-29,A954,Na'im Azhar,1459.813423819132,1,1500.0,0,1459.0928669550342,1,1500.0,0,1500.0,0
2026-09-29,P459,Stanislav Pribylov,1459.8081225240367,1,1500.0,0,1456.8235967573723,1,1500.0,0,1500.0,0
2026-09-29,P684,Oscar Posada,1459.8065246394908,3,1483.7679883631608,2,1449.9116065479152,1,1500.0,0,1500.0,0
2026-09-29,MW69,Mwendwa Mbithi,1459.7912643125096,1,1500.0,0,1459.935559447216,1,1500.0,0,1500.0,0
2026-09-29,G214,Carlos Gomez-Diaz,1459.7659786126385,1,1440.6995009718598,1,1500.0,0,1500.0,0,1500.0,0
2026-09-29,V346,Martin Vacek,1459.7564256481573,5,1457.3515993574304,1,1497.62695438407,4,1500.0,0,1500.0,0
2026-09-29,SE83,Alexander Slabinsky,1459.7197821716638,46,1408.7090495311509,22,1500.0,0,1435.2785835918833,20,1444.6436485702295,3
2026-09-29,R997,Christopher Racz,1459.716333644858,1,1500.0,0,1453.9660686652478,1,1500.0,0,1500.0,0
2026-09-29,E723,Benedikt Eger,1459.7097159216519,1,1500.0,0,1461.0704615744494,1,1500.0,0,1500.0,0
2026-09-29,C627,Lee Childs,1459.6785934881398,103,1307.3766352868997,39,1359.7074424727816,11,1503.9711758854264,42,1432.8788572707106,11
2026-09-29,B0PW,Kaylan Bigun,1459.6659810563706,20,1390.3710578106936,13,1509.821285206289,7,1500.0,0,1500.0,0
2026-09-29,H592,Daniel Hoeppner,1459.662248811857,1,1500.0,0,1453.9959450588008,1,1500.0,0,1500.0,0
2026-09-29,V320,Mark Van Elden,1459.625941205415,1,1461.331925728463,1,1500.0,0,1500.0,0,1500.0,0
2026-09-29,Z125,Jedrzej Zarski,1459.6126811148508,3,1500.0,0,1459.8593565417414,3,1500.0,0,1500.0,0
2026-09-29,104713,Marcel Granollers,1459.5602768835972,1,1500.0,0,1459.5602768835972,1,1500.0,0,1500.0,0
2026-09-29,I0A7,Nicholas David Ionel,1459.5550987904337,106,1428.4796683979725,25,1445.5685202523175,78,1382.551549455772,1,1500.0,0
2026-09-29,105716,Rhyne Williams,1459.5478328262293,1,1500.0,0,1438.5092304337884,1,1500.0,0,1500.0,0
2026-09-29,A951,Nicholas John Andrews,1459.5343557518754,1,1460.3490424571892,1,1500.0,0,1500.0,0,1500.0,0
2026-09-29,C0FL,Agustin Eduardo Cuellar Lorberg,1459.5220405125078,1,1500.0,0,1457.0693952671472,1,1500.0,0,1500.0,0
2026-09-29,SL99,Moussa Shanan,1459.4834038582394,1,1435.4000315320823,1,1500.0,0,1500.0,0,1500.0,0
2026-09-29,Z377,Zhuo Zhang,1459.4766857200593,1,1457.2672278131372,1,1500.0,0,1500.0,0,1500.0,0
2026-09-29,G922,Gerard Granollers,1459.463429815095,154,1462.8693863981687,48,1430.5281690539546,104,1412.4664147442002,1,1500.0,0
2026-09-29,M0IG,Ezequiel Monferrer,1459.4543954928952,3,1500.0,0,1462.5907348537069,3,1500.0,0,1500.0,0
2026-09-29,S0TT,Preston Stearns,1459.4272625221056,1,1452.603372466477,1,1500.0,0,1500.0,0,1500.0,0
2026-09-29,D0AR,Mateus Alves,1459.3838139502332,98,1328.7305397425578,13,1469.0729900216884,85,1500.0,0,1500.0,0
2026-09-29,BH08,Marco Bortolotti,1459.344164665264,22,1510.8246379126044,3,1426.468346951207,19,1500.0,0,1500.0,0
2026-09-29,PL95,Camilo Ponce,1459.3238256667178,1,1500.0,0,1456.3310708740332,1,1500.0,0,1500.0,0
2026-09-29,Z344,Mubarak Zaid,1459.2707770389297,2,1451.8219360646613,2,1500.0,0,1500.0,0,1500.0,0
2026-09-29,SS61,Omar Salman,1459.2706596213443,3,1500.0,0,1448.6614060333204,3,1500.0,0,1500.0,0
2026-09-29,W711,Dominic Weidinger,1459.2126278980402,1,1500.0,0,1453.7301686904352,1,1500.0,0,1500.0,0
2026-09-29,L0DO,Christopher Li,1459.187930337113,3,1500.0,0,1457.7179683996958,3,1500.0,0,1500.0,0
2026-09-29,L09U,Tomas Liska,1459.13244822288,2,1457.7170045483713,2,1500.0,0,1500.0,0,1500.0,0
2026-09-29,RC29,Jose Antonio Rodriguez,1459.1024931974357,1,1460.456323037444,1,1500.0,0,1500.0,0,1500.0,0
2026-09-29,D872,Luis Delgado,1459.0924463130748,4,1474.7693538449785,1,1472.6215967923802,3,1500.0,0,1500.0,0
2026-09-29,P604,Nathan B. Price,1459.0705950002223,1,1459.0909348236814,1,1500.0,0,1500.0,0,1500.0,0
2026-09-29,A704,Gleb Alekseenko,1459.0657294929244,4,1444.18628415642,1,1489.2351088751732,3,1500.0,0,1500.0,0
2026-09-29,LB88,Wojciech Lutkowski,1458.8447010653208,1,1500.0,0,1433.7781810556392,1,1500.0,0,1500.0,0
2026-09-29,R359,Pavel Riha,1458.8362822872523,3,1500.0,0,1416.9116715973173,1,1500.0,0,1513.5855269725935,2
2026-09-29,BI85,Michael Bois,1458.8290360303029,2,1475.472518785149,1,1474.5423667302612,1,1500.0,0,1500.0,0
2026-09-29,MP98,John Mee,1458.8182691405693,1,1456.1910112232786,1,1500.0,0,1500.0,0,1500.0,0
2026-09-29,Z399,Kasparas Zemaitelis,1458.8035943306807,1,1500.0,0,1458.3827080944518,1,1500.0,0,1500.0,0
2026-09-29,M1A0,Vicente Menezes Freda,1458.789162017807,1,1500.0,0,1454.7780829426779,1,1500.0,0,1500.0,0
2026-09-29,SU09,Philipp Scholz,1458.7480483562879,1,1500.0,0,1500.0,0,1444.18628415642,1,1500.0,0
2026-09-29,V214,Emilio Viuda-Hernandez,1458.7293425256807,1,1500.0,0,1447.926389318699,1,1500.0,0,1500.0,0
2026-09-29,O388,Junior A. Ore,1458.711880739903,2,1455.373972893847,1,1500.0,0,1500.0,0,1500.0,0
2026-09-29,T0BX,Emiliano Troche,1458.6768386004042,1,1500.0,0,1456.9544941414679,1,1500.0,0,1500.0,0
2026-09-29,W633,Christian Wickenhauser,1458.6333448486332,1,1500.0,0,1468.6800502008928,1,1500.0,0,1500.0,0
2026-09-29,C577,Ladislav Chramosta,1458.5684825755345,21,1490.96671827038,8,1413.5602800137124,13,1500.0,0,1500.0,0
2026-09-29,U127,Julen Uriguen,1458.5358230409918,5,1525.8810276205716,3,1438.3385505458057,2,1500.0,0,1500.0,0
2026-09-29,R826,Tony Rajaobelina,1458.5181569989836,1,1465.3330067125207,1,1500.0,0,1500.0,0,1500.0,0
2026-09-29,GD13,Michael Grant,1458.4856904372775,3,1500.0,0,1500.0,0,1451.6766506678764,3,1500.0,0
2026-09-29,SE05,Fabian Schmid,1458.465422978244,1,1500.0,0,1459.3646836950763,1,1500.0,0,1500.0,0
2026-09-29,B0MP,Attila Boros,1458.4616949388962,1,1500.0,0,1458.5513396480053,1,1500.0,0,1500.0,0
2026-09-29,V715,Federico Valsangiacomo,1458.4327598712368,1,1500.0,0,1444.18628415642,1,1500.0,0,1500.0,0
2026-09-29,A0HZ,Lorenzo Angelini,1458.38965993772,8,1365.926720538998,3,1525.8382458960964,5,1500.0,0,1500.0,0
2026-09-29,KC44,Shahbaaz Khan,1458.2878609893812,2,1451.1035557978253,2,1500.0,0,1500.0,0,1500.0,0
2026-09-29,LE79,Aws Laaribi,1458.229008663332,1,1459.5705901106276,1,1500.0,0,1500.0,0,1500.0,0
2026-09-29,U045,Lars Uebel,1458.2220905070344,96,1419.2177917635922,45,1495.1850799158312,36,1429.6888741043233,4,1574.1295860904625,11
2026-09-29,HB67,Christopher Heyman,1458.2210419291316,17,1384.4896478205326,10,1472.7527312760617,7,1500.0,0,1500.0,0
2026-09-29,I159,Antonio Issa-Filho,1458.2196428966258,1,1500.0,0,1422.4990352799443,1,1500.0,0,1500.0,0
2026-09-29,KC16,Tugay Koylu,1458.2030658395408,1,1452.3690652734533,1,1500.0,0,1500.0,0,1500.0,0
2026-09-29,K957,Dmytro Kamynin,1458.1985532889269,1,1500.0,0,1500.0,0,1435.1091046297859,1,1500.0,0
2026-09-29,N0AQ,Olimjon Nabiev,1458.1802517749386,1,1500.0,0,1446.0640345679117,1,1500.0,0,1500.0,0
2026-09-29,K0QY,Aradhya Kshitij,1458.144889229286,1,1447.8432842274954,1,1500.0,0,1500.0,0,1500.0,0
2026-09-29,C656,Bo Ram Cha,1458.1026524800777,9,1527.2179408708191,4,1484.2771437212193,5,1500.0,0,1500.0,0
2026-09-29,S0WX,Patrick Schoen,1458.0709277471406,1,1500.0,0,1457.9634475996681,1,1500.0,0,1500.0,0
2026-09-29,CC27,Antoine Champagne,1458.070523738096,1,1500.0,0,1461.3014320096738,1,1500.0,0,1500.0,0
2026-09-29,S0VO,Pawit Sornlaksup,1458.0564053239818,1,1450.9472903394737,1,1500.0,0,1500.0,0,1500.0,0
2026-09-29,AB15,Rodrigo Arus,1458.0373156087242,3,1532.6607042422115,2,1406.9945484472462,1,1500.0,0,1500.0,0
2026-09-29,SQ79,Colin Sinclair,1458.0317449486556,51,1434.0391981140551,47,1381.4298761368425,2,1500.0,0,1500.0,0
2026-09-29,W316,Torsten Wolpers,1458.0147708658344,3,1500.0,0,1455.6146330810168,1,1500.0,0,1502.7389523284369,2
2026-09-29,SG20,Marco Sattanino,1458.0116690965829,4,1500.0,0,1447.938506852412,4,1500.0,0,1500.0,0
2026-09-29,TF58,Yusuke Takahashi,1458.0018252237069,112,1433.7295349638252,109,1457.8370411185465,3,1500.0,0,1500.0,0
2026-09-29,BD89,Josip Brkic,1457.9838430011268,1,1500.0,0,1500.0,0,1442.4462914151252,1,1500.0,0
2026-09-29,SC98,Bosko Simundsa,1457.9808272416526,1,1500.0,0,1463.6309380706132,1,1500.0,0,1500.0,0
2026-09-29,M0L0,Amr Elsayed Abdou Ah Mohamed,1457.928157867936,9,1424.5789302413657,2,1468.2717448994556,5,1500.0,0,1500.0,0
2026-09-29,V450,Nicolo Vercellino,1457.8842078671667,1,1500.0,0,1444.9871041391489,1,1500.0,0,1500.0,0
2026-09-29,B432,Vincent Baudat,1457.8171449926667,1,1447.2754497586316,1,1500.0,0,1500.0,0,1500.0,0
2026-09-29,KE42,Krittin Koaykul,1457.8121433996776,1,1448.5864919752216,1,1500.0,0,1500.0,0,1500.0,0
2026-09-29,B590,Gianluca Bazzica,1457.8042782290643,3,1458.1012990192241,1,1500.0,0,1500.0,0,1492.2189453579583,2
2026-09-29,B974,Markus Bayer,1457.8007525068538,1,1500.0,0,1465.2483079196375,1,1500.0,0,1500.0,0
2026-09-29,BH64,Arthur Beavis,1457.756436620916,1,1464.0524061006313,1,1500.0,0,1500.0,0,1500.0,0
2026-09-29,K0EM,Matt Kuhar,1457.6952364234287,6,1432.1769951686776,6,1500.0,0,1500.0,0,1500.0,0
2026-09-29,L0DB,Giuseppe La Vela,1457.6509993539735,3,1500.0,0,1454.325478785407,3,1500.0,0,1500.0,0
2026-09-29,J117,Bjorn Jacob,1457.6499512312844,1,1438.8631503686283,1,1500.0,0,1500.0,0,1500.0,0
2026-09-29,O220,Donny Opici,1457.6387097094623,1,1424.924516165621,1,1500.0,0,1500.0,0,1500.0,0
2026-09-29,SB59,Lais Salim,1457.5658706143267,1,1461.0362691442879,1,1500.0,0,1500.0,0,1500.0,0
2026-09-29,132470,Charly Zick,1457.5460062369189,1,1500.0,0,1444.18628415642,1,1500.0,0,1500.0,0
2026-09-29,D707,Aurelien David,1457.524138985518,1,1462.4737214156114,1,1500.0,0,1500.0,0,1500.0,0
2026-09-29,M510,Daniele Musa,1457.510149760141,8,1462.4477073758005,1,1403.9682630862605,3,1500.0,0,1613.0820156930088,4
2026-09-29,T864,Carl Thorsen,1457.5064501257261,1,1500.0,0,1450.2149772105424,1,1500.0,0,1500.0,0
2026-09-29,PM13,Michail Pervolarakis,1457.5053383512968,39,1443.1536621462533,35,1378.1192103311728,3,1500.0,0,1500.0,0
2026-09-29,R822,Laurent Rochette,1457.4916887189283,89,1405.998773730012,42,1511.8437325153566,43,1452.061241610602,3,1428.0950167383526,1
2026-09-29,N099,Tomas Nydahl,1457.451612920494,1,1500.0,0,1457.8719345750012,1,1500.0,0,1500.0,0
2026-09-29,M406,Bernardo Mota,1457.4074495926807,36,1331.0248427278589,3,1499.3482579813033,28,1500.0,0,1490.931731309025,5
2026-09-29,MI75,Rafael Mazon-Hernandez,1457.3806402125824,7,1500.0,0,1442.0175966480458,7,1500.0,0,1500.0,0
2026-09-29,M699,Harsh Mankad,1457.357054492347,105,1433.3651558956672,78,1405.1005077375125,5,1595.5101013704477,17,1373.247282634543,3
2026-09-29,N511,Frederic Nussbaum,1457.304702452767,4,1451.6805294728242,1,1486.5759390708567,3,1500.0,0,1500.0,0
2026-09-29,A588,Vasco Antunes,1457.2315151074513,1,1500.0,0,1443.6922278818422,1,1500.0,0,1500.0,0
2026-09-29,A0I3,Saud Alhogbani,1457.1770518703163,1,1447.1571970436653,1,1500.0,0,1500.0,0,1500.0,0
2026-09-29,K296,Jan Kroslak,1457.15304467071,67,1390.0760825718532,29,1484.1079947492572,26,1500.0,0,1356.1254783268841,12
2026-09-29,A755,Hashim Abdal,1457.143714452983,1,1448.8824057156887,1,1500.0,0,1500.0,0,1500.0,0
2026-09-29,D289,Jamie Delgado,1457.0626391031708,190,1414.6973502366925,95,1254.800141929138,12,1389.8773712027532,56,1426.3923025567572,20
2026-09-29,G630,Eddy Gonzalez,1457.0235088505156,3,1449.7530690855226,3,1500.0,0,1500.0,0,1500.0,0
2026-09-29,J312,David Jeflea,1457.0105211960888,2,1452.8411025697696,2,1500.0,0,1500.0,0,1500.0,0
2026-09-29,103990,Marc Gicquel,1456.8805646443818,1,1444.0429631379786,1,1500.0,0,1500.0,0,1500.0,0
2026-09-29,MU91,Rahul robinson Manoah,1456.8755997650144,1,1456.1732127235373,1,1500.0,0,1500.0,0,1500.0,0
2026-09-29,WB14,Andrew Watson,1456.869963559355,2,1471.9811744240592,1,1500.0,0,1440.9031244009152,1,1500.0,0
2026-09-29,K0OI,Omar Kandil,1456.8649572117458,1,1500.0,0,1455.2986072828032,1,1500.0,0,1500.0,0
2026-09-29,E762,Ahmed El Menshawy,1456.8236778015496,1,1500.0,0,1500.0,0,1420.5424861520485,1,1500.0,0
2026-09-29,F705,Antoine Feret,1456.8178039260895,1,1459.6992906507298,1,1500.0,0,1500.0,0,1500.0,0
2026-09-29,MJ73,Ruslan Miroshnychenko,1456.8130422719873,1,1454.800865190961,1,1500.0,0,1500.0,0,1500.0,0
2026-09-29,DA59,Florent Diep,1456.8051169008666,6,1500.0,0,1413.5307995716641,6,1500.0,0,1500.0,0
2026-09-29,SB94,Helio Steiner,1456.7990888169106,1,1432.3608873654598,1,1500.0,0,1500.0,0,1500.0,0
2026-09-29,P708,Luis Antonio Perez-Perez,1456.7973105886285,1,1453.1654152725466,1,1500.0,0,1500.0,0,1500.0,0
2026-09-29,GC17,Oscar Jose Gutierrez,1456.7591945127374,22,1479.0761776331954,4,1423.8143256556007,18,1500.0,0,1500.0,0
2026-09-29,102910,Stefan Koubek,1456.751964786146,1,1458.2769165396808,1,1500.0,0,1500.0,0,1500.0,0
2026-09-29,CE76,Jesper Cederlind,1456.7340884643022,1,1457.838335992469,1,1500.0,0,1500.0,0,1500.0,0
2026-09-29,SG02,Holden Seguso,1456.7331951960257,1,1451.8988752352393,1,1500.0,0,1500.0,0,1500.0,0
2026-09-29,L639,Chris Lewis,1456.7081067148968,3,1500.0,0,1500.0,0,1459.9343553797567,3,1500.0,0
2026-09-29,EA31,Menelaos Efstathiou,1456.6965538811269,22,1446.32023111595,17,1429.6415464735128,2,1500.0,0,1500.0,0
2026-09-29,S0G3,Michalis Sakellaridis,1456.6926598898447,1,1500.0,0,1500.0,0,1444.18628415642,1,1500.0,0
2026-09-29,CG32,Julien Cagnina,1456.683556979033,29,1396.0973441032208,12,1501.1308576440738,17,1500.0,0,1500.0,0
2026-09-29,HH48,Nicholas S. Hu,1456.6778500743058,1,1500.0,0,1500.0,0,1444.18628415642,1,1500.0,0
2026-09-29,CN73,Manuel Castellanos,1456.6604756440765,1,1500.0,0,1459.3946417751959,1,1500.0,0,1500.0,0
2026-09-29,A584,Theodoros Angelinos,1456.6411186273665,54,1392.807729447918,24,1444.7437634822265,27,1461.1942906588713,3,1500.0,0
2026-09-29,G581,Luigi Gianuzzi,1456.442107642294,1,1500.0,0,1449.9712870255407,1,1500.0,0,1500.0,0
2026-09-29,103859,Dave Lingman,1456.4068543549608,5,1500.1839979280348,4,1444.18628415642,1,1500.0,0,1500.0,0
2026-09-29,O294,Miroslav Ocadlik,1456.3946902296113,1,1500.0,0,1457.3371509791223,1,1500.0,0,1500.0,0
2026-09-29,V467,Vilim Visak,1456.3597364394248,1,1451.9540174011208,1,1500.0,0,1500.0,0,1500.0,0
2026-09-29,MF06,Marcelo Michelucci,1456.2745278550415,1,1500.0,0,1459.058437345514,1,1500.0,0,1500.0,0
2026-09-29,B0C3,Simon Beaupain,1456.259521784594,1,1450.8423481710354,1,1500.0,0,1500.0,0,1500.0,0
2026-09-29,C895,Aleksandar Cucuz,1456.247325446705,1,1442.6050718143724,1,1500.0,0,1500.0,0,1500.0,0
2026-09-29,F610,Pedro Feitosa,1456.2342088530604,1,1500.0,0,1470.4783825387144,1,1500.0,0,1500.0,0
2026-09-29,J468,Alexandru Jecan,1456.1817050659145,3,1456.2792603207358,1,1492.1521761745453,2,1500.0,0,1500.0,0
2026-09-29,O185,Malino Oda,1456.1668922730398,1,1452.851522417325,1,1500.0,0,1500.0,0,1500.0,0
2026-09-29,B787,Luka Bernard,1456.1573110697516,1,1500.0,0,1454.6134643451678,1,1500.0,0,1500.0,0
2026-09-29,SW13,Chanchai Sookton-eng,1456.154243939798,1,1453.6808847520224,1,1500.0,0,1500.0,0,1500.0,0
2026-09-29,SE52,Bertram Steinberger,1456.1359039731378,1,1500.0,0,1460.5472239744893,1,1500.0,0,1500.0,0
2026-09-29,A983,Diego Acosta,1456.1343295085642,1,1457.2550712804791,1,1500.0,0,1500.0,0,1500.0,0
2026-09-29,TG46,Ryota Tanuma,1456.1298226640095,4,1438.685209921378,4,1500.0,0,1500.0,0,1500.0,0
2026-09-29,RB17,Alexander Rumyantsev,1456.0716245000606,14,1404.0282467525483,9,1496.4895012716452,5,1500.0,0,1500.0,0
2026-09-29,A305,Jacob Adaktusson,1456.026689649535,95,1368.7413883600414,63,1448.9262063290605,19,1440.4947680004393,3,1591.1039901513286,10
2026-09-29,T310,Goran Tosic,1455.991187359816,70,1453.4104035618866,18,1449.0986331837003,47,1500.0,0,1495.8504868730054,2
2026-09-29,H0HR,Harold Huens,1455.898882167349,1,1500.0,0,1448.5876180873458,1,1500.0,0,1500.0,0
2026-09-29,DB22,Anthony Delcore,1455.824535399584,1,1454.5507706139042,1,1500.0,0,1500.0,0,1500.0,0
2026-09-29,CN44,Tomas Curras Abasolo,1455.7985153088666,1,1500.0,0,1439.3508094911454,1,1500.0,0,1500.0,0
2026-09-29,O0AX,Gian Marco Ortenzi,1455.785258057952,1,1500.0,0,1449.6768367753375,1,1500.0,0,1500.0,0
2026-09-29,105869,Sam Weissborn,1455.757451366728,1,1500.0,0,1454.6978597899074,1,1500.0,0,1500.0,0
2026-09-29,K245,Aleksandar Kitinov,1455.729926135828,1,1500.0,0,1500.0,0,1500.0,0,1427.5389965687164,1
2026-09-29,105657,Marius Copil,1455.610345953736,1,1500.0,0,1444.18628415642,1,1500.0,0,1500.0,0
2026-09-29,R408,Thierry Roggi,1455.6053963175468,3,1500.0,0,1442.2000921861252,3,1500.0,0,1500.0,0
2026-09-29,DF98,Walker Duncan,1455.5957669772627,1,1441.9295026045452,1,1500.0,0,1500.0,0,1500.0,0
2026-09-29,BF94,Pongsatorn Benjamas,1455.5868159707868,1,1462.0324040432342,1,1500.0,0,1500.0,0,1500.0,0
2026-09-29,M898,Chris Magyary,1455.5856318524877,5,1447.808681347793,3,1500.0,0,1500.0,0,1500.0,0
2026-09-29,BB07,Dmitri Babenko,1455.5536447694737,1,1500.0,0,1500.0,0,1500.0,0,1416.7633629939075,1
2026-09-29,PJ17,Boris Pokotilov,1455.5511572543533,1,1452.0473305088462,1,1500.0,0,1500.0,0,1500.0,0
2026-09-29,TB56,Shota Tagawa,1455.5315590467278,1,1500.0,0,1500.0,0,1500.0,0,1440.9031244009152,1
2026-09-29,N925,Javier Naser,1455.5187333707731,1,1500.0,0,1456.9404082089618,1,1500.0,0,1500.0,0
2026-09-29,C0HV,Luca Castagnola,1455.4978206192318,7,1393.6268845559762,2,1528.427282095086,5,1500.0,0,1500.0,0
2026-09-29,B0Y3,Cezar Stefan Bentzel,1455.4822107036055,1,1500.0,0,1450.1902983502014,1,1500.0,0,1500.0,0
2026-09-29,SJ05,Constantin Sturdza,1455.4747247259486,1,1500.0,0,1443.534375833533,1,1500.0,0,1500.0,0
2026-09-29,J523,Alexander Jhun,1455.4079531737734,1,1500.0,0,1500.0,0,1426.1324615926274,1,1500.0,0
2026-09-29,BE87,Sergio Betancourt-Riverol,1455.4026429685687,1,1452.0918638328112,1,1500.0,0,1500.0,0,1500.0,0
2026-09-29,H881,Armin Hirner,1455.363602263732,1,1500.0,0,1443.3067432935434,1,1500.0,0,1500.0,0
2026-09-29,108589,Vasuthevan Ortchuan,1455.3626687075819,1,1455.3626687075819,1,1500.0,0,1500.0,0,1500.0,0
2026-09-29,TA41,Jeremy Tweedt,1455.3452052384223,1,1447.063591859994,1,1500.0,0,1500.0,0,1500.0,0
2026-09-29,DA44,Luciano Doria,1455.3414355378195,2,1500.0,0,1454.9121203745594,2,1500.0,0,1500.0,0
2026-09-29,N0B4,Ryan Nijboer,1455.3156304665597,35,1432.4833986127967,7,1446.7354050632573,27,1473.8940516720122,1,1500.0,0
2026-09-29,KA50,Alexandr Kotora,1455.2980545113282,1,1500.0,0,1442.9192705026219,1,1500.0,0,1500.0,0
2026-09-29,R0NP,Felipe Rivadeneira,1455.2885126158626,1,1500.0,0,1440.8033157100454,1,1500.0,0,1500.0,0
2026-09-29,G429,Nicolas Guillaume,1455.2658030553107,1,1459.9234504545805,1,1500.0,0,1500.0,0,1500.0,0
2026-09-29,M570,Kotaro Miyachi,1455.2501922683348,1,1500.0,0,1500.0,0,1500.0,0,1440.9031244009152,1
2026-09-29,KA22,Dayne Kelly,1455.2477136122607,95,1457.831946293211,89,1433.6433605061272,5,1500.0,0,1500.0,0
2026-09-29,G555,Lawrence Gunn,1455.2256059976417,1,1422.8585493072605,1,1500.0,0,1500.0,0,1500.0,0
2026-09-29,MP62,Tommy Mylnikov,1455.2237933900883,2,1412.7538575714923,2,1500.0,0,1500.0,0,1500.0,0
2026-09-29,C491,Malte Commandeur,1455.2167399761806,3,1448.0772603743872,1,1506.3525377176047,2,1500.0,0,1500.0,0
2026-09-29,H417,Brandon Hawk,1455.2102628170296,53,1452.4196984139926,51,1430.9469055397637,1,1500.0,0,1500.0,0
2026-09-29,MK36,Christian Mohs,1455.1777108720187,2,1500.0,0,1462.8502330746448,2,1500.0,0,1500.0,0
2026-09-29,105021,Yannick Mertens,1455.1685300915476,5,1476.0201866281361,2,1510.4065301909786,2,1500.0,0,1444.18628415642,1
2026-09-29,C896,Ross Connolly,1455.15043187055,1,1500.0,0,1454.1803559718187,1,1500.0,0,1500.0,0
2026-09-29,H693,Ricardo Hocevar,1455.1394507060159,284,1573.2216721419009,78,1445.233282148628,200,1504.136898043127,4,1500.0,0
2026-09-29,A244,Nasser-Ghanim Al-Khulaifi,1455.1198832546304,1,1459.2510010936162,1,1500.0,0,1500.0,0,1500.0,0
2026-09-29,CA69,Alberto Cristofaro,1455.1120258290807,1,1500.0,0,1462.9299894582086,1,1500.0,0,1500.0,0
2026-09-29,V417,Marco Viola,1455.108474516692,1,1500.0,0,1452.781884157137,1,1500.0,0,1500.0,0
2026-09-29,J500,Jacob Johansson,1455.1077944314866,1,1500.0,0,1460.5071446257136,1,1500.0,0,1500.0,0
2026-09-29,M593,Vince Mackey,1455.0539835731179,1,1457.1139594783522,1,1500.0,0,1500.0,0,1500.0,0
2026-09-29,N607,Miliaan Niesten,1455.0274627462718,17,1439.0915691441921,9,1394.0559133099948,6,1535.7091246413647,2,1500.0,0
2026-09-29,G866,Patrick Gamauf,1455.0216741966642,1,1500.0,0,1459.3489447828067,1,1500.0,0,1500.0,0
2026-09-29,S549,Andrea Spizzica,1455.017193947479,3,1500.0,0,1451.555152938905,3,1500.0,0,1500.0,0
2026-09-29,G507,Mark Gienke,1455.0150873565815,1,1500.0,0,1500.0,0,1500.0,0,1457.7508481523034,1
2026-09-29,PC53,Michal Pazicky,1454.971727663361,1,1500.0,0,1451.0572314275735,1,1500.0,0,1500.0,0
2026-09-29,M0Z8,Karim Mabrouk,1454.9363623727918,1,1500.0,0,1453.0283876445887,1,1500.0,0,1500.0,0
2026-09-29,N970,Mario Giuseppe Nicosia,1454.9269736419094,1,1440.9031244009152,1,1500.0,0,1500.0,0,1500.0,0
2026-09-29,F600,Daniel Forster,1454.8865031446219,1,1500.0,0,1500.0,0,1500.0,0,1460.838158221261,1
2026-09-29,B0MG,Nicolas Buitrago,1454.874450203226,1,1500.0,0,1452.5189123758207,1,1500.0,0,1500.0,0
2026-09-29,K702,Ben Kronk,1454.8737381534586,1,1459.689300562254,1,1500.0,0,1500.0,0,1500.0,0
2026-09-29,RE92,Felipe Ramirez Luna,1454.8723274502531,1,1500.0,0,1460.677126527177,1,1500.0,0,1500.0,0
2026-09-29,MK45,Andrew Mcleod,1454.8660004761866,1,1451.7258373710963,1,1500.0,0,1500.0,0,1500.0,0
2026-09-29,B0ME,Cesar Bouchelaghem,1454.8281204522993,5,1469.729246811675,3,1419.3047589430491,2,1500.0,0,1500.0,0
2026-09-29,B0CZ,Alexander Blasco,1454.8253506308558,1,1461.24789099551,1,1500.0,0,1500.0,0,1500.0,0
2026-09-29,T867,Erling Tveit,1454.7799210975045,16,1378.7457110713701,5,1488.9923758559707,11,1500.0,0,1500.0,0
2026-09-29,G276,Alessandro Guevara,1454.7675575419464,1,1500.0,0,1436.6230417407035,1,1500.0,0,1500.0,0
2026-09-29,PA95,Philippe Poignon,1454.763933576158,1,1452.0655309149815,1,1500.0,0,1500.0,0,1500.0,0
2026-09-29,C740,Diego Cristin,1454.6961692483087,12,1471.747184244164,5,1478.4777630725973,7,1500.0,0,1500.0,0
2026-09-29,BM56,Federico Bonacia,1454.6589446843611,1,1500.0,0,1450.8066997558203,1,1500.0,0,1500.0,0
2026-09-29,D0D2,Alec Deckers,1454.6348272192909,12,1433.658024548892,5,1513.1622617854696,5,1463.1888304373665,2,1500.0,0
2026-09-29,PH48,Rodolfo Pereira,1454.6109107675504,1,1500.0,0,1454.6109107675504,1,1500.0,0,1500.0,0
2026-09-29,104505,Jimmy Wang,1454.5889692431995,3,1444.18628415642,1,1500.0,0,1500.0,0,1503.9255357634552,2
2026-09-29,H830,Romain Hardy,1454.5554538919093,2,1448.3919739015228,2,1500.0,0,1500.0,0,1500.0,0
2026-09-29,A340,Francesco Aldi,1454.521397299323,256,1538.816655307594,15,1455.6272099763648,227,1403.6517037854996,1,1381.8733788884642,12
2026-09-29,F743,Alexandre Folie,1454.5139642188662,10,1485.894222091925,1,1473.5339284835836,9,1500.0,0,1500.0,0
2026-09-29,SH27,Jochen Schoettler,1454.513854592044,1,1500.0,0,1430.0207560228955,1,1500.0,0,1500.0,0
2026-09-29,D709,Piero Demichelli,1454.5088832252186,1,1500.0,0,1424.507627865613,1,1500.0,0,1500.0,0
2026-09-29,KD81,Jaan Kononov,1454.4870053240902,1,1447.3595972089565,1,1500.0,0,1500.0,0,1500.0,0
2026-09-29,S908,Vitali Chvets,1454.482149095838,13,1404.8470724853446,4,1479.489520387569,9,1500.0,0,1500.0,0
2026-09-29,R709,Bruno Rodriguez,1454.4796037847495,31,1345.0438256128193,10,1498.8487584251286,19,1500.0,0,1483.6588447958416,2
2026-09-29,R697,Ali Relata,1454.4354429389139,1,1453.6598667060016,1,1500.0,0,1500.0,0,1500.0,0
2026-09-29,LB94,Roberto Livi,1454.405906468529,1,1500.0,0,1457.9960126163558,1,1500.0,0,1500.0,0
2026-09-29,GA78,Manolis Glezos,1454.381942330862,1,1453.024202080227,1,1500.0,0,1500.0,0,1500.0,0
2026-09-29,P466,Saurav Panja,1454.3772338739125,1,1433.8345788420665,1,1500.0,0,1500.0,0,1500.0,0
2026-09-29,V410,John Valenti,1454.3741461140633,4,1461.877109397359,1,1484.4393365709495,2,1464.9041260331032,1,1500.0,0
2026-09-29,CE46,Julien Carsuzaa,1454.3625555916879,1,1452.47128858478,1,1500.0,0,1500.0,0,1500.0,0
2026-09-29,H596,Ryan Henry,1454.3362481723736,3,1477.3732532454842,3,1500.0,0,1500.0,0,1500.0,0
2026-09-29,PG04,Martins Podzus,1454.3351859879294,15,1380.0947561311718,10,1505.3317046532443,5,1500.0,0,1500.0,0
2026-09-29,O117,Leonardo Olguin,1454.327376631078,65,1461.4412029683206,11,1491.471258590592,53,1500.0,0,1500.0,0
2026-09-29,G0O5,Ivan Gretskiy,1454.3106524375405,1,1446.6404238144269,1,1500.0,0,1500.0,0,1500.0,0
2026-09-29,A973,Richard Arlindo,1454.2504284393276,1,1500.0,0,1452.6922229313604,1,1500.0,0,1500.0,0
2026-09-29,P999,Mariano Pettigrosso,1454.2479355519672,1,1500.0,0,1459.6083028121982,1,1500.0,0,1500.0,0
2026-09-29,S0NT,Anton Shepp,1454.2437871074526,10,1428.045083924225,10,1500.0,0,1500.0,0,1500.0,0
2026-09-29,B0BJ,Daniel Batista,1454.2162999832956,1,1500.0,0,1433.3069297585268,1,1500.0,0,1500.0,0
2026-09-29,MJ63,Giammarco Micolani,1454.209770259413,1,1500.0,0,1455.243028075589,1,1500.0,0,1500.0,0
2026-09-29,M0K2,Pietro Marino,1454.1502736227528,1,1500.0,0,1440.5979079896567,1,1500.0,0,1500.0,0
2026-09-29,R771,Mohcine Roudami,1454.129205620984,2,1500.0,0,1448.179116079984,2,1500.0,0,1500.0,0
2026-09-29,F058,Takanobu Fujii,1454.1143284210707,1,1500.0,0,1500.0,0,1500.0,0,1473.4360832962736,1
2026-09-29,HA60,Guilherme Hadlich,1454.1123430435941,1,1500.0,0,1437.2865381327051,1,1500.0,0,1500.0,0
2026-09-29,RB50,Claudio Rivera,1454.095646884913,1,1500.0,0,1500.0,0,1500.0,0,1500.0,0
2026-09-29,PF81,Marius Pimishofer,1454.092559112584,1,1457.366168717187,1,1500.0,0,1500.0,0,1500.0,0
2026-09-29,LE15,Harrison Lombe,1454.081331473742,1,1449.5245277946983,1,1500.0,0,1500.0,0,1500.0,0
2026-09-29,D441,Riccardo Desto,1454.062500573336,1,1500.0,0,1447.5008400684383,1,1500.0,0,1500.0,0
2026-09-29,PC99,Nikolai Parkhomenko,1454.0506232360342,1,1440.9031244009152,1,1500.0,0,1500.0,0,1500.0,0
2026-09-29,M0WL,Anas Mazdrashki,1453.974667218494,1,1500.0,0,1449.2842712578924,1,1500.0,0,1500.0,0
2026-09-29,105920,Roberto Quiroz,1453.9476920452435,1,1500.0,0,1444.18628415642,1,1500.0,0,1500.0,0
2026-09-29,S733,Djalmar Sistermans,1453.939394508914,1,1500.0,0,1442.723530901484,1,1500.0,0,1500.0,0
2026-09-29,W741,Aoran Wang,1453.931218241708,14,1417.5888295259983,14,1500.0,0,1500.0,0,1500.0,0
2026-09-29,DA23,Patrick Daciek,1453.8911431467848,2,1427.9666016566648,2,1500.0,0,1500.0,0,1500.0,0
2026-09-29,G773,Bastian Grundler,1453.8908969651802,1,1433.1084451858897,1,1500.0,0,1500.0,0,1500.0,0
2026-09-29,SI29,Moacir Santos-Filho,1453.8810593200662,1,1500.0,0,1437.6644778562818,1,1500.0,0,1500.0,0
2026-09-29,MV76,Irakli Metreveli,1453.8350434884728,1,1500.0,0,1500.0,0,1500.0,0,1446.668086354601,1
2026-09-29,MI48,Jose Gerardo Meza,1453.8113096387824,2,1500.0,0,1462.9933877313083,2,1500.0,0,1500.0,0
2026-09-29,D0F2,Kamen Damov,1453.7754143332206,1,1416.9386070865096,1,1500.0,0,1500.0,0,1500.0,0
2026-09-29,SI43,Tiago Slonik,1453.7521753829878,1,1452.0500934188224,1,1500.0,0,1500.0,0,1500.0,0
2026-09-29,M700,Koji Motomura,1453.7439408731257,1,1500.0,0,1454.9637096640788,1,1500.0,0,1500.0,0
2026-09-29,SM16,Filip Serdarusic,1453.6825234369912,1,1500.0,0,1455.116954577493,1,1500.0,0,1500.0,0
2026-09-29,P0JL,Luca Pow,1453.6635262784184,7,1448.2130138574437,5,1500.0,0,1315.6729342625451,2,1500.0,0
2026-09-29,D359,Artem Derepasko,1453.642431870468,57,1515.9147267644205,34,1459.6834850067282,20,1467.8721922118225,1,1488.6064802664741,2
2026-09-29,L367,Andre Lopes,1453.6179801344667,1,1500.0,0,1472.0597916086053,1,1500.0,0,1500.0,0
2026-09-29,RA95,Matthieu Roy,1453.6174579613448,1,1444.6657041294945,1,1500.0,0,1500.0,0,1500.0,0
2026-09-29,C0T4,Tyler Cox,1453.5887382431688,1,1448.8712014398782,1,1500.0,0,1500.0,0,1500.0,0
2026-09-29,SH77,Artem Smirnov,1453.5686079061209,103,1342.830317253972,29,1498.7683067417015,71,1307.797452017168,3,1500.0,0
2026-09-29,104000,Ivan Navarro,1453.5612252775165,1,1453.5612252775165,1,1500.0,0,1500.0,0,1500.0,0
2026-09-29,C785,Peter Capkovic,1453.5590719099778,13,1539.9242232634203,7,1376.2654941546784,4,1500.0,0,1482.5500361433174,2
2026-09-29,E0BN,Mark Owen Endler,1453.5038003959035,1,1500.0,0,1428.1911486428423,1,1500.0,0,1500.0,0
2026-09-29,TC09,Pol Toledo Bague,1453.4678570417009,16,1483.5871795927687,1,1457.1380062204014,15,1500.0,0,1500.0,0
2026-09-29,P0EA,Saba Purtseladze,1453.4612074214283,56,1455.696550221437,39,1359.912372888299,15,1443.7400398107754,1,1500.0,0
2026-09-29,D885,Will Doucas,1453.4513090190542,1,1500.0,0,1453.8736186219958,1,1500.0,0,1500.0,0
2026-09-29,T940,Rafal Teurer,1453.386259070391,1,1500.0,0,1456.6660364013899,1,1500.0,0,1500.0,0
2026-09-29,R0E2,Blas Ruiz Romero,1453.3813982932888,1,1500.0,0,1500.0,0,1500.0,0,1500.0,0
2026-09-29,B647,Frantisek Babej,1453.37718270639,1,1500.0,0,1469.7622697592863,1,1500.0,0,1500.0,0
2026-09-29,A381,Evan Austin,1453.319785947796,1,1459.354970832077,1,1500.0,0,1500.0,0,1500.0,0
2026-09-29,BC90,Catalin Buzatu,1453.2991067322878,1,1500.0,0,1457.407158308185,1,1500.0,0,1500.0,0
2026-09-29,A338,Adelo Abadia,1453.2652726495542,5,1434.3368048899058,1,1512.5032497690718,4,1500.0,0,1500.0,0
2026-09-29,104112,Giovanni Lapentti,1453.261687948871,3,1456.7169185906837,1,1495.6609421752587,2,1500.0,0,1500.0,0
2026-09-29,L0HQ,Nikos Lehmann,1453.208201326232,1,1500.0,0,1449.385470728242,1,1500.0,0,1500.0,0
2026-09-29,GA15,Mikhail Gamrekelidze,1453.1761399898126,1,1447.1101922781158,1,1500.0,0,1500.0,0,1500.0,0
2026-09-29,O403,Nicolas Daniel Olguin,1453.1296377719598,1,1500.0,0,1440.521019901265,1,1500.0,0,1500.0,0
2026-09-29,MH07,Alfredo Moreno,1453.0976640573203,1,1451.0542737980022,1,1500.0,0,1500.0,0,1500.0,0
2026-09-29,PB61,Milan Petercak,1453.095302732061,1,1500.0,0,1500.0,0,1500.0,0,1436.554085435869,1
2026-09-29,TB33,Filip Tomanic,1453.0831974252644,1,1500.0,0,1451.5191723333496,1,1500.0,0,1500.0,0
2026-09-29,BH21,Aliaksandr Bulitski,1453.0826076020448,1,1431.129714240055,1,1500.0,0,1500.0,0,1500.0,0
2026-09-29,104229,Frederik Nielsen,1453.0761252990844,1,1444.18628415642,1,1500.0,0,1500.0,0,1500.0,0
2026-09-29,104169,Max Raditschnigg,1453.0761252990844,1,1500.0,0,1453.0761252990844,1,1500.0,0,1500.0,0
2026-09-29,106071,Jozef Kovalik,1453.0761252990844,1,1500.0,0,1444.18628415642,1,1500.0,0,1500.0,0
2026-09-29,104331,Alexei Filenkov,1453.0761252990844,1,1444.18628415642,1,1500.0,0,1500.0,0,1500.0,0
2026-09-29,L288,Cedric Lenoir,1453.0734747201107,1,1443.8170315081952,1,1500.0,0,1500.0,0,1500.0,0
2026-09-29,A0F7,Kaya Arinc,1453.065481186826,1,1448.9370432252558,1,1500.0,0,1500.0,0,1500.0,0
2026-09-29,R934,Nicolas Reissig,1453.0561090440283,29,1369.2572004161552,5,1474.3271381257882,20,1500.0,0,1500.0,0
2026-09-29,SO59,Filippo Sassi,1453.054918419873,1,1457.574802849206,1,1500.0,0,1500.0,0,1500.0,0
2026-09-29,SQ33,Christoffer Solberg,1453.0210232070042,2,1425.089624545569,2,1500.0,0,1500.0,0,1500.0,0
2026-09-29,P0IZ,Enrique Pena,1453.0194878911827,1,1500.0,0,1446.7415370272688,1,1500.0,0,1500.0,0
2026-09-29,105292,Thomas Schoorel,1453.0180423893378,1,1500.0,0,1459.0195258418378,1,1500.0,0,1500.0,0
2026-09-29,103875,Sebastian Decoud,1452.9925903999713,1,1500.0,0,1444.18628415642,1,1500.0,0,1500.0,0
2026-09-29,E876,Magnus Eriksson,1452.9823831477,1,1436.1630023398604,1,1500.0,0,1500.0,0,1500.0,0
2026-09-29,PF50,Tomas Papik,1452.9614448824093,2,1500.0,0,1424.6653107517313,2,1500.0,0,1500.0,0
2026-09-29,B911,Mauro Batesteza,1452.924013695534,1,1500.0,0,1447.3152690510678,1,1500.0,0,1500.0,0
2026-09-29,BG02,Rok Bonin,1452.8980693941226,1,1500.0,0,1453.7510872290504,1,1500.0,0,1500.0,0
2026-09-29,R0LE,Pedro Rodrigues Longobardi,1452.8572537302286,1,1500.0,0,1450.8147881141158,1,1500.0,0,1500.0,0
2026-09-29,BM18,Rodrigo Banzer,1452.830685547781,2,1500.0,0,1411.6533768600807,1,1500.0,0,1500.0,0
2026-09-29,P0IA,Drazen Petrovic,1452.8062749149194,1,1500.0,0,1452.7680652760853,1,1500.0,0,1500.0,0
2026-09-29,AC56,Juan Ignacio Ameal,1452.7747074607664,1,1500.0,0,1451.5032227031577,1,1500.0,0,1500.0,0
2026-09-29,SG50,Edward Seator,1452.774180111676,1,1500.0,0,1500.0,0,1416.27942623463,1,1500.0,0
2026-09-29,V432,Ordan Van Der Werf,1452.7428117004774,1,1500.0,0,1441.8507692479197,1,1500.0,0,1500.0,0
2026-09-29,T322,John Thivolle,1452.7325594206056,1,1500.0,0,1451.3123781582844,1,1500.0,0,1500.0,0
2026-09-29,V784,Gavin Van Peperzeel,1452.7302265348935,37,1420.6149564866732,29,1548.607193883178,7,1500.0,0,1429.1296354329072,1
2026-09-29,O0BI,Carl Emil Overbeck,1452.67078500091,15,1419.8407048150086,15,1500.0,0,1500.0,0,1500.0,0
2026-09-29,E739,Gregorio Espinosa Muller,1452.6668366792699,1,1456.1328241292856,1,1500.0,0,1500.0,0,1500.0,0
2026-09-29,KA31,Andrej Kurtis,1452.645440792952,1,1500.0,0,1456.995182860398,1,1500.0,0,1500.0,0
2026-09-29,O0AD,Neil Oberleitner,1452.6305287381692,42,1430.5374114318256,16,1426.4952387553035,26,1500.0,0,1500.0,0
2026-09-29,AD24,Hasan Abdulnabi,1452.6129623234947,1,1456.7671373862047,1,1500.0,0,1500.0,0,1500.0,0
2026-09-29,J507,Morgan Johansson,1452.5560566726283,2,1500.0,0,1439.7188882677951,2,1500.0,0,1500.0,0
2026-09-29,PJ31,Victor Hugo Portugal Pereira,1452.5272092584767,1,1500.0,0,1446.084111013295,1,1500.0,0,1500.0,0
2026-09-29,K0K5,Adam Jilly,1452.5044067193344,2,1436.892012891797,1,1473.2382559055584,1,1500.0,0,1500.0,0
2026-09-29,R882,Georgi Rumenov Payakov,1452.4194294612205,4,1538.3182461018814,2,1382.123701545566,2,1500.0,0,1500.0,0
2026-09-29,W725,Paul Woerner,1452.4071920956467,1,1453.753299127656,1,1500.0,0,1500.0,0,1500.0,0
2026-09-29,BP79,Peter Bertran,1452.4054290625802,20,1481.7679341946412,4,1423.4075094032144,16,1500.0,0,1500.0,0
2026-09-29,L0FV,Thijmen Loof,1452.3941601459712,2,1500.0,0,1500.0,0,1399.1185336032972,2,1500.0,0
2026-09-29,RG95,Raswant Ravi,1452.3854917534059,1,1452.0896823740752,1,1500.0,0,1500.0,0,1500.0,0
2026-09-29,K745,Tom Krug,1452.371983128966,1,1440.3047798244659,1,1500.0,0,1500.0,0,1500.0,0
2026-09-29,BF83,Pascal Benz,1452.311087825918,1,1500.0,0,1451.5884049797855,1,1500.0,0,1500.0,0
2026-09-29,S0E6,Stijn Slump,1452.2979275927325,2,1500.0,0,1448.4345571605038,2,1500.0,0,1500.0,0
2026-09-29,LD60,Arturs Lazdins,1452.2808581927782,2,1470.5323067265285,1,1500.0,0,1500.0,0,1500.0,0
2026-09-29,SA47,Lukasz Senczyszyn,1452.2728275855304,1,1500.0,0,1454.0568716741286,1,1500.0,0,1500.0,0
2026-09-29,H0K7,Ludvig Fredrik Hede,1452.2679029469728,2,1500.0,0,1423.8588993513272,2,1500.0,0,1500.0,0
2026-09-29,S683,Piotr Szczepanik,1452.2629431370528,1,1500.0,0,1458.5660745455261,1,1500.0,0,1500.0,0
2026-09-29,C445,Frantisek Cermak,1452.2459631448592,140,1455.0210323859565,44,1479.6745614959077,83,1529.8912126325538,7,1441.4180605648492,3
2026-09-29,PH16,Alexandre Pierson,1452.239198433551,2,1500.0,0,1437.8599443776477,2,1500.0,0,1500.0,0
2026-09-29,D539,Danny Dauber,1452.2378970281188,1,1450.7325196114489,1,1500.0,0,1500.0,0,1500.0,0
2026-09-29,CN78,Lucas Catarina,1452.1862778758725,41,1455.3402045723742,19,1406.705455694206,20,1500.0,0,1500.0,0
2026-09-29,BF13,Marko Boskovic,1452.1480292984422,1,1500.0,0,1431.1768844243247,1,1500.0,0,1500.0,0
2026-09-29,H875,Chris Harfield,1452.0977134015554,1,1500.0,0,1500.0,0,1435.8764526267316,1,1500.0,0
2026-09-29,D754,Xavier Dejuan,1452.0472782723,1,1500.0,0,1458.1723364614484,1,1500.0,0,1500.0,0
2026-09-29,CA90,John Carver,1452.0386262934392,1,1450.6628952287306,1,1500.0,0,1500.0,0,1500.0,0
2026-09-29,FC03,James Frawley,1452.0314788055487,5,1432.4007497064792,5,1500.0,0,1500.0,0,1500.0,0
2026-09-29,SB29,Prima Simpatiaji,1452.0288567911255,21,1470.7113832167784,21,1500.0,0,1500.0,0,1500.0,0
2026-09-29,D481,Ernest Diaz,1451.9409643421122,1,1440.9031244009152,1,1500.0,0,1500.0,0,1500.0,0
2026-09-29,O151,Johan Ortegren,1451.8780802839958,28,1461.9856606418498,8,1435.3421939234797,20,1500.0,0,1500.0,0
2026-09-29,M0ZW,Bruno Malacarne,1451.861340153478,1,1500.0,0,1450.314816675358,1,1500.0,0,1500.0,0
2026-09-29,GD92,Pedro Dumont,1451.8529563974423,3,1471.0319585945983,3,1500.0,0,1500.0,0,1500.0,0
2026-09-29,DB16,Gonzalo De Urruticoechea,1451.780910363183,1,1500.0,0,1450.3031317020968,1,1500.0,0,1500.0,0
2026-09-29,TG29,Azizkhon Turgunov,1451.7595425597729,1,1456.8548936138643,1,1500.0,0,1500.0,0,1500.0,0
2026-09-29,E629,Colin Ebelthite,1451.746008232627,74,1418.1060338661298,57,1585.0913706141175,5,1359.5131592490832,3,1457.991679362692,9
2026-09-29,Z350,Michael Zhu,1451.714420102985,1,1500.0,0,1443.7641242102757,1,1500.0,0,1500.0,0
2026-09-29,LB06,Antoine Leduc,1451.67783880361,1,1445.6140244190726,1,1500.0,0,1500.0,0,1500.0,0
2026-09-29,PA97,Vijay Sundar Prashanth,1451.6777297133751,44,1447.7902189835404,40,1391.1636721378889,3,1450.6458029642408,1,1500.0,0
2026-09-29,RF12,Alberto Romero De Avila Senise,1451.6681175516592,2,1475.741234578004,1,1440.8685756856544,1,1500.0,0,1500.0,0
2026-09-29,H903,Damian Hume,1451.60366542795,1,1441.6524395763656,1,1500.0,0,1500.0,0,1500.0,0
2026-09-29,CG84,Gregorio Cordonnier,1451.5796866571834,2,1500.0,0,1452.0633192470023,2,1500.0,0,1500.0,0
2026-09-29,MK18,Amer Mezri,1451.5757054194962,1,1444.167042189261,1,1500.0,0,1500.0,0,1500.0,0
2026-09-29,PB68,Michael Pille,1451.5284758210255,1,1500.0,0,1500.0,0,1500.0,0,1456.1720712320398,1
2026-09-29,I329,James Ireland,1451.4988189228695,1,1500.0,0,1500.0,0,1456.816542236875,1,1500.0,0
2026-09-29,C546,Teodor-Dacian Craciun,1451.4945634762744,80,1273.514543380692,17,1531.9774169238221,61,1500.0,0,1429.082581380768,1
2026-09-29,C879,Lado Chikhladze,1451.4737123166128,22,1444.3304658285547,6,1379.781576542834,10,1500.0,0,1544.5282270873358,6
2026-09-29,J0DL,Nicolas Jadoun,1451.4303156691353,1,1441.4821337674784,1,1500.0,0,1500.0,0,1500.0,0
2026-09-29,N642,Jaber Nouh,1451.4008628762742,1,1439.6571521150852,1,1500.0,0,1500.0,0,1500.0,0
2026-09-29,Z09F,Patrick Zahraj,1451.3856239337163,67,1505.503686688115,41,1373.9925679406997,19,1488.1967887049498,7,1500.0,0
2026-09-29,F591,Matteo Fago,1451.3433602876787,1,1500.0,0,1447.4323211126496,1,1500.0,0,1500.0,0
2026-09-29,H0EH,Tim Handel,1451.3189932623052,10,1444.8452029980956,6,1488.8356972939328,4,1500.0,0,1500.0,0
2026-09-29,G822,Riccardo Ghedin,1451.3149184666293,192,1410.8720844873164,111,1511.2843598211175,60,1581.4651920889128,16,1368.4914810844423,3
2026-09-29,K0NT,Mickael Kaouk,1451.3052382430756,5,1418.3884973399452,2,1486.6192286834678,3,1500.0,0,1500.0,0
2026-09-29,N0EK,David Naharro,1451.283036828691,1,1500.0,0,1450.484374400216,1,1500.0,0,1500.0,0
2026-09-29,B19D,Bienvenue Bolangi,1451.2715399078043,1,1500.0,0,1434.7068441476463,1,1500.0,0,1500.0,0
2026-09-29,LB21,Edgar Lopez,1451.2674167692414,1,1440.0665121741845,1,1500.0,0,1500.0,0,1500.0,0
2026-09-29,F836,Raul Francisquiny,1451.251737723984,1,1500.0,0,1453.165003064909,1,1500.0,0,1500.0,0
2026-09-29,M917,Mohamed Mamoun,1451.2450447520068,26,1325.0891326060669,5,1516.3012076491686,19,1500.0,0,1372.6638192178773,2
2026-09-29,D353,Jose De Armas,1451.1798220441106,122,1512.6086068047532,83,1336.509201634375,34,1344.242349789684,2,1500.4807351491493,2
2026-09-29,B09M,Sam Bloom,1451.1717318515368,1,1448.360850373032,1,1500.0,0,1500.0,0,1500.0,0
2026-09-29,SD74,Tobias Scheil,1451.1526225648145,1,1500.0,0,1444.8048520444108,1,1500.0,0,1500.0,0
2026-09-29,S825,Michele Scardigno,1451.1506951684773,1,1500.0,0,1463.0473809048606,1,1500.0,0,1500.0,0
2026-09-29,S585,Jimy Szymanski,1451.1296555535798,68,1445.7470526166044,45,1521.0855810290152,23,1500.0,0,1500.0,0
2026-09-29,L968,Juan Lopez Vico,1451.1128447945785,1,1500.0,0,1453.9158553821046,1,1500.0,0,1500.0,0
2026-09-29,V676,Yury Vaschenko,1451.1026363629617,1,1500.0,0,1500.0,0,1500.0,0,1440.9031244009152,1
2026-09-29,GA52,Sami Ghorbel,1451.0957516329547,1,1436.4483996507456,1,1500.0,0,1500.0,0,1500.0,0
2026-09-29,G551,Santiago Gonzalez,1451.0769438144778,315,1385.971021900438,150,1519.7441344078704,138,1536.7468905037638,21,1384.8084474436125,3
2026-09-29,Z0DF,Damir Zhalgasbay,1451.0472913845886,1,1500.0,0,1457.320960924948,1,1500.0,0,1500.0,0
2026-09-29,V457,Nick Van Der Meer,1451.0084498367346,34,1368.8376962758196,3,1460.2288307316348,31,1500.0,0,1500.0,0
2026-09-29,D884,Paul Doucas,1450.9885186421163,1,1500.0,0,1447.341109214654,1,1500.0,0,1500.0,0
2026-09-29,TB26,Alexey Tumakov,1450.8924484361785,1,1449.228446152662,1,1500.0,0,1500.0,0,1500.0,0
2026-09-29,PE94,Marc Powers,1450.891120062396,2,1436.7040935473906,2,1500.0,0,1500.0,0,1500.0,0
2026-09-29,M919,Marcelo Melo,1450.8651832153548,58,1328.194405304342,27,1441.684346855944,24,1517.1027328514253,7,1500.0,0
2026-09-29,J151,Miklos Jancso,1450.8357828924088,1,1451.6334292452177,1,1500.0,0,1500.0,0,1500.0,0
2026-09-29,SY74,Manish Sureshkumar,1450.7772001417484,13,1431.4658618579485,13,1500.0,0,1500.0,0,1500.0,0
2026-09-29,L565,Albert Loncaric,1450.7112203491952,1,1500.0,0,1450.7160242618606,1,1500.0,0,1500.0,0
2026-09-29,C428,Daniel Chavez,1450.6937169332675,1,1455.579058729484,1,1500.0,0,1500.0,0,1500.0,0
2026-09-29,T818,Dmitro Tolok,1450.6853212220558,3,1472.380772134397,3,1500.0,0,1500.0,0,1500.0,0
2026-09-29,F0C4,Diego Fernandez Flores,1450.6241948511533,9,1434.3648396777376,2,1460.1376611320475,7,1500.0,0,1500.0,0
2026-09-29,B503,George Bastl,1450.6061817567531,447,1506.1181728395218,277,1379.2083885822954,65,1270.9017597367845,42,1533.3107935818616,62
2026-09-29,RC53,Gabriel Roveri Sidney,1450.5608397939113,1,1500.0,0,1448.5388501186749,1,1500.0,0,1500.0,0
2026-09-29,C336,Emanuel Couto,1450.5500949810964,25,1391.3713569041047,2,1488.628703686747,22,1500.0,0,1461.3552346156332,1
2026-09-29,BJ97,Tony Bourcet,1450.5363424952754,1,1448.3629681339714,1,1500.0,0,1500.0,0,1500.0,0
2026-09-29,N264,Lazaro Navarro-Batles,1450.418921922387,17,1477.3007419954422,8,1452.9342413848121,9,1500.0,0,1500.0,0
2026-09-29,PB06,Tonci Peric,1450.3741052842433,1,1500.0,0,1454.3393429424061,1,1500.0,0,1500.0,0
2026-09-29,G560,Thiago Gomes,1450.3638121082533,1,1454.4342399041127,1,1500.0,0,1500.0,0,1500.0,0
2026-09-29,LA58,Kevin Lietar,1450.3348683137265,1,1500.0,0,1500.0,0,1444.18628415642,1,1500.0,0
2026-09-29,L823,Anthony Law,1450.3053553236841,1,1440.415938263255,1,1500.0,0,1500.0,0,1500.0,0
2026-09-29,A0ES,Pedro Araujo,1450.2909001726418,27,1492.4291578510074,6,1342.036222242796,21,1500.0,0,1500.0,0
2026-09-29,C435,Kacper Cecek,1450.2615315672772,1,1500.0,0,1450.4207400568696,1,1500.0,0,1500.0,0
2026-09-29,C493,Jeff Coetzee,1450.2476848486517,29,1476.9847172107252,25,1434.6756154751695,1,1429.7501568516968,1,1396.3058274185328,2
2026-09-29,V547,Luis Valencia,1450.2102946698842,1,1438.6947776952072,1,1500.0,0,1500.0,0,1500.0,0
2026-09-29,B688,Fabrice Betencourt,1450.2033051351568,1,1440.9031244009152,1,1500.0,0,1500.0,0,1500.0,0
2026-09-29,S09P,Sanhui Shin,1450.2003723839389,29,1424.612311655678,29,1500.0,0,1500.0,0,1500.0,0
2026-09-29,K443,Jun Kato,1450.19555253011,23,1441.6193846891224,9,1434.2635278961259,5,1413.1435926067902,1,1482.986019433209,8
2026-09-29,C660,Adam Chadaj,1450.0919119640673,90,1452.9480947197876,38,1447.9843873030363,45,1500.0,0,1504.5840620032861,7
2026-09-29,BD15,Ionut Mihai Beleleu,1450.0889715485166,1,1450.73937500976,1,1500.0,0,1500.0,0,1500.0,0
2026-09-29,MB99,Vahid Mirzadeh,1450.0665627977821,6,1516.8681844351204,5,1415.6574935265935,1,1500.0,0,1500.0,0
2026-09-29,Z211,Adrians Zguns,1450.0344830149747,5,1509.974377616916,2,1368.4430985541248,2,1500.0,0,1565.6631951100942,1
2026-09-29,H807,Sami Huurinainen,1449.9895606216992,1,1500.0,0,1456.5490382704993,1,1500.0,0,1500.0,0
2026-09-29,117462,Maxime Bonami,1449.98063107424,1,1457.9280091651306,1,1500.0,0,1500.0,0,1500.0,0
2026-09-29,KD25,Alfredo Krywacz,1449.9789588879169,1,1449.9226012993322,1,1500.0,0,1500.0,0,1500.0,0
2026-09-29,ME78,Stephen Mitchell,1449.920104967902,1,1450.964985407573,1,1500.0,0,1500.0,0,1500.0,0
2026-09-29,M0E2,Matvey Minin,1449.9097249465058,1,1500.0,0,1447.4306377404937,1,1500.0,0,1500.0,0
2026-09-29,102562,Juan Antonio Marin,1449.9082565356612,1,1500.0,0,1449.9082565356612,1,1500.0,0,1500.0,0
2026-09-29,PB66,Egor Puntus,1449.9067395448753,1,1448.7179843973372,1,1500.0,0,1500.0,0,1500.0,0
2026-09-29,M611,Daniel Melo,1449.8715346928043,117,1531.0255856105223,65,1360.5953750796996,50,1500.0,0,1500.0,0
2026-09-29,KH41,Patrick Kaukovalta,1449.8708558853125,7,1506.4974691632235,4,1394.8881651707063,3,1500.0,0,1500.0,0
2026-09-29,BE06,Alexander Blom,1449.8658906196272,17,1479.5395086770661,9,1485.0751389722052,8,1500.0,0,1500.0,0
2026-09-29,G605,Angel Garcia-Lopez,1449.8539222460336,1,1433.1697183708225,1,1500.0,0,1500.0,0,1500.0,0
2026-09-29,T796,Mario Toledo,1449.8473621688581,1,1448.0977334476433,1,1500.0,0,1500.0,0,1500.0,0
2026-09-29,L567,Matt Lautenschlager,1449.842284048592,1,1500.0,0,1450.4632392794504,1,1500.0,0,1500.0,0
2026-09-29,ME56,Andres Molteni,1449.8139642893645,167,1299.2496078566246,11,1500.0851364732944,154,1390.2049526699116,2,1500.0,0
2026-09-29,C733,Francisco Carrillo,1449.779890498399,1,1422.0687548307858,1,1500.0,0,1500.0,0,1500.0,0
2026-09-29,C0MS,Ethan Cook,1449.741331869376,1,1444.9092715593915,1,1500.0,0,1500.0,0,1500.0,0
2026-09-29,105032,Michael Venus,1449.721340219484,5,1459.2268505657014,5,1500.0,0,1500.0,0,1500.0,0
2026-09-29,M729,Giuseppe Menga,1449.7065991088596,12,1460.756100677237,9,1452.8294794842666,1,1441.8180641346141,1,1447.6072168707094,1
2026-09-29,PE69,David Pel,1449.693602630928,1,1500.0,0,1500.0,0,1444.18628415642,1,1500.0,0
2026-09-29,110256,Tobias Blomgren,1449.6788139930832,1,1500.0,0,1444.18628415642,1,1500.0,0,1500.0,0
2026-09-29,R0BI,Austin Rapp,1449.6319722167004,1,1448.8628287822373,1,1500.0,0,1500.0,0,1500.0,0
2026-09-29,RH17,Justin Roberts,1449.6222282574463,1,1500.0,0,1452.6309205412838,1,1500.0,0,1500.0,0
2026-09-29,S0F4,Damien Salvestre,1449.6133345274463,1,1446.2585760949487,1,1500.0,0,1500.0,0,1500.0,0
2026-09-29,F378,John Paul Fruttero,1449.6054423354944,124,1455.2167811208064,113,1473.4968359705745,7,1445.3755877361214,1,1349.880750131478,3
2026-09-29,KH89,Daniel Knoflicek,1449.5930085981743,1,1500.0,0,1448.433351246047,1,1500.0,0,1500.0,0
2026-09-29,GB48,Alexandros Georgoudas,1449.59186099195,2,1485.4824697141462,1,1466.1642769809853,1,1500.0,0,1500.0,0
2026-09-29,G759,Inam Gul,1449.5698415605887,1,1500.0,0,1500.0,0,1500.0,0,1470.4525144401575,1
2026-09-29,AE03,Andres Arce,1449.5628562149866,1,1500.0,0,1453.7945115105588,1,1500.0,0,1500.0,0
2026-09-29,103233,Kevin Kim,1449.5604195199437,1,1444.18628415642,1,1500.0,0,1500.0,0,1500.0,0
2026-09-29,T0EI,Aristotelis Thanos,1449.555066747959,16,1419.8714506256113,9,1514.5318580939388,7,1500.0,0,1500.0,0
2026-09-29,A922,Anthony Azcoaga,1449.5432990667766,1,1439.026111867003,1,1500.0,0,1500.0,0,1500.0,0
2026-09-29,SZ28,Kyle Seelig,1449.540013026237,13,1420.875080456226,12,1485.2446177043273,1,1500.0,0,1500.0,0
2026-09-29,111166,Sebastian Lavie,1449.5270438848897,1,1500.0,0,1500.0,0,1444.18628415642,1,1500.0,0
2026-09-29,TA04,Finn Tearney,1449.5217103459825,30,1458.0215599064675,28,1500.0,0,1500.0,0,1500.0,0
2026-09-29,G716,Rohan Gajjar,1449.454731893214,7,1467.163688622441,7,1500.0,0,1500.0,0,1500.0,0
2026-09-29,SF55,Victor Schmid,1449.4366367271277,2,1500.0,0,1436.6299207948157,2,1500.0,0,1500.0,0
2026-09-29,G864,Luis Henrique Grangeiro,1449.4192917709513,3,1434.6100277033242,1,1507.3686025487345,2,1500.0,0,1500.0,0
2026-09-29,B0MR,Evan Bynoe,1449.4053671481984,1,1448.3790073747182,1,1500.0,0,1500.0,0,1500.0,0
2026-09-29,MA03,Jordi Marse-Vidri,1449.399728790296,1,1500.0,0,1447.6576335869697,1,1500.0,0,1500.0,0
2026-09-29,SN34,Daniil Sirota,1449.3796643921796,1,1500.0,0,1455.084642109739,1,1500.0,0,1500.0,0
2026-09-29,BB02,Matthew Behrmann,1449.3766545330282,2,1435.7530866627717,2,1500.0,0,1500.0,0,1500.0,0
2026-09-29,L633,David Luque-Velasco,1449.3750050823696,1,1500.0,0,1447.1357242839383,1,1500.0,0,1500.0,0
2026-09-29,S09V,David Szintai,1449.306839773303,2,1439.1231075453916,2,1500.0,0,1500.0,0,1500.0,0
2026-09-29,C671,Federico Contreras,1449.2952166791933,1,1441.3975307359347,1,1500.0,0,1500.0,0,1500.0,0
2026-09-29,S476,Naratorn Srichaphan,1449.2672871841644,1,1450.9852389779942,1,1500.0,0,1500.0,0,1500.0,0
2026-09-29,T833,Giulio Torroni,1449.2454221144458,1,1500.0,0,1449.4597515212613,1,1500.0,0,1500.0,0
2026-09-29,SL85,Juan Carlos Saez,1449.2307300218622,47,1500.0,0,1451.5213523435266,47,1500.0,0,1500.0,0
2026-09-29,O474,Jonny O'Mara,1449.1906098200727,5,1500.0,0,1500.0,0,1395.9775120913403,5,1500.0,0
2026-09-29,W394,Ludovic Walter,1449.1818484906573,52,1394.4158937035445,44,1455.72173478485,4,1492.577266982203,4,1500.0,0
2026-09-29,J417,Rodolfo Jauregui Sainz de Rozas,1449.1714510463637,1,1444.3999610670267,1,1500.0,0,1500.0,0,1500.0,0
2026-09-29,DC07,Max De Vroome,1449.1638646122049,1,1500.0,0,1500.0,0,1454.5661379334128,1,1500.0,0
2026-09-29,BI50,Lewis Burton,1449.1294523991862,6,1476.3592476579909,1,1500.0,0,1395.2213194675899,5,1500.0,0
2026-09-29,SH37,Marc Sieber,1449.1215262594694,41,1533.3117571767407,14,1380.7715602144867,27,1500.0,0,1500.0,0
2026-09-29,N0DD,Joan Nadal,1449.1193570359424,2,1500.0,0,1500.0,0,1391.293036581429,2,1500.0,0
2026-09-29,PD26,Grittaboon Prahmanee,1449.0175604772746,1,1445.3268668938476,1,1500.0,0,1500.0,0,1500.0,0
2026-09-29,GE56,Felipe Garces,1449.0094376999396,1,1500.0,0,1449.1892123138002,1,1500.0,0,1500.0,0
2026-09-29,P0K4,Tiago Pereira,1448.9712587303302,46,1432.2216229211754,16,1393.4782216733747,29,1431.415625804892,1,1500.0,0
2026-09-29,P0AO,Rowland Phillips,1448.9679223085825,9,1388.1460638244662,5,1461.0894766466195,3,1500.0,0,1500.0,0
2026-09-29,BH00,Olivier Borsos,1448.950730867896,1,1442.0300516420136,1,1500.0,0,1500.0,0,1500.0,0
2026-09-29,W035,Mark Woodforde,1448.9343968182761,10,1436.8995899558245,9,1500.0,0,1450.7526036674294,1,1500.0,0
2026-09-29,T989,Petar Tomasic,1448.9238138965866,1,1500.0,0,1500.0,0,1500.0,0,1449.0106751140233,1
2026-09-29,SU31,Felipe Santamaria,1448.9138293187173,1,1500.0,0,1441.0326597453368,1,1500.0,0,1500.0,0
2026-09-29,H963,Filip Havaj,1448.9011831428616,1,1445.6546069796036,1,1500.0,0,1500.0,0,1500.0,0
2026-09-29,V931,Joy Vigani,1448.8948882353702,1,1500.0,0,1448.7580607753825,1,1500.0,0,1500.0,0
2026-09-29,L459,Jeff Laski,1448.8860151162748,1,1500.0,0,1500.0,0,1467.7923350444187,1,1500.0,0
2026-09-29,TB79,Maxime Tchoutakian,1448.869700616136,5,1420.4642198923473,5,1500.0,0,1500.0,0,1500.0,0
2026-09-29,PA16,Martin Pucalka,1448.860604411934,1,1500.0,0,1500.0,0,1500.0,0,1442.0753219054554,1
2026-09-29,CD39,Charles Costa,1448.8435478821953,1,1500.0,0,1454.3822588642502,1,1500.0,0,1500.0,0
2026-09-29,T0D5,Ilya Tiraspolsky,1448.8364804583828,1,1467.2780221870153,1,1500.0,0,1500.0,0,1500.0,0
2026-09-29,H779,Nicolai Horgen,1448.8308012337284,1,1448.370629823115,1,1500.0,0,1500.0,0,1500.0,0
2026-09-29,I082,Andres Intriago,1448.817950800169,1,1500.0,0,1451.0235352516183,1,1500.0,0,1500.0,0
2026-09-29,FB59,Francesco Ferrari,1448.7539572876346,1,1441.520014725015,1,1500.0,0,1500.0,0,1500.0,0
2026-09-29,A228,Lucas Arnold Ker,1448.7416679542423,4,1500.0,0,1454.455036908793,3,1500.0,0,1460.1032396960466,1
2026-09-29,SM00,Naveen Saai,1448.7384229560857,1,1447.8432185933161,1,1500.0,0,1500.0,0,1500.0,0
2026-09-29,A536,Stephen Amritraj,1448.6634571731252,4,1451.4477308141147,4,1500.0,0,1500.0,0,1500.0,0
2026-09-29,S0M9,Marko Stakusic,1448.6595009602295,2,1449.338201860308,2,1500.0,0,1500.0,0,1500.0,0
2026-09-29,MP94,Adam Moundir,1448.6188585086397,6,1409.8726417139364,2,1495.0421561412866,4,1500.0,0,1500.0,0
2026-09-29,AG31,Lucas Andriamasilalao,1448.6162080686222,1,1500.0,0,1500.0,0,1500.0,0,1500.0,0
2026-09-29,H715,Travis Helgeson,1448.5953374184376,10,1442.5031048754654,10,1500.0,0,1500.0,0,1500.0,0
2026-09-29,D547,Serge Dakessian,1448.5931540640083,1,1500.0,0,1446.6010714912359,1,1500.0,0,1500.0,0
2026-09-29,P0PV,Daniel Phillips,1448.5721386068851,1,1442.7803517684897,1,1500.0,0,1500.0,0,1500.0,0
2026-09-29,CD13,Ignacio Carbonell,1448.5714551284216,1,1500.0,0,1448.6164510857805,1,1500.0,0,1500.0,0
2026-09-29,KB01,Nicolas Gustavo Kauer,1448.5629066612619,2,1500.0,0,1450.2352361514024,2,1500.0,0,1500.0,0
2026-09-29,G231,Thierry Guardiola,1448.554058980841,43,1478.139845327064,12,1441.4210304354951,30,1500.0,0,1435.2095795894302,1
2026-09-29,BD91,Denis Bejtulahi,1448.5462893850327,2,1500.0,0,1454.9894936890146,2,1500.0,0,1500.0,0
2026-09-29,P0J3,Alexander Petrov,1448.50578481685,1,1442.6575206461696,1,1500.0,0,1500.0,0,1500.0,0
2026-09-29,HB83,Mitchell Harper,1448.4849745603901,1,1441.184634239879,1,1500.0,0,1500.0,0,1500.0,0
2026-09-29,V143,David Valeriano,1448.4630836182944,1,1500.0,0,1453.2606904129866,1,1500.0,0,1500.0,0
2026-09-29,W610,Daniel Whitehead,1448.4069317306728,1,1500.0,0,1434.619025790845,1,1500.0,0,1500.0,0
2026-09-29,B0NA,Victor Braga,1448.3966986388837,2,1500.0,0,1447.9454727457007,2,1500.0,0,1500.0,0
2026-09-29,B905,Nicolas Bruns,1448.3399958657333,1,1500.0,0,1500.0,0,1500.0,0,1471.1479408874086,1
2026-09-29,D912,Alexandre Desmarais,1448.3271769076853,1,1500.0,0,1500.0,0,1500.0,0,1451.1345027450313,1
2026-09-29,AC74,Manuel Arias,1448.3242399258895,1,1429.8667146835062,1,1500.0,0,1500.0,0,1500.0,0
2026-09-29,J203,Shan Jiang,1448.3237606268274,1,1460.7291767034108,1,1500.0,0,1500.0,0,1500.0,0
2026-09-29,MP22,Mladen Mitak,1448.3212897256933,4,1387.0276707260655,2,1503.9935360937097,2,1500.0,0,1500.0,0
2026-09-29,BK42,Daniel Bustamante,1448.3183690299945,1,1500.0,0,1449.6325511924508,1,1500.0,0,1500.0,0
2026-09-29,G597,Stefano Grilli,1448.2925662492373,1,1500.0,0,1445.7325143485425,1,1500.0,0,1500.0,0
2026-09-29,W224,Rogier Wassen,1448.2686170626353,100,1440.2518241147473,33,1450.0414040365968,56,1476.6053963711256,5,1377.6913445224839,2
2026-09-29,SL66,Jakob Sude,1448.252488360669,2,1491.507184204998,1,1471.4210538831596,1,1500.0,0,1500.0,0
2026-09-29,LF40,Ivan Liutarevich,1448.249967482448,1,1451.9673614956268,1,1500.0,0,1500.0,0,1500.0,0
2026-09-29,B0CI,Christopher Bulus,1448.2461182065686,3,1461.1696265503065,3,1500.0,0,1500.0,0,1500.0,0
2026-09-29,CC09,Soong-Jae Cho,1448.211484824071,9,1439.433356937071,9,1500.0,0,1500.0,0,1500.0,0
2026-09-29,P272,German Puentes,1448.2025990833872,120,1420.6134115089724,5,1442.872872084596,112,1484.1692316957242,2,1500.0,0
2026-09-29,L953,Marko Lovrinovic,1448.1993877709938,1,1436.2569966733658,1,1500.0,0,1500.0,0,1500.0,0
2026-09-29,D347,Mariano Delfino,1448.193113474576,149,1336.1353627658593,14,1461.0152684895543,133,1500.0,0,1500.0,0
2026-09-29,MF11,Pfungwa Mahefu,1448.165718086846,2,1500.0,0,1446.213695347596,2,1500.0,0,1500.0,0
2026-09-29,U09B,Pedro Uribe,1448.120022337772,1,1500.0,0,1449.0153278899795,1,1500.0,0,1500.0,0
2026-09-29,105513,Tomislav Brkic,1448.1183503896343,1,1500.0,0,1448.1963843929063,1,1500.0,0,1500.0,0
2026-09-29,GC96,Farris Fathi Gosea,1448.1165127247496,1,1438.2311963919938,1,1500.0,0,1500.0,0,1500.0,0
2026-09-29,K308,Vadim Kutsenko,1448.0917396739378,192,1438.669708131949,99,1486.1025006298075,88,1500.0,0,1555.3292699915298,3
2026-09-29,BH36,Brian Brogan,1448.055468625097,1,1445.3611178994586,1,1500.0,0,1500.0,0,1500.0,0
2026-09-29,V791,Julio Cesar Vasquez Bonilla,1448.0450029999606,1,1442.7657456141635,1,1500.0,0,1500.0,0,1500.0,0
2026-09-29,P0F0,Christopher Papa,1447.9833461819428,3,1438.3344927576409,3,1500.0,0,1500.0,0,1500.0,0
2026-09-29,KA78,Georgy Kurochkin,1447.9821758640273,1,1458.783323380191,1,1500.0,0,1500.0,0,1500.0,0
2026-09-29,K909,Andriej Kapas,1447.9292502534497,40,1514.0534345478388,18,1422.1966744740396,21,1500.0,0,1440.9031244009152,1
2026-09-29,K881,Gustavo Kodama,1447.905771383295,1,1500.0,0,1449.454853047551,1,1500.0,0,1500.0,0
2026-09-29,C972,Guillermo Celard,1447.8683720601284,1,1452.6211832380977,1,1500.0,0,1500.0,0,1500.0,0
2026-09-29,MW30,Ewan Moore,1447.8315262887425,1,1424.6619414683669,1,1500.0,0,1500.0,0,1500.0,0
2026-09-29,T771,Leonardo Tavares,1447.8280824643211,104,1430.4761297006582,18,1454.847667237285,82,1500.0,0,1483.883929575604,3
2026-09-29,R766,Marc Riutort,1447.821386649954,1,1500.0,0,1455.716227736005,1,1500.0,0,1500.0,0
2026-09-29,MC29,Fernando Maniero,1447.6907200048438,1,1445.7413201580089,1,1500.0,0,1500.0,0,1500.0,0
2026-09-29,ML07,Nima Madani,1447.593517859492,1,1500.0,0,1444.18628415642,1,1500.0,0,1500.0,0
2026-09-29,P499,Mark Parsons,1447.5641283979373,1,1455.3988786807254,1,1500.0,0,1500.0,0,1500.0,0
2026-09-29,A492,Husain Al-Ashwak,1447.560806833497,5,1442.4682392596058,5,1500.0,0,1500.0,0,1500.0,0
2026-09-29,A323,Geoff Abrams,1447.5373825534205,1,1450.6287705471964,1,1500.0,0,1500.0,0,1500.0,0
2026-09-29,G0L1,Segundo Goity Zapico,1447.4931948131511,4,1500.0,0,1429.8321104624385,4,1500.0,0,1500.0,0
2026-09-29,V226,Ivan Vajda,1447.4596587893836,33,1474.5307877466107,7,1385.1811749095873,22,1500.0,0,1541.837271888861,4
2026-09-29,F431,Will Farah,1447.4505085624337,4,1385.7989929937487,3,1500.0,0,1500.0,0,1565.6631951100942,1
2026-09-29,GA02,Llaurentiu-Ady Gavrila,1447.402646338153,2,1500.0,0,1445.9479376731574,2,1500.0,0,1500.0,0
2026-09-29,L0CI,Francisco Llanes,1447.3997049818674,8,1386.0319222007504,2,1499.9142523038456,6,1500.0,0,1500.0,0
2026-09-29,BM00,Daniel Brown,1447.3838645091778,1,1449.149002340234,1,1500.0,0,1500.0,0,1500.0,0
2026-09-29,BV17,Riccardo Balzerani,1447.2950965700602,13,1500.0,0,1416.2986817676267,13,1500.0,0,1500.0,0
2026-09-29,B0AR,Bruno Britez,1447.2490032604119,3,1457.0179335125072,1,1500.0,0,1500.0,0,1500.0,0
2026-09-29,F367,Hayato Furukawa,1447.226124297929,1,1500.0,0,1500.0,0,1500.0,0,1454.675918309309,1
2026-09-29,F428,Jaime Fillol,1447.2131630963893,1,1500.0,0,1422.5087114535295,1,1500.0,0,1500.0,0
2026-09-29,A0IA,Erik Arutiunian,1447.2099941764045,11,1423.7105458111748,10,1486.503695166416,1,1500.0,0,1500.0,0
2026-09-29,MP33,Juan Montes,1447.1935637822007,3,1458.8237842274314,3,1500.0,0,1500.0,0,1500.0,0
2026-09-29,M0RF,Viktor Markov,1447.1920743135418,1,1500.0,0,1447.7134267910317,1,1500.0,0,1500.0,0
2026-09-29,122669,Michael Mmoh,1447.1840389503757,1,1500.0,0,1500.0,0,1444.18628415642,1,1500.0,0
2026-09-29,Y186,Chun Ming Gary Yam,1447.1769401642962,1,1500.0,0,1442.979805472026,1,1500.0,0,1500.0,0
2026-09-29,D572,Dias Doskarayev,1447.153782319537,7,1487.6838884183787,4,1505.43495267386,2,1500.0,0,1422.065593975427,1
2026-09-29,SB58,Samir Saadeldin,1447.149366037696,3,1447.8926299327854,3,1500.0,0,1500.0,0,1500.0,0
2026-09-29,103852,Diego Junqueira,1447.0842992060325,4,1421.14178117066,2,1503.9255357634552,2,1500.0,0,1500.0,0
2026-09-29,BB68,Stephen Bass,1447.0332346537502,13,1398.389900858597,4,1486.9916020411197,9,1500.0,0,1500.0,0
2026-09-29,SK04,Daniel Sotomarino,1447.024466820226,1,1500.0,0,1450.4370680840434,1,1500.0,0,1500.0,0
2026-09-29,PF13,Mauricio Perez Mota,1446.9658712966605,1,1500.0,0,1456.295922148221,1,1500.0,0,1500.0,0
2026-09-29,A930,Hamad Abbas Janahi,1446.9245060471283,3,1431.4683183493325,3,1500.0,0,1500.0,0,1500.0,0
2026-09-29,K136,Alaaddin Karagoz,1446.906926807776,1,1475.1327387999906,1,1500.0,0,1500.0,0,1500.0,0
2026-09-29,W292,Jeremy Wurtzman,1446.889653429435,5,1422.014216972158,5,1500.0,0,1500.0,0,1500.0,0
2026-09-29,S0BG,Daisuke Sumizawa,1446.8558556536548,1,1438.4877050651305,1,1500.0,0,1500.0,0,1500.0,0
2026-09-29,D239,Bartlomiej Dabrowski,1446.8396245748766,23,1518.6502248062643,2,1433.0367048442515,20,1500.0,0,1446.8807560782438,1
2026-09-29,F644,Ibrahim Fetov,1446.8233942492905,1,1430.593164712633,1,1500.0,0,1500.0,0,1500.0,0
2026-09-29,H0CE,Philip Hjorth,1446.820988924542,2,1440.244594275764,2,1500.0,0,1500.0,0,1500.0,0
2026-09-29,O459,Robin Olin,1446.7657351280557,8,1513.2843666210106,2,1450.9592167740789,6,1500.0,0,1500.0,0
2026-09-29,TC78,Nicolo Turchetti,1446.7646382653747,1,1500.0,0,1451.691500771046,1,1500.0,0,1500.0,0
2026-09-29,MG70,Edgars Manusis,1446.726799165788,1,1443.2331696094857,1,1500.0,0,1500.0,0,1500.0,0
2026-09-29,P09Q,Bastien Presuhn,1446.6945642489286,1,1432.3718943678348,1,1500.0,0,1500.0,0,1500.0,0
2026-09-29,KI17,Maksim Kan,1446.694208235538,1,1442.8274479769805,1,1500.0,0,1500.0,0,1500.0,0
2026-09-29,GK30,Jonathan Gray,1446.690397317626,2,1454.3812164461979,1,1500.0,0,1480.847806950824,1,1500.0,0
2026-09-29,A0F9,Emiliano Aguilera,1446.6761011785661,1,1500.0,0,1437.829966418882,1,1500.0,0,1500.0,0
2026-09-29,MN03,Alexander Mannapov,1446.6654490539306,2,1500.0,0,1466.9209082542345,1,1456.043846571506,1,1500.0,0
2026-09-29,110300,Jose-Ricardo Nunes,1446.6641478980025,1,1500.0,0,1443.4892733710622,1,1500.0,0,1500.0,0
2026-09-29,SF93,Oscar Sabate-Bretos,1446.6489999408675,8,1500.0,0,1407.361697713241,5,1500.0,0,1500.0,0
2026-09-29,BL48,Abdulmalek Burasais,1446.6010714912359,1,1434.3368048899058,1,1500.0,0,1500.0,0,1500.0,0
2026-09-29,B642,Jose Baires,1446.6010714912359,1,1500.0,0,1446.6010714912359,1,1500.0,0,1500.0,0
2026-09-29,L0BN,Justin Lunn,1446.6010714912359,1,1500.0,0,1500.0,0,1500.0,0,1500.0,0
2026-09-29,H593,Elvis Henry,1446.6010714912359,1,1500.0,0,1446.6010714912359,1,1500.0,0,1500.0,0
2026-09-29,A591,Alexandru Andronachi,1446.6010714912359,1,1500.0,0,1446.6010714912359,1,1500.0,0,1500.0,0
2026-09-29,E701,Ivan Endara,1446.5975187829758,79,1426.9170278662193,20,1416.9235164712084,59,1500.0,0,1500.0,0
2026-09-29,T913,Alessandro Torrisi,1446.5815713281788,1,1500.0,0,1444.4428156660172,1,1500.0,0,1500.0,0
2026-09-29,102715,Tomas Zib,1446.552336909063,1,1500.0,0,1441.8671061849655,1,1500.0,0,1500.0,0
2026-09-29,105155,Joao Souza,1446.496370477466,3,1446.6155463923849,3,1500.0,0,1500.0,0,1500.0,0
2026-09-29,D526,Raphael Durek,1446.4759197391777,19,1473.8153505372018,14,1411.0106280698462,5,1500.0,0,1500.0,0
2026-09-29,RD06,Joao Riquelme,1446.4675241807565,1,1500.0,0,1451.8613301323476,1,1500.0,0,1500.0,0
2026-09-29,Z262,Deni Zmak,1446.466440717158,4,1507.7819308073645,2,1429.0487843414228,2,1500.0,0,1500.0,0
2026-09-29,SQ97,Miguel Semmler,1446.4537843802693,3,1434.869099811628,1,1470.883887625324,2,1500.0,0,1500.0,0
2026-09-29,KD88,Kevin Kaczynski,1446.4034381017327,1,1500.0,0,1444.545199877139,1,1500.0,0,1500.0,0
2026-09-29,PF46,Jose Perdomo,1446.3995813312733,1,1446.3938641086004,1,1500.0,0,1500.0,0,1500.0,0
2026-09-29,C0KL,Marcos Lee Chan Baratau,1446.3896977592,2,1473.618548879383,1,1460.0311186177885,1,1500.0,0,1500.0,0
2026-09-29,PL78,Gabriel Petit,1446.3865902602224,1,1500.0,0,1444.18628415642,1,1500.0,0,1500.0,0
2026-09-29,PB14,Igor Pavlov,1446.3746077152211,1,1500.0,0,1417.9169166494203,1,1500.0,0,1500.0,0
2026-09-29,D0G0,Mathis Debru,1446.3451134475856,1,1441.8897675607834,1,1500.0,0,1500.0,0,1500.0,0
2026-09-29,W421,Fritz Wolmarans,1446.2842462006,153,1433.7317436762075,131,1357.552321831604,12,1509.7238798539922,6,1452.2507770045165,1
2026-09-29,P319,Adam Peterson,1446.2512380101484,1,1442.8052174813843,1,1500.0,0,1500.0,0,1500.0,0
2026-09-29,GD05,Vladislav Gorshenin,1446.233785130308,1,1445.1665981959472,1,1500.0,0,1500.0,0,1500.0,0
2026-09-29,T963,Martin Trueva,1446.225712134209,3,1500.0,0,1459.7386280054668,3,1500.0,0,1500.0,0
2026-09-29,PA98,Thomas Paire,1446.2241189638503,1,1443.0734538030947,1,1500.0,0,1500.0,0,1500.0,0
2026-09-29,F619,Tristan Farron-Mahon,1446.1953754421993,2,1500.0,0,1500.0,0,1430.3807499644117,1,1467.6664971683826,1
2026-09-29,Q953,Yusuf Qaed,1446.1374201645108,2,1445.4517219751008,2,1500.0,0,1500.0,0,1500.0,0
2026-09-29,Z368,Su Hao Zhong,1446.1345717976567,2,1420.0918583334612,2,1500.0,0,1500.0,0,1500.0,0
2026-09-29,SG00,Victor Stanica,1446.131224671383,3,1500.0,0,1455.0652274259235,3,1500.0,0,1500.0,0
2026-09-29,V411,David Villanueva-Perez,1446.1154472159978,1,1500.0,0,1444.198900738519,1,1500.0,0,1500.0,0
2026-09-29,M478,Joaquin Munoz-Hernandez,1446.1039676646183,34,1404.896223807003,16,1510.1097199615124,17,1500.0,0,1500.0,0
2026-09-29,Y245,Shao-Chi Yang,1446.1030728731853,1,1500.0,0,1500.0,0,1500.0,0,1456.082835369719,1
2026-09-29,J180,Bryan Juinio,1446.0965350844076,1,1424.266548980348,1,1500.0,0,1500.0,0,1500.0,0
2026-09-29,N980,Amer Naow,1446.0925619215152,1,1443.5115292139835,1,1500.0,0,1500.0,0,1500.0,0
2026-09-29,K0DY,Jason Kros,1446.0883751204929,1,1441.0223702324847,1,1500.0,0,1500.0,0,1500.0,0
2026-09-29,T0CH,Rafael Tosetto,1446.0880236524067,2,1500.0,0,1443.526556886355,2,1500.0,0,1500.0,0
2026-09-29,P357,Andrew Painter,1446.0859017832506,1,1448.6577264145149,1,1500.0,0,1500.0,0,1500.0,0
2026-09-29,MM24,Bastian Malla,1446.0597846349199,28,1467.6641612817991,1,1449.6621191760069,27,1500.0,0,1500.0,0
2026-09-29,S0W8,Aryan Shah,1446.0360283302114,21,1453.7292602700336,18,1473.6773798494426,3,1500.0,0,1500.0,0
2026-09-29,108590,Mohammed Nazreen Fuzi Nasruddin,1446.0247843398238,1,1446.0247843398238,1,1500.0,0,1500.0,0,1500.0,0
2026-09-29,P0CJ,Jun Sang Park,1445.9475646990377,1,1441.6527956635905,1,1500.0,0,1500.0,0,1500.0,0
2026-09-29,P0MH,Photos Photiades,1445.9319681972386,1,1434.8111033160058,1,1500.0,0,1500.0,0,1500.0,0
2026-09-29,RC21,Hunter Reese,1445.893832261487,3,1432.8292338627057,3,1500.0,0,1500.0,0,1500.0,0
2026-09-29,MB27,Florin Mergea,1445.8643979209867,95,1361.3767537359224,31,1489.9651681482728,56,1479.9572410168505,5,1364.0425561952582,3
2026-09-29,A339,Johnny Arcilla,1445.845782547611,29,1453.7869576780326,7,1432.048714643773,21,1500.0,0,1431.84410686018,1
2026-09-29,SO86,Robin Stanek,1445.842054366974,42,1591.7652656082528,13,1394.932340188486,29,1500.0,0,1500.0,0
2026-09-29,D395,John Doran,1445.8322903061521,14,1492.102996498037,6,1417.203956772802,5,1470.3213772866932,1,1518.8030636403178,2
2026-09-29,TC38,Pablo Tellez,1445.8003324867373,1,1436.7826715062633,1,1500.0,0,1500.0,0,1500.0,0
2026-09-29,G863,Daniel Gagan,1445.7985491330874,1,1500.0,0,1441.797012058645,1,1500.0,0,1500.0,0
2026-09-29,WB36,Chukang Wang,1445.7899774883401,1,1441.2748353770983,1,1500.0,0,1500.0,0,1500.0,0
2026-09-29,D343,Petr Dezort,1445.7249752876223,32,1431.095962799868,7,1493.7392888301274,23,1500.0,0,1413.1407309644146,2
2026-09-29,GH00,Marvin Greven,1445.720985973491,2,1500.0,0,1438.1568936824071,2,1500.0,0,1500.0,0
2026-09-29,PE39,Scott Puodziunas,1445.6222444660398,2,1425.6642179337491,2,1500.0,0,1500.0,0,1500.0,0
2026-09-29,M09Q,Robbie Mudge,1445.6163497684176,1,1455.5666666126933,1,1500.0,0,1500.0,0,1500.0,0
2026-09-29,H667,Tony Holzinger,1445.6142485209784,1,1429.2803486889322,1,1500.0,0,1500.0,0,1500.0,0
2026-09-29,K642,Sebo Kiss,1445.5762428831356,21,1546.5756597428715,8,1443.8731436602793,13,1500.0,0,1500.0,0
2026-09-29,TG77,Petros Tsitsipas,1445.543828225385,16,1405.4339361975913,8,1526.5502337773366,7,1469.197531974625,1,1500.0,0
2026-09-29,CA39,Luis Javier Cuellar,1445.5362592001984,1,1500.0,0,1434.3368048899058,1,1500.0,0,1500.0,0
2026-09-29,C0LG,Mateo Castañeda,1445.5162857466014,1,1500.0,0,1444.5652973231252,1,1500.0,0,1500.0,0
2026-09-29,Y078,Sian Yang,1445.4682774772684,1,1457.6723691431484,1,1500.0,0,1500.0,0,1500.0,0
2026-09-29,I0AC,Hasan Ibrahim,1445.4478890582275,1,1500.0,0,1458.903756393809,1,1500.0,0,1500.0,0
2026-09-29,GC38,Oliver Golding,1445.3617558504184,25,1423.1491207371337,4,1397.167228732636,6,1353.7872866123341,15,1500.0,0
2026-09-29,M0BO,Colin Markes,1445.3147108578112,4,1466.053678895808,3,1500.0,0,1500.0,0,1500.0,0
2026-09-29,H877,Eoin Heavey,1445.3045257538965,1,1500.0,0,1500.0,0,1500.0,0,1445.0077935840573,1
2026-09-29,V571,Andoni Vivanco-Guzman,1445.2884328058499,10,1472.3039905939359,3,1457.0127698826514,7,1500.0,0,1500.0,0
2026-09-29,E208,Benjamin Ebrahimzadeh,1445.260640527801,2,1500.0,0,1423.439461303553,2,1500.0,0,1500.0,0
2026-09-29,E778,Walner Espinoza,1445.2020920088241,2,1500.0,0,1435.4423326806186,2,1500.0,0,1500.0,0
2026-09-29,PB75,James Prescott,1445.1741425701189,1,1500.0,0,1500.0,0,1434.7831885653325,1,1500.0,0
2026-09-29,C814,Jonathan Chu,1445.172360254317,10,1502.6721569425608,7,1463.2451827196494,1,1412.48036111496,2,1500.0,0
2026-09-29,ML36,Jaume Martinez Vich,1445.1557215383148,1,1500.0,0,1500.0,0,1500.0,0,1500.0,0
2026-09-29,BG62,Jean Simon Bourgie,1445.0927310976979,1,1500.0,0,1500.0,0,1500.0,0,1445.6119360295056,1
2026-09-29,RA41,Leandro Ribeiro,1445.0881951285453,1,1406.426525077361,1,1500.0,0,1500.0,0,1500.0,0
2026-09-29,SC60,Yong Bum Seo,1445.0262461191523,2,1436.1027617377692,2,1500.0,0,1500.0,0,1500.0,0
2026-09-29,SJ91,Jesus San Roman-Garcia,1445.0157038161556,2,1443.3462414602948,2,1500.0,0,1500.0,0,1500.0,0
2026-09-29,BT69,Sebastian Buehler,1445.0034649372005,1,1500.0,0,1424.059829426453,1,1500.0,0,1500.0,0
2026-09-29,N323,Marko Neunteibl,1444.988192585833,14,1500.0,0,1437.3515537994506,14,1500.0,0,1500.0,0
2026-09-29,R0HQ,Leo Raquillet,1444.9465224832131,8,1389.4534183227454,3,1490.9180580003826,5,1500.0,0,1500.0,0
2026-09-29,D873,Jonathan David,1444.9341638712838,2,1482.9010109475303,1,1452.9056217461023,1,1500.0,0,1500.0,0
2026-09-29,PC21,Rodrigo Perez,1444.903340787228,2,1500.0,0,1447.5384454197954,2,1500.0,0,1500.0,0
2026-09-29,V613,Andrei Vasilevski,1444.8865252285493,19,1455.5856865060564,16,1459.5518327029552,3,1500.0,0,1500.0,0
2026-09-29,N415,Rasmus Norby,1444.867932954037,9,1459.7113560261705,7,1476.6849847702663,1,1500.0,0,1464.741704869969,1
2026-09-29,PA62,Piergiorgio Platto,1444.8638440653845,1,1500.0,0,1449.043715354893,1,1500.0,0,1500.0,0
2026-09-29,D833,Marcelo Demoliner,1444.8297078274718,108,1436.0797006599544,40,1419.8397540488913,65,1471.3282381111383,3,1500.0,0
2026-09-29,MB25,Richard Maier,1444.8168994402818,1,1500.0,0,1444.3556652732127,1,1500.0,0,1500.0,0
2026-09-29,103983,Brad Pomeroy,1444.8168741822503,1,1444.18628415642,1,1500.0,0,1500.0,0,1500.0,0
2026-09-29,104111,Paul Capdeville,1444.8168741822503,1,1444.8168741822503,1,1500.0,0,1500.0,0,1500.0,0
2026-09-29,104928,Wan Gao,1444.8168741822503,1,1444.8168741822503,1,1500.0,0,1500.0,0,1500.0,0
2026-09-29,104005,Philipp Marx,1444.8168741822503,1,1500.0,0,1500.0,0,1444.18628415642,1,1500.0,0
2026-09-29,V270,Antonio Van Grichen,1444.7956733409096,1,1500.0,0,1500.0,0,1500.0,0,1416.6437449056646,1
2026-09-29,PH52,Bayo Philips,1444.7802950653654,3,1473.7093299384803,1,1420.8900652289647,2,1500.0,0,1500.0,0
2026-09-29,KE03,William Kallberg,1444.770332957181,1,1500.0,0,1434.0092777788743,1,1500.0,0,1500.0,0
2026-09-29,SN07,Vlad-Cristian Smighelschi,1444.7611245052892,1,1500.0,0,1453.684906163967,1,1500.0,0,1500.0,0
2026-09-29,Z381,Barlaham Zuluaga Gaviria,1444.6414828427526,1,1439.0783702357219,1,1500.0,0,1500.0,0,1500.0,0
2026-09-29,K861,Andrey Kumantsov,1444.6296924351366,58,1457.9926391067816,43,1419.9714856363557,10,1500.0,0,1488.2026262417958,5
2026-09-29,TA65,Alexander Tavkhelidze,1444.6040757652206,1,1500.0,0,1444.3875889877024,1,1500.0,0,1500.0,0
2026-09-29,G0ME,Gabriel Ghetu,1444.5734819458298,9,1564.914304945938,3,1339.771754780643,6,1500.0,0,1500.0,0
2026-09-29,BG25,Duilio Beretta,1444.5727700302311,57,1431.991287604563,14,1442.260141355079,43,1500.0,0,1500.0,0
2026-09-29,I094,Victor Ionita,1444.5595458231026,70,1433.21790463373,10,1486.6885164254159,57,1407.7700504179322,1,1514.436895411568,2
2026-09-29,ST27,Christo Schultz,1444.5279751548767,1,1500.0,0,1500.0,0,1443.4119310958722,1,1500.0,0
2026-09-29,T199,Gabriel Trifu,1444.4785209362426,77,1491.0433037871317,41,1473.703861746078,27,1379.3650196813205,2,1395.10228934028,7
2026-09-29,K873,Boris Kurtovic,1444.4777624320054,1,1500.0,0,1442.9662913930845,1,1500.0,0,1500.0,0
2026-09-29,C786,Kamil Capkovic,1444.4687970862478,157,1497.9538084064231,87,1355.8924788689094,58,1456.906679468945,3,1444.0023243987048,8
2026-09-29,G937,Thomas Gilner,1444.374971811964,1,1500.0,0,1448.2638241799525,1,1500.0,0,1500.0,0
2026-09-29,108908,Mario Alberto Cayo,1444.3234331058939,1,1451.7267153691998,1,1500.0,0,1500.0,0,1500.0,0
2026-09-29,J401,Lukas Jastraunig,1444.3160340307513,4,1523.0225213878257,2,1393.957361852286,2,1500.0,0,1500.0,0
2026-09-29,R737,Davin Russell,1444.2677600049549,1,1446.6010714912359,1,1500.0,0,1500.0,0,1500.0,0
2026-09-29,BD03,Renzo Barioni,1444.2585414668413,1,1445.8588356899904,1,1500.0,0,1500.0,0,1500.0,0
2026-09-29,BH66,Mikhail Biryukov,1444.2395896031455,18,1433.854605820221,18,1500.0,0,1500.0,0,1500.0,0
2026-09-29,N911,Eleftherios Neos,1444.2344551123474,1,1444.0377295090827,1,1500.0,0,1500.0,0,1500.0,0
2026-09-29,F310,Eduardo Frick,1444.212488052436,2,1470.4515622004576,1,1432.599422500025,1,1500.0,0,1500.0,0
2026-09-29,TD06,Vullnet Tashi,1444.2051202263594,1,1500.0,0,1422.9985610331396,1,1500.0,0,1500.0,0
2026-09-29,BE85,Andrey Boldarev,1444.2007563639008,1,1436.411627188647,1,1500.0,0,1500.0,0,1500.0,0
2026-09-29,SH13,Michal Sekula,1444.18628415642,1,1500.0,0,1444.18628415642,1,1500.0,0,1500.0,0
2026-09-29,103544,Olivier Patience,1444.18628415642,1,1444.18628415642,1,1500.0,0,1500.0,0,1500.0,0
2026-09-29,BF02,Philippe Brand,1444.18628415642,1,1500.0,0,1500.0,0,1444.18628415642,1,1500.0,0
2026-09-29,MN41,Teimouraz Metreveli,1444.18628415642,1,1444.18628415642,1,1500.0,0,1500.0,0,1500.0,0
2026-09-29,105300,Eric Quigley,1444.18628415642,1,1500.0,0,1500.0,0,1444.18628415642,1,1500.0,0
2026-09-29,103399,Peter Luczak,1444.18628415642,1,1444.18628415642,1,1500.0,0,1500.0,0,1500.0,0
2026-09-29,MJ51,Irakli Marutian,1444.18628415642,1,1444.18628415642,1,1500.0,0,1500.0,0,1500.0,0
2026-09-29,103009,Gustavo Marcaccio,1444.18628415642,1,1500.0,0,1444.18628415642,1,1500.0,0,1500.0,0
2026-09-29,105282,Patrick Taubert,1444.18628415642,1,1500.0,0,1444.18628415642,1,1500.0,0,1500.0,0
2026-09-29,103867,Maximilian Abel,1444.18628415642,1,1500.0,0,1444.18628415642,1,1500.0,0,1500.0,0
2026-09-29,105103,Pavel Chekhov,1444.18628415642,1,1444.18628415642,1,1500.0,0,1500.0,0,1500.0,0
2026-09-29,MM84,Artur Madzhar,1444.18628415642,1,1444.18628415642,1,1500.0,0,1500.0,0,1500.0,0
2026-09-29,104018,Andre Ghem,1444.18628415642,1,1500.0,0,1444.18628415642,1,1500.0,0,1500.0,0
2026-09-29,104177,Simone Vagnozzi,1444.18628415642,1,1500.0,0,1444.18628415642,1,1500.0,0,1500.0,0
2026-09-29,105131,Joao Souza,1444.18628415642,1,1500.0,0,1444.18628415642,1,1500.0,0,1500.0,0
2026-09-29,102554,Juan Antonio Marin,1444.18628415642,1,1500.0,0,1444.18628415642,1,1500.0,0,1500.0,0
2026-09-29,106231,Mathias Bourgue,1444.18628415642,1,1444.18628415642,1,1500.0,0,1500.0,0,1500.0,0
2026-09-29,105915,Antoine Escoffier,1444.18628415642,1,1444.18628415642,1,1500.0,0,1500.0,0,1500.0,0
2026-09-29,105269,Nikola Mektic,1444.18628415642,1,1444.18628415642,1,1500.0,0,1500.0,0,1500.0,0
2026-09-29,103932,Romano Frantzen,1444.18628415642,1,1500.0,0,1500.0,0,1444.18628415642,1,1500.0,0
2026-09-29,103626,Jacob Adaktusson,1444.18628415642,1,1500.0,0,1500.0,0,1500.0,0,1444.18628415642,1
2026-09-29,103911,Sanchai Ratiwatana,1444.18628415642,1,1444.18628415642,1,1500.0,0,1500.0,0,1500.0,0
2026-09-29,103830,Scott Lipsky,1444.18628415642,1,1444.18628415642,1,1500.0,0,1500.0,0,1500.0,0
2026-09-29,103621,Jason Marshall,1444.18628415642,1,1444.18628415642,1,1500.0,0,1500.0,0,1500.0,0
2026-09-29,105741,Mirza Basic,1444.18628415642,1,1500.0,0,1444.18628415642,1,1500.0,0,1500.0,0
2026-09-29,110265,Jonas Pontus Norberg,1444.18628415642,1,1500.0,0,1444.18628415642,1,1500.0,0,1500.0,0
2026-09-29,102640,Lars Burgsmuller,1444.18628415642,1,1500.0,0,1500.0,0,1500.0,0,1444.18628415642,1
2026-09-29,104154,Alex Bogomolov Jr.,1444.18628415642,1,1500.0,0,1500.0,0,1500.0,0,1444.18628415642,1
2026-09-29,102578,Joseph Sirianni,1444.18628415642,1,1444.18628415642,1,1500.0,0,1500.0,0,1500.0,0
2026-09-29,106329,Thiago Monteiro,1444.18628415642,1,1500.0,0,1444.18628415642,1,1500.0,0,1500.0,0
2026-09-29,103408,Geoff Gehrke,1444.18628415642,1,1444.18628415642,1,1500.0,0,1500.0,0,1500.0,0
2026-09-29,101188,Rick Kepler,1444.18628415642,1,1444.18628415642,1,1500.0,0,1500.0,0,1500.0,0
2026-09-29,103987,Conor Niland,1444.18628415642,1,1444.18628415642,1,1500.0,0,1500.0,0,1500.0,0
2026-09-29,101962,Brandon Coupe,1444.18628415642,1,1444.18628415642,1,1500.0,0,1500.0,0,1500.0,0
2026-09-29,F787,Emilien Firmin,1444.18628415642,1,1444.18628415642,1,1500.0,0,1500.0,0,1500.0,0
2026-09-29,103752,Scott Lipsky,1444.18628415642,1,1444.18628415642,1,1500.0,0,1500.0,0,1500.0,0
2026-09-29,103870,Roman Borvanov,1444.18628415642,1,1444.18628415642,1,1500.0,0,1500.0,0,1500.0,0
2026-09-29,104055,Sergei Demekhine,1444.18628415642,1,1444.18628415642,1,1500.0,0,1500.0,0,1500.0,0
2026-09-29,F794,Ioan Farcas,1444.18628415642,1,1500.0,0,1444.18628415642,1,1500.0,0,1500.0,0
2026-09-29,111581,Rafael Matos,1444.18628415642,1,1500.0,0,1444.18628415642,1,1500.0,0,1500.0,0
2026-09-29,103644,Diego Junqueira,1444.18628415642,1,1500.0,0,1444.18628415642,1,1500.0,0,1500.0,0
2026-09-29,103736,Jose De Armas,1444.18628415642,1,1444.18628415642,1,1500.0,0,1500.0,0,1500.0,0
2026-09-29,105747,Pierre-Hugues Herbert,1444.18628415642,1,1444.18628415642,1,1500.0,0,1500.0,0,1500.0,0
2026-09-29,GC44,Patrick Grigoriu,1444.18628415642,1,1500.0,0,1444.18628415642,1,1500.0,0,1500.0,0
2026-09-29,R668,Paul Rose,1444.18628415642,1,1444.18628415642,1,1500.0,0,1500.0,0,1500.0,0
2026-09-29,102528,Gregory Carraz,1444.18628415642,1,1500.0,0,1500.0,0,1500.0,0,1444.18628415642,1
2026-09-29,105320,Jeff Gast,1444.18628415642,1,1444.18628415642,1,1500.0,0,1500.0,0,1500.0,0
2026-09-29,102998,Nathan Healey,1444.18628415642,1,1500.0,0,1500.0,0,1444.18628415642,1,1500.0,0
2026-09-29,104725,Ivan Nedelko,1444.18628415642,1,1500.0,0,1444.18628415642,1,1500.0,0,1500.0,0
2026-09-29,105230,Luka Belic,1444.18628415642,1,1500.0,0,1500.0,0,1500.0,0,1444.18628415642,1
2026-09-29,G981,Lei Gao,1444.18628415642,1,1444.18628415642,1,1500.0,0,1500.0,0,1500.0,0
2026-09-29,105318,Pier Marco Pieracciani,1444.18628415642,1,1500.0,0,1444.18628415642,1,1500.0,0,1500.0,0
2026-09-29,103981,Thiago Alves,1444.18628415642,1,1444.18628415642,1,1500.0,0,1500.0,0,1500.0,0
2026-09-29,SI16,Nathaniel Schnugg,1444.18628415642,1,1444.18628415642,1,1500.0,0,1500.0,0,1500.0,0
2026-09-29,105325,Denny Fafek,1444.18628415642,1,1444.18628415642,1,1500.0,0,1500.0,0,1500.0,0
2026-09-29,110374,Ajai Selvaraj,1444.18628415642,1,1444.18628415642,1,1500.0,0,1500.0,0,1500.0,0
2026-09-29,102476,Tomas Behrend,1444.18628415642,1,1500.0,0,1500.0,0,1500.0,0,1444.18628415642,1
2026-09-29,MH71,Ahmed Moumni,1444.18628415642,1,1500.0,0,1444.18628415642,1,1500.0,0,1500.0,0
2026-09-29,110263,Patrik Brydolf,1444.18628415642,1,1500.0,0,1444.18628415642,1,1500.0,0,1500.0,0
2026-09-29,K902,Ashwin Kumar,1444.18628415642,1,1444.18628415642,1,1500.0,0,1500.0,0,1500.0,0
2026-09-29,104543,Teymuraz Gabashvili,1444.18628415642,1,1444.18628415642,1,1500.0,0,1500.0,0,1500.0,0
2026-09-29,105324,Jordan Kepler,1444.18628415642,1,1444.18628415642,1,1500.0,0,1500.0,0,1500.0,0
2026-09-29,105319,Tyler Hochwalt,1444.18628415642,1,1444.18628415642,1,1500.0,0,1500.0,0,1500.0,0
2026-09-29,N708,Simon Norenius,1444.18628415642,1,1500.0,0,1444.18628415642,1,1500.0,0,1500.0,0
2026-09-29,104414,Frank Dancevic,1444.18628415642,1,1444.18628415642,1,1500.0,0,1500.0,0,1500.0,0
2026-09-29,PE64,Amogh Prabhakar,1444.18628415642,1,1444.18628415642,1,1500.0,0,1500.0,0,1500.0,0
2026-09-29,102318,Michael Kohlmann,1444.18628415642,1,1500.0,0,1444.18628415642,1,1500.0,0,1500.0,0
2026-09-29,105844,Sekou Bangoura,1444.18628415642,1,1444.18628415642,1,1500.0,0,1500.0,0,1500.0,0
2026-09-29,AF67,Joao Antonio,1444.18628415642,1,1500.0,0,1444.18628415642,1,1500.0,0,1500.0,0
2026-09-29,SV55,Miguel Semedo,1444.18628415642,1,1500.0,0,1444.18628415642,1,1500.0,0,1500.0,0
2026-09-29,BO09,Alexander Braun,1444.18628415642,1,1500.0,0,1444.18628415642,1,1500.0,0,1500.0,0
2026-09-29,MD28,Slobodan Mavrenski,1444.18628415642,1,1444.18628415642,1,1500.0,0,1500.0,0,1500.0,0
2026-09-29,SM42,J.T. Sundling,1444.18628415642,1,1444.18628415642,1,1500.0,0,1500.0,0,1500.0,0
2026-09-29,X002,Jia-Ping Xia,1444.18628415642,1,1444.18628415642,1,1500.0,0,1500.0,0,1500.0,0
2026-09-29,110001,Mark Verryth,1444.18628415642,1,1444.18628415642,1,1500.0,0,1500.0,0,1500.0,0
2026-09-29,TC72,Teeradon Tortrakul,1444.18628415642,1,1444.18628415642,1,1500.0,0,1500.0,0,1500.0,0
2026-09-29,CH59,Elliot Carnello,1444.18628415642,1,1444.18628415642,1,1500.0,0,1500.0,0,1500.0,0
2026-09-29,GE09,Xiao Gong,1444.18628415642,1,1444.18628415642,1,1500.0,0,1500.0,0,1500.0,0
2026-09-29,104642,Jesse Huta Galung,1444.18628415642,1,1444.18628415642,1,1500.0,0,1500.0,0,1500.0,0
2026-09-29,105437,Brydan Klein,1444.18628415642,1,1444.18628415642,1,1500.0,0,1500.0,0,1500.0,0
2026-09-29,106086,Guilherme Clezar,1444.18628415642,1,1500.0,0,1444.18628415642,1,1500.0,0,1500.0,0
2026-09-29,H843,Christian Hand,1444.18628415642,1,1444.18628415642,1,1500.0,0,1500.0,0,1500.0,0
2026-09-29,SR66,Matej Svjetlicic,1444.18628415642,1,1500.0,0,1444.18628415642,1,1500.0,0,1500.0,0
2026-09-29,RB23,Mark Richards,1444.18628415642,1,1444.18628415642,1,1500.0,0,1500.0,0,1500.0,0
2026-09-29,C998,Daniel Cottier,1444.18628415642,1,1500.0,0,1500.0,0,1444.18628415642,1,1500.0,0
2026-09-29,104403,Laurent Recouderc,1444.18628415642,1,1500.0,0,1444.18628415642,1,1500.0,0,1500.0,0
2026-09-29,104423,Jose Antonio Sanchez-de Luna,1444.18628415642,1,1500.0,0,1444.18628415642,1,1500.0,0,1500.0,0
2026-09-29,D871,Christopher Dekker,1444.18628415642,1,1500.0,0,1444.18628415642,1,1500.0,0,1500.0,0
2026-09-29,LA18,Ignacio Lehyt,1444.18628415642,1,1500.0,0,1444.18628415642,1,1500.0,0,1500.0,0
2026-09-29,PA94,Javier Peris,1444.18628415642,1,1500.0,0,1444.18628415642,1,1500.0,0,1500.0,0
2026-09-29,F253,Joao Ferreira,1444.18628415642,1,1500.0,0,1444.18628415642,1,1500.0,0,1500.0,0
2026-09-29,108341,Antoine Feret,1444.18628415642,1,1444.18628415642,1,1500.0,0,1500.0,0,1500.0,0
2026-09-29,104768,Chris Klingemann,1444.18628415642,1,1444.18628415642,1,1500.0,0,1500.0,0,1500.0,0
2026-09-29,108740,Herve Karcher,1444.18628415642,1,1444.18628415642,1,1500.0,0,1500.0,0,1500.0,0
2026-09-29,104135,Michal Navratil,1444.18628415642,1,1500.0,0,1444.18628415642,1,1500.0,0,1500.0,0
2026-09-29,L913,Raphael Lustenberger,1444.18628415642,1,1500.0,0,1444.18628415642,1,1500.0,0,1500.0,0
2026-09-29,L473,Mattia Livraghi,1444.18628415642,1,1444.18628415642,1,1500.0,0,1500.0,0,1500.0,0
2026-09-29,103096,Arnaud Clement,1444.18628415642,1,1444.18628415642,1,1500.0,0,1500.0,0,1500.0,0
2026-09-29,103029,Konstantinos Economidis,1444.18628415642,1,1500.0,0,1444.18628415642,1,1500.0,0,1500.0,0
2026-09-29,W517,El Mehdi Wasfy,1444.18628415642,1,1500.0,0,1444.18628415642,1,1500.0,0,1500.0,0
2026-09-29,CE28,Ben Chen,1444.18628415642,1,1500.0,0,1444.18628415642,1,1500.0,0,1500.0,0
2026-09-29,105327,Dejan Djokic,1444.18628415642,1,1444.18628415642,1,1500.0,0,1500.0,0,1500.0,0
2026-09-29,V632,Neishit Vakil,1444.18628415642,1,1444.18628415642,1,1500.0,0,1500.0,0,1500.0,0
2026-09-29,TB19,David Thomson,1444.18628415642,1,1500.0,0,1500.0,0,1444.18628415642,1,1500.0,0
2026-09-29,M181,Joao Maio,1444.18628415642,1,1500.0,0,1444.18628415642,1,1500.0,0,1500.0,0
2026-09-29,105550,Uladzimir Ignatik,1444.18628415642,1,1444.18628415642,1,1500.0,0,1500.0,0,1500.0,0
2026-09-29,S655,Wouter Standaart,1444.18628415642,1,1500.0,0,1500.0,0,1444.18628415642,1,1500.0,0
2026-09-29,110258,Anders Lindstrom,1444.18628415642,1,1500.0,0,1444.18628415642,1,1500.0,0,1500.0,0
2026-09-29,104918,Carsten Ball,1444.18628415642,1,1444.18628415642,1,1500.0,0,1500.0,0,1500.0,0
2026-09-29,104576,Chris Guccione,1444.18628415642,1,1444.18628415642,1,1500.0,0,1500.0,0,1500.0,0
2026-09-29,GB11,Akash Gujrati,1444.18628415642,1,1444.18628415642,1,1500.0,0,1500.0,0,1500.0,0
2026-09-29,102870,Frantisek Cermak,1444.18628415642,1,1444.18628415642,1,1500.0,0,1500.0,0,1500.0,0
2026-09-29,110375,Vignesh Peranamallur,1444.18628415642,1,1444.18628415642,1,1500.0,0,1500.0,0,1500.0,0
2026-09-29,117464,Goncalo Pereira,1444.18628415642,1,1500.0,0,1444.18628415642,1,1500.0,0,1500.0,0
2026-09-29,110254,Anton Manegin,1444.18628415642,1,1444.18628415642,1,1500.0,0,1500.0,0,1500.0,0
2026-09-29,105266,Fernando Romboli,1444.18628415642,1,1500.0,0,1444.18628415642,1,1500.0,0,1500.0,0
2026-09-29,H659,Gunnar Hildebrandt,1444.18628415642,1,1500.0,0,1500.0,0,1444.18628415642,1,1500.0,0
2026-09-29,110259,Daniel Kumlin,1444.18628415642,1,1500.0,0,1444.18628415642,1,1500.0,0,1500.0,0
2026-09-29,104107,Rickard Holmstrom,1444.18628415642,1,1500.0,0,1444.18628415642,1,1500.0,0,1500.0,0
2026-09-29,105943,Arthur De Greef,1444.18628415642,1,1500.0,0,1444.18628415642,1,1500.0,0,1500.0,0
2026-09-29,R982,Filip Rams,1444.18628415642,1,1500.0,0,1444.18628415642,1,1500.0,0,1500.0,0
2026-09-29,105018,Andrew Coelho,1444.18628415642,1,1500.0,0,1444.18628415642,1,1500.0,0,1500.0,0
2026-09-29,GH64,Adam Gustavsson,1444.18628415642,1,1500.0,0,1444.18628415642,1,1500.0,0,1500.0,0
2026-09-29,103704,Jaroslav Pospisil,1444.18628415642,1,1500.0,0,1444.18628415642,1,1500.0,0,1500.0,0
2026-09-29,109968,Brian Brogan,1444.18628415642,1,1444.18628415642,1,1500.0,0,1500.0,0,1500.0,0
2026-09-29,104040,Alejandro Fabbri,1444.18628415642,1,1500.0,0,1444.18628415642,1,1500.0,0,1500.0,0
2026-09-29,SF84,Otto Sauer,1444.18628415642,1,1500.0,0,1444.18628415642,1,1500.0,0,1500.0,0
2026-09-29,105494,Marco Trungelliti,1444.18628415642,1,1500.0,0,1444.18628415642,1,1500.0,0,1500.0,0
2026-09-29,104218,Matwe Middelkoop,1444.18628415642,1,1500.0,0,1444.18628415642,1,1500.0,0,1500.0,0
2026-09-29,104791,Zhe Li,1444.18628415642,1,1444.18628415642,1,1500.0,0,1500.0,0,1500.0,0
2026-09-29,103392,Julio Silva,1444.18628415642,1,1500.0,0,1444.18628415642,1,1500.0,0,1500.0,0
2026-09-29,105059,Nicolas Santos,1444.18628415642,1,1500.0,0,1444.18628415642,1,1500.0,0,1500.0,0
2026-09-29,104743,Caio Zampieri,1444.18628415642,1,1500.0,0,1444.18628415642,1,1500.0,0,1500.0,0
2026-09-29,105317,Marcelo Michelucci,1444.18628415642,1,1500.0,0,1444.18628415642,1,1500.0,0,1500.0,0
2026-09-29,F606,Patrik Fischer,1444.18628415642,1,1500.0,0,1444.18628415642,1,1500.0,0,1500.0,0
2026-09-29,R968,Peter Rispoli,1444.180266449266,1,1500.0,0,1445.8580160291267,1,1500.0,0,1500.0,0
2026-09-29,M758,Thierry Martin,1444.176066526136,1,1443.4905806256957,1,1500.0,0,1500.0,0,1500.0,0
2026-09-29,H557,Tomislav Hadzic,1444.1507602179925,1,1500.0,0,1456.1313289029817,1,1500.0,0,1500.0,0
2026-09-29,H0DW,Herman Hoeyeraal,1444.150040755654,1,1500.0,0,1500.0,0,1427.0497639922278,1,1500.0,0
2026-09-29,KB26,Ashot Khacharyan,1444.0891177957835,1,1448.7959406303692,1,1500.0,0,1500.0,0,1500.0,0
2026-09-29,SN92,Tassilo Schmid,1444.0254678773913,1,1500.0,0,1500.0,0,1500.0,0,1500.0,0
2026-09-29,F709,Nian Feng,1443.968562833706,1,1447.0290707175513,1,1500.0,0,1500.0,0,1500.0,0
2026-09-29,L822,"William ""Jack"" Lynch",1443.9424832378186,1,1441.8104418432672,1,1500.0,0,1500.0,0,1500.0,0
2026-09-29,M0GP,Filippo Moroni,1443.9232144146245,7,1460.5065449569547,6,1456.44604873462,1,1500.0,0,1500.0,0
2026-09-29,O0BH,Danil Ozernoy,1443.9122979658466,1,1441.5260770817204,1,1500.0,0,1500.0,0,1500.0,0
2026-09-29,B793,Gianluca Bolognino,1443.8802789189604,1,1500.0,0,1445.1714196039998,1,1500.0,0,1500.0,0
2026-09-29,G578,Antonio Gramaglia,1443.8771456206696,1,1500.0,0,1440.1284247880953,1,1500.0,0,1500.0,0
2026-09-29,C878,Theron Cole,1443.746525952865,2,1480.3362232718587,1,1457.9718592296394,1,1500.0,0,1500.0,0
2026-09-29,H853,Adhan Hissam El-Effendi,1443.7182621894874,1,1448.5906620470996,1,1500.0,0,1500.0,0,1500.0,0
2026-09-29,A769,Marc Abdelnour,1443.701260691662,7,1447.6495811619052,5,1506.9318726393442,2,1500.0,0,1500.0,0
2026-09-29,R284,Alex Radulescu,1443.6718801739257,1,1457.6130344445003,1,1500.0,0,1500.0,0,1500.0,0
2026-09-29,T0FL,Togan Tokac,1443.660944779485,2,1435.4488605824413,2,1500.0,0,1500.0,0,1500.0,0
2026-09-29,R671,Peter Rodrigues,1443.6112549638508,1,1431.7908667881063,1,1500.0,0,1500.0,0,1500.0,0
2026-09-29,R773,Jonathan Russo,1443.6083900537687,1,1500.0,0,1500.0,0,1440.9031244009152,1,1500.0,0
2026-09-29,R354,Anthony Ross,1443.5987204747555,1,1429.3157190428344,1,1500.0,0,1500.0,0,1500.0,0
2026-09-29,110250,Jonathan Ribaste,1443.5909169984293,1,1443.5909169984293,1,1500.0,0,1500.0,0,1500.0,0
2026-09-29,H492,Khuong Huynh,1443.590608982641,1,1420.887173042244,1,1500.0,0,1500.0,0,1500.0,0
2026-09-29,SJ90,Slawomir Szeremeta,1443.5804612909308,1,1500.0,0,1448.0153373775952,1,1500.0,0,1500.0,0
2026-09-29,SI67,Dylan Sessagesimi,1443.5619349324188,4,1500.0,0,1429.0529385999828,4,1500.0,0,1500.0,0
2026-09-29,SS33,Giovani Samaha,1443.5528339475675,1,1500.0,0,1439.3600098445813,1,1500.0,0,1500.0,0
2026-09-29,MB29,Clement Morel,1443.5323964975335,3,1474.3416755864844,1,1461.0785497224701,2,1500.0,0,1500.0,0
2026-09-29,GA51,Gael Gaetjens,1443.5301716580468,1,1430.1438613094294,1,1500.0,0,1500.0,0,1500.0,0
2026-09-29,105227,Marin Cilic,1443.4892733710622,1,1500.0,0,1444.18628415642,1,1500.0,0,1500.0,0
2026-09-29,M0ES,Oscar Moraing,1443.476035526137,3,1489.0317259000565,1,1461.3424661224406,1,1448.0029252566935,1,1500.0,0
2026-09-29,P587,Sergio Parente Vazquez,1443.4601937790449,1,1500.0,0,1450.7855855031119,1,1500.0,0,1500.0,0
2026-09-29,Z149,Oscar Zarzosa,1443.4284008789382,1,1437.7371822080947,1,1500.0,0,1500.0,0,1500.0,0
2026-09-29,BA60,Daniel Boehner,1443.4271229465073,1,1500.0,0,1446.5268141653924,1,1500.0,0,1500.0,0
2026-09-29,A229,Enrique Abaroa,1443.4128529129373,1,1500.0,0,1442.0072869172893,1,1500.0,0,1500.0,0
2026-09-29,S0KG,Nikola Slavic,1443.3894710765721,3,1456.5788918053356,2,1457.7166558942085,1,1500.0,0,1500.0,0
2026-09-29,L846,Shuang-Qiang Liang,1443.387510484874,1,1446.0295720958823,1,1500.0,0,1500.0,0,1500.0,0
2026-09-29,V713,Sebastien Vidal,1443.339364240361,3,1458.2970056867964,3,1500.0,0,1500.0,0,1500.0,0
2026-09-29,Z166,Jason Zimmermann,1443.3352735367428,1,1455.6986435406052,1,1500.0,0,1500.0,0,1500.0,0
2026-09-29,KG28,Aleksei Khomich,1443.3262074467266,1,1454.4522670003496,1,1500.0,0,1500.0,0,1500.0,0
2026-09-29,MM32,Juan Manuel Matute,1443.2701590658476,1,1500.0,0,1441.4114173919043,1,1500.0,0,1500.0,0
2026-09-29,SI25,Vincent Sapene,1443.2690739277077,1,1500.0,0,1440.4143546826326,1,1500.0,0,1500.0,0
2026-09-29,SG13,Stefan Seifert,1443.2572906873,42,1526.3392041096272,21,1372.5684440330688,7,1355.8766200177406,4,1488.8153012708642,10
2026-09-29,U149,Dennis Uspensky,1443.240226041034,1,1434.6794107608766,1,1500.0,0,1500.0,0,1500.0,0
2026-09-29,J239,Damar Johnson,1443.1991417222716,4,1536.0650713972109,2,1424.8479555299618,1,1429.7307322298248,1,1500.0,0
2026-09-29,AE56,Christos Antonopoulos,1443.1858597444605,1,1500.0,0,1439.9564557266926,1,1500.0,0,1500.0,0
2026-09-29,PD47,Luca Pompeo,1443.138099727918,1,1500.0,0,1449.2028418666173,1,1500.0,0,1500.0,0
2026-09-29,R808,Roman Recarte,1443.1356837415433,8,1480.6898530750204,3,1427.6981465029382,5,1500.0,0,1500.0,0
2026-09-29,L940,Jan-Henrik Langhorst,1443.121582858567,1,1500.0,0,1500.0,0,1458.8861001901969,1,1500.0,0
2026-09-29,MV32,Egor Matvievici,1443.0866187675692,1,1444.8660799920901,1,1500.0,0,1500.0,0,1500.0,0
2026-09-29,Y0A8,Taiyo Yamanaka,1443.070145203244,3,1437.0802185468726,3,1500.0,0,1500.0,0,1500.0,0
2026-09-29,LH91,Tiago Lourenco,1443.0684981116433,1,1500.0,0,1452.2343491183574,1,1500.0,0,1500.0,0
2026-09-29,SF27,Gustavo Santos,1443.0329694829727,1,1451.7031597254584,1,1500.0,0,1500.0,0,1500.0,0
2026-09-29,V356,Alex Vittur,1443.014449572544,1,1500.0,0,1442.2258435294582,1,1500.0,0,1500.0,0
2026-09-29,O503,Yannick Offermans,1443.0047511776286,1,1500.0,0,1437.3825482762272,1,1500.0,0,1500.0,0
2026-09-29,GB64,Lucian Gheorghe,1443.0036532437946,2,1500.0,0,1431.645126313751,2,1500.0,0,1500.0,0
2026-09-29,E708,Maximiliano Estevez,1442.9991026189223,41,1499.8977722944837,8,1430.8667451852937,33,1500.0,0,1500.0,0
2026-09-29,D0AH,Andrea Del Federico,1442.910264010261,2,1500.0,0,1437.4378567788626,2,1500.0,0,1500.0,0
2026-09-29,V313,Christian Florentin Voinea,1442.9056238874086,2,1420.3092995165246,2,1500.0,0,1500.0,0,1500.0,0
2026-09-29,G345,Alexey Gavrilov,1442.8710202370587,6,1482.809219468874,5,1442.2933538117477,1,1500.0,0,1500.0,0
2026-09-29,K591,Andrei Khlebnikov,1442.791925559977,1,1500.0,0,1439.4382797107355,1,1500.0,0,1500.0,0
2026-09-29,M0OT,Luis Felipe Miguel,1442.7381015949213,2,1500.0,0,1441.1282001885268,2,1500.0,0,1500.0,0
2026-09-29,V698,Duilio Vallebuona,1442.684047250428,2,1500.0,0,1446.2278420591815,2,1500.0,0,1500.0,0
2026-09-29,SL51,Matej Sabanov,1442.5981820821996,3,1471.17015574242,1,1461.7194959961923,2,1500.0,0,1500.0,0
2026-09-29,D0FO,Diego Duran,1442.5981042112107,4,1555.0101542713737,2,1428.1089021612436,1,1500.0,0,1500.0,0
2026-09-29,A749,Pedro Ast,1442.55982133318,2,1433.9174821927436,2,1500.0,0,1500.0,0,1500.0,0
2026-09-29,G450,Ralph Grambow,1442.5593521564883,3,1500.0,0,1488.9254966596773,2,1500.0,0,1434.6783311988,1
2026-09-29,MA72,Tyler Mayers,1442.556383320407,1,1434.3368048899058,1,1500.0,0,1500.0,0,1500.0,0
2026-09-29,O09F,Riki Oshima,1442.5327796976014,1,1500.0,0,1442.5854432533547,1,1500.0,0,1500.0,0
2026-09-29,W569,Soren Wedege,1442.5065077471509,4,1448.6552889373368,1,1542.7699509527329,2,1500.0,0,1411.6285886393362,1
2026-09-29,PG77,Hugo Perrin,1442.5047981783148,1,1445.5764288062041,1,1500.0,0,1500.0,0,1500.0,0
2026-09-29,K674,Tomonori Kuniyoshi,1442.4829818858882,1,1500.0,0,1500.0,0,1500.0,0,1467.7305055571014,1
2026-09-29,M752,Gabriel Montilla,1442.4520862881427,4,1455.745485876852,4,1500.0,0,1500.0,0,1500.0,0
2026-09-29,T879,Patrick Tierro,1442.424249623298,18,1415.3575800110762,6,1486.2182241715304,11,1500.0,0,1565.6631951100942,1
2026-09-29,K721,Dmytro Karnaukh,1442.393137315823,1,1500.0,0,1445.9468564793679,1,1500.0,0,1500.0,0
2026-09-29,L834,Ruo-Yang Li,1442.3806969237617,1,1500.0,0,1446.9216195666713,1,1500.0,0,1500.0,0
2026-09-29,F614,Jose-Luis Fernandez-Torrico,1442.3614592538663,1,1439.55212498984,1,1500.0,0,1500.0,0,1500.0,0
2026-09-29,K327,Anton Kokurin,1442.351400776717,8,1477.3323934200644,5,1449.564123810471,3,1500.0,0,1500.0,0
2026-09-29,SC74,Sornsakol Supakit,1442.3505218124674,1,1440.1727838137251,1,1500.0,0,1500.0,0,1500.0,0
2026-09-29,PA01,Luis Ernesto Peon,1442.2555105290642,1,1500.0,0,1439.1333185378421,1,1500.0,0,1500.0,0
2026-09-29,J398,Navid Johannigmann,1442.2441920334627,1,1500.0,0,1445.714864141839,1,1500.0,0,1500.0,0
2026-09-29,SE48,Jan Subota,1442.2197775402094,1,1500.0,0,1441.322583573214,1,1500.0,0,1500.0,0
2026-09-29,VA46,Lucas Vuradin,1442.2121386996103,1,1441.0801466715143,1,1500.0,0,1500.0,0,1500.0,0
2026-09-29,B0SU,Alexander Bravo,1442.2089955459314,1,1450.164757439969,1,1500.0,0,1500.0,0,1500.0,0
2026-09-29,V182,Rodrigo Vallejo,1442.1999182847867,1,1500.0,0,1460.9032315563798,1,1500.0,0,1500.0,0
2026-09-29,S09B,Mathieu Scaglia,1442.1740094771299,1,1447.8133572212198,1,1500.0,0,1500.0,0,1500.0,0
2026-09-29,A623,Aziz Avganov,1442.1563579799054,1,1500.0,0,1444.108599826162,1,1500.0,0,1500.0,0
2026-09-29,105062,Mikhail Kukushkin,1442.1384932912752,3,1448.5329425355783,3,1500.0,0,1500.0,0,1500.0,0
2026-09-29,104351,Ivo Minar,1442.1363964388788,3,1438.143988215096,3,1500.0,0,1500.0,0,1500.0,0
2026-09-29,D230,Genaro De Leon,1442.1321499821984,3,1432.9073763919066,1,1500.8930400292038,2,1500.0,0,1500.0,0
2026-09-29,L449,Demetris Leontis,1442.1262166340239,1,1434.3368048899058,1,1500.0,0,1500.0,0,1500.0,0
2026-09-29,R0B6,Lorenzo Rottoli,1442.0883897489632,12,1452.1927369556931,4,1447.9182178832073,8,1500.0,0,1500.0,0
2026-09-29,SE74,Omid Souri,1442.0834522922687,1,1500.0,0,1436.3605646941785,1,1500.0,0,1500.0,0
2026-09-29,SH85,Yury Shirshov,1442.0804711714438,1,1500.0,0,1439.4038387545156,1,1500.0,0,1500.0,0
2026-09-29,A392,Artemon Apostu-Efremov,1442.0784160773546,21,1423.653665222804,6,1497.255358036419,15,1500.0,0,1500.0,0
2026-09-29,ME29,Steven Moneke,1442.0573797644774,7,1500.0,0,1422.3737326514797,7,1500.0,0,1500.0,0
2026-09-29,B908,Johan Brunstrom,1442.048211887476,32,1447.9882300798943,20,1452.8335457991443,11,1444.18628415642,1,1500.0,0
2026-09-29,TE23,Keivon Tabrizi,1442.0381128219328,2,1432.0182210294508,2,1500.0,0,1500.0,0,1500.0,0
2026-09-29,F290,Kalle Flygt,1442.0279527551502,34,1530.5995434179151,18,1404.2686736356632,8,1500.0,0,1443.3860675278763,4
2026-09-29,J009,Luke Jensen,1441.9987539088893,1,1441.3829468111717,1,1500.0,0,1500.0,0,1500.0,0
2026-09-29,R373,Victor Romero,1441.987742558517,27,1433.156479084097,16,1440.0302351340351,11,1500.0,0,1500.0,0
2026-09-29,T240,Ivaylo Traykov,1441.979468887089,107,1386.1431072603536,12,1434.337196606348,77,1440.9031244009152,1,1543.7254514013541,17
2026-09-29,V396,Bas Van der Valk,1441.9694070278313,1,1500.0,0,1449.7197147229479,1,1500.0,0,1500.0,0
2026-09-29,L979,Pitchaya Limpimprorh,1441.962740013936,1,1447.7331571598756,1,1500.0,0,1500.0,0,1500.0,0
2026-09-29,R365,Nikos Rovas,1441.889568082852,10,1500.0,0,1442.7170725917977,7,1500.0,0,1475.3450018163817,3
2026-09-29,A785,Dario Acosta,1441.8401553393069,2,1500.0,0,1454.108592382334,2,1500.0,0,1500.0,0
2026-09-29,H792,Eduardo Hernando Celada,1441.8211872088496,2,1431.6182903327438,2,1500.0,0,1500.0,0,1500.0,0
2026-09-29,H634,Christian Hark,1441.7959779747869,1,1500.0,0,1434.2538454799922,1,1500.0,0,1500.0,0
2026-09-29,K219,Robbie Koenig,1441.7697038949389,2,1454.5211779450856,2,1500.0,0,1500.0,0,1500.0,0
2026-09-29,Z225,Zhuo-Qing Zhou,1441.7596213033046,2,1436.0000269509612,2,1500.0,0,1500.0,0,1500.0,0
2026-09-29,O278,Ugljesa Ostojic,1441.7581641012928,1,1500.0,0,1424.810855845023,1,1500.0,0,1500.0,0
2026-09-29,RA54,Rafael Rondino,1441.7510278319876,1,1441.9370184877048,1,1500.0,0,1500.0,0,1500.0,0
2026-09-29,S410,Marcelo Saliola,1441.7293426279386,1,1440.9208850063728,1,1500.0,0,1500.0,0,1500.0,0
2026-09-29,AC39,Mubarak Shannan Zayid,1441.7172993768295,9,1412.5137677559167,9,1500.0,0,1500.0,0,1500.0,0
2026-09-29,SY58,Issa Shanan Al Harrasi,1441.669206724513,1,1440.0069688667202,1,1500.0,0,1500.0,0,1500.0,0
2026-09-29,AA60,Elwin Antony,1441.6470198240074,1,1425.677412382391,1,1500.0,0,1500.0,0,1500.0,0
2026-09-29,S406,Grant Stafford,1441.585538577254,3,1432.033901604343,3,1500.0,0,1500.0,0,1500.0,0
2026-09-29,C874,Christopher Clayton,1441.5849649910351,1,1500.0,0,1440.3852215103577,1,1500.0,0,1500.0,0
2026-09-29,DB28,Andrew Dzulynsky,1441.5840970735594,1,1500.0,0,1500.0,0,1448.085356119058,1,1500.0,0
2026-09-29,M532,Aleksander Mierzwinski,1441.551945851783,1,1500.0,0,1440.4846144796454,1,1500.0,0,1500.0,0
2026-09-29,O370,David O'Hare,1441.5429653294414,2,1441.9600495328527,2,1500.0,0,1500.0,0,1500.0,0
2026-09-29,H387,John Hui,1441.5360118455967,4,1440.825435834889,4,1500.0,0,1500.0,0,1500.0,0
2026-09-29,C481,Marius Calugaru,1441.500571822834,1,1500.0,0,1446.354013920258,1,1500.0,0,1500.0,0
2026-09-29,S0UM,Josip Simundza,1441.4815617079903,5,1425.3152418488924,1,1440.8401072660076,4,1500.0,0,1500.0,0
2026-09-29,P995,Gordan Peranec,1441.43508230788,1,1455.2172217920436,1,1500.0,0,1500.0,0,1500.0,0
2026-09-29,WB27,Jarryd Woog,1441.4114884184376,2,1442.9428668251185,2,1500.0,0,1500.0,0,1500.0,0
2026-09-29,BD77,Paul Brighten,1441.4030637704445,1,1500.0,0,1447.8690405633397,1,1500.0,0,1500.0,0
2026-09-29,A318,Patricio Arquez,1441.3828587499843,32,1395.2186683933733,2,1467.1949625748755,30,1500.0,0,1500.0,0
2026-09-29,SK90,Andrea Stucchi,1441.3172969414968,1,1500.0,0,1444.0953476150517,1,1500.0,0,1500.0,0
2026-09-29,GC30,Luis Fernando Garcia,1441.2578933805182,1,1420.7784849930824,1,1500.0,0,1500.0,0,1500.0,0
2026-09-29,BU53,Constantin Bittoun Kouzmine,1441.2478897292417,24,1422.921723953267,20,1396.2550974418882,4,1500.0,0,1500.0,0
2026-09-29,RH21,Gianni Ross,1441.2293541177753,1,1438.1346720202955,1,1500.0,0,1500.0,0,1500.0,0
2026-09-29,O102,Oscar Ortiz,1441.2252338361002,6,1540.8454147675495,3,1421.3990734779195,3,1500.0,0,1500.0,0
2026-09-29,MK20,Aymeric Mara,1441.2089503381633,1,1424.0170385776757,1,1500.0,0,1500.0,0,1500.0,0
2026-09-29,C522,Kristian Capalik,1441.1931394490823,33,1369.0099722784237,22,1450.5029003768336,3,1570.9474018324229,7,1423.6948756719605,1
2026-09-29,S0M2,Ethan Denzel Sibanda,1441.1141439041162,1,1451.8583545228496,1,1500.0,0,1500.0,0,1500.0,0
2026-09-29,O259,Kacper Owsian,1441.0906285730248,2,1500.0,0,1447.1318359191237,2,1500.0,0,1500.0,0
2026-09-29,SF21,Kirati Siributwong,1441.0747085398411,3,1437.0897240083386,3,1500.0,0,1500.0,0,1500.0,0
2026-09-29,O664,Makoto Ochi,1441.0629352786666,42,1400.2202865924505,36,1479.167875890757,5,1500.0,0,1480.303804720221,1
2026-09-29,TC73,Dragos Torge,1441.0448057699152,1,1500.0,0,1439.1821998593996,1,1500.0,0,1500.0,0
2026-09-29,CA28,Antonio Comporto,1441.0251536010535,12,1500.0,0,1433.6388114370213,12,1500.0,0,1500.0,0
2026-09-29,L0KG,Henry Lieberman,1441.0033023536098,1,1445.7841446439263,1,1500.0,0,1500.0,0,1500.0,0
2026-09-29,N284,Noah Newman,1441.0030700001025,1,1443.8052071998723,1,1500.0,0,1500.0,0,1500.0,0
2026-09-29,R0IB,Maxence Rivet,1441.0005734405079,1,1500.0,0,1432.7408202108531,1,1500.0,0,1500.0,0
2026-09-29,A324,Simon Aspelin,1440.9891103014845,3,1424.993823665392,2,1500.0,0,1500.0,0,1450.2601015402945,1
2026-09-29,B0A4,Simen Sunde Bratholm,1440.9543288150649,3,1404.403014124148,2,1500.0,0,1500.0,0,1500.0,0
2026-09-29,N546,David Nord,1440.9543024026323,2,1500.0,0,1475.141210280093,1,1500.0,0,1500.0,0
2026-09-29,108642,Hayk Hakobyan,1440.9507062237874,1,1500.0,0,1439.8583984254553,1,1500.0,0,1500.0,0
2026-09-29,J219,Marcos Jimenez-Letrado,1440.9265254311308,1,1500.0,0,1444.3636325881241,1,1500.0,0,1500.0,0
2026-09-29,Z037,Tomas Anzari,1440.9031244009152,1,1500.0,0,1500.0,0,1440.9031244009152,1,1500.0,0
2026-09-29,S0NY,Gokberk Saritas,1440.9031244009152,1,1440.9031244009152,1,1500.0,0,1500.0,0,1500.0,0
2026-09-29,CB27,Pavel Cerny,1440.9031244009152,1,1500.0,0,1500.0,0,1500.0,0,1440.9031244009152,1
2026-09-29,P563,Anton Povkhan,1440.9031244009152,1,1500.0,0,1440.9031244009152,1,1500.0,0,1500.0,0
2026-09-29,SD50,Matt Sabo,1440.9031244009152,1,1500.0,0,1440.9031244009152,1,1500.0,0,1500.0,0
2026-09-29,Y260,Richard Yang,1440.9031244009152,1,1440.9031244009152,1,1500.0,0,1500.0,0,1500.0,0
2026-09-29,I158,Mirko Ivanda,1440.9031244009152,1,1500.0,0,1440.9031244009152,1,1500.0,0,1500.0,0
2026-09-29,B663,Boris Bachert,1440.9031244009152,1,1440.9031244009152,1,1500.0,0,1500.0,0,1500.0,0
2026-09-29,G666,Peter Gem,1440.9031244009152,1,1500.0,0,1440.9031244009152,1,1500.0,0,1500.0,0
2026-09-29,RA28,Yvonick Rivat,1440.9031244009152,1,1440.9031244009152,1,1500.0,0,1500.0,0,1500.0,0
2026-09-29,V387,Ken Veney,1440.9031244009152,1,1440.9031244009152,1,1500.0,0,1500.0,0,1500.0,0
2026-09-29,MB86,Olivier Mauger,1440.9031244009152,1,1500.0,0,1500.0,0,1500.0,0,1440.9031244009152,1
2026-09-29,BG73,Hendrik Bode,1440.9031244009152,1,1440.9031244009152,1,1500.0,0,1500.0,0,1500.0,0
2026-09-29,U0AC,Daniel Uta,1440.9031244009152,1,1500.0,0,1440.9031244009152,1,1500.0,0,1500.0,0
2026-09-29,AB18,Alejandro Augusto Bueno,1440.9031244009152,1,1440.9031244009152,1,1500.0,0,1500.0,0,1500.0,0
2026-09-29,T298,Ulrich Tippenhauer,1440.9031244009152,1,1500.0,0,1500.0,0,1500.0,0,1440.9031244009152,1
2026-09-29,A0I0,Simone Agostini,1440.9031244009152,1,1500.0,0,1440.9031244009152,1,1500.0,0,1500.0,0
2026-09-29,AE17,Abraham Asaba,1440.9031244009152,1,1500.0,0,1440.9031244009152,1,1500.0,0,1500.0,0
2026-09-29,M0IJ,Dhruva Mulye,1440.9031244009152,1,1500.0,0,1440.9031244009152,1,1500.0,0,1500.0,0
2026-09-29,C0H9,Credit Chaiyarin,1440.9031244009152,1,1500.0,0,1440.9031244009152,1,1500.0,0,1500.0,0
2026-09-29,A0BY,Alec Adamson,1440.9031244009152,1,1440.9031244009152,1,1500.0,0,1500.0,0,1500.0,0
2026-09-29,N395,Chun-Hwan Nam,1440.9031244009152,1,1440.9031244009152,1,1500.0,0,1500.0,0,1500.0,0
2026-09-29,F09R,Constantin Frantzen,1440.9031244009152,1,1440.9031244009152,1,1500.0,0,1500.0,0,1500.0,0
2026-09-29,R266,Andrew Richardson,1440.9031244009152,1,1500.0,0,1500.0,0,1440.9031244009152,1,1500.0,0
2026-09-29,C521,Nick Crowell,1440.9031244009152,1,1440.9031244009152,1,1500.0,0,1500.0,0,1500.0,0
2026-09-29,T898,Yu Takahashi,1440.9031244009152,1,1500.0,0,1500.0,0,1500.0,0,1500.0,0
2026-09-29,BB82,Laurens Beke,1440.9031244009152,1,1500.0,0,1440.9031244009152,1,1500.0,0,1500.0,0
2026-09-29,D243,James Davidson,1440.9031244009152,1,1500.0,0,1500.0,0,1500.0,0,1440.9031244009152,1
2026-09-29,ME48,Amir-Soheil Mohseni,1440.9031244009152,1,1500.0,0,1440.9031244009152,1,1500.0,0,1500.0,0
2026-09-29,B0IB,Gianluca Ballotta,1440.9031244009152,1,1500.0,0,1440.9031244009152,1,1500.0,0,1500.0,0
2026-09-29,I0BE,Saveliy Ivanov,1440.9031244009152,1,1440.9031244009152,1,1500.0,0,1500.0,0,1500.0,0
2026-09-29,C576,Ondrej Chvapil,1440.9031244009152,1,1500.0,0,1440.9031244009152,1,1500.0,0,1500.0,0
2026-09-29,MK92,Augusto Meirelles,1440.9031244009152,1,1500.0,0,1440.9031244009152,1,1500.0,0,1500.0,0
2026-09-29,M774,Alexander Maltsev,1440.9031244009152,1,1500.0,0,1440.9031244009152,1,1500.0,0,1500.0,0
2026-09-29,W255,Ryan Wolters,1440.9031244009152,1,1440.9031244009152,1,1500.0,0,1500.0,0,1500.0,0
2026-09-29,MC53,Phenyo Matong,1440.9031244009152,1,1440.9031244009152,1,1500.0,0,1500.0,0,1500.0,0
2026-09-29,S523,Gerard Solves,1440.9031244009152,1,1500.0,0,1500.0,0,1500.0,0,1440.9031244009152,1
2026-09-29,B692,Ivan Beros,1440.9031244009152,1,1500.0,0,1500.0,0,1500.0,0,1440.9031244009152,1
2026-09-29,L991,Kirill Lapushkin,1440.9031244009152,1,1440.9031244009152,1,1500.0,0,1500.0,0,1500.0,0
2026-09-29,T327,Renaud Thys,1440.9031244009152,1,1500.0,0,1500.0,0,1500.0,0,1440.9031244009152,1
2026-09-29,A0AV,Alexey Aleshchev,1440.9031244009152,1,1440.9031244009152,1,1500.0,0,1500.0,0,1500.0,0
2026-09-29,S672,Teo Susnjak,1440.9031244009152,1,1500.0,0,1500.0,0,1500.0,0,1500.0,0
2026-09-29,K705,Valentine Kassatkine,1440.9031244009152,1,1440.9031244009152,1,1500.0,0,1500.0,0,1500.0,0
2026-09-29,K835,Keita Koyama,1440.9031244009152,1,1440.9031244009152,1,1500.0,0,1500.0,0,1500.0,0
2026-09-29,F0BZ,Tomoya Fujiwara,1440.9031244009152,1,1440.9031244009152,1,1500.0,0,1500.0,0,1500.0,0
2026-09-29,RC24,Or Ram-Harel,1440.9031244009152,1,1440.9031244009152,1,1500.0,0,1500.0,0,1500.0,0
2026-09-29,LD35,Zhao-Tai Li,1440.8974916454436,1,1439.063670018573,1,1500.0,0,1500.0,0,1500.0,0
2026-09-29,S1CN,Jack Satterfield,1440.8625706863256,1,1423.9489761258528,1,1500.0,0,1500.0,0,1500.0,0
2026-09-29,SS14,Rui Pedro Silva,1440.8368802419484,1,1441.2043593383682,1,1500.0,0,1500.0,0,1500.0,0
2026-09-29,PL38,Sebastian Prechtel,1440.8060947641236,2,1458.0011759720028,1,1457.8475063233304,1,1500.0,0,1500.0,0
2026-09-29,L800,Anders Lindstrom,1440.798492766113,1,1500.0,0,1500.0,0,1500.0,0,1500.0,0
2026-09-29,F643,David Fontaine,1440.744782903547,1,1439.8145050200271,1,1500.0,0,1500.0,0,1500.0,0
2026-09-29,U176,Vadym Ursu,1440.7055479677465,47,1406.066760758961,39,1399.607806205331,7,1459.7106006262923,1,1500.0,0
2026-09-29,L408,Johan Landsberg,1440.697654342834,1,1500.0,0,1500.0,0,1434.3368048899058,1,1500.0,0
2026-09-29,N0AJ,Ki Lung Ng,1440.6943944547884,4,1435.413480432914,4,1500.0,0,1500.0,0,1500.0,0
2026-09-29,F537,Gabriel Franco,1440.6830401899863,1,1445.5483884446442,1,1500.0,0,1500.0,0,1500.0,0
2026-09-29,BJ44,Florian Barth,1440.6758197283816,3,1500.0,0,1439.9853364435892,3,1500.0,0,1500.0,0
2026-09-29,KD80,Timi Kivijarvi,1440.6680032242944,1,1500.0,0,1446.750419673921,1,1500.0,0,1500.0,0
2026-09-29,MF71,Denys Molchanov,1440.6323390085179,229,1447.9556631299947,173,1347.4866393724578,40,1514.797933431977,12,1414.1440705996265,2
2026-09-29,P477,Mirko Pehar,1440.6284853852978,4,1402.4234295284627,2,1531.2515713634912,2,1500.0,0,1500.0,0
2026-09-29,BF12,Pascal Brunner,1440.5991599114423,7,1470.462945804824,1,1448.0058479811848,6,1500.0,0,1500.0,0
2026-09-29,AF66,Goncalo Andrade,1440.5627445773307,1,1500.0,0,1440.1689534864247,1,1500.0,0,1500.0,0
2026-09-29,BD00,Roman Borvanov,1440.534887278473,101,1495.9373003862777,74,1410.825665240079,23,1375.4710699879706,2,1475.5152192555895,2
2026-09-29,W555,Richard Waite,1440.5009638825882,2,1448.7998662389957,1,1500.0,0,1451.0064875621972,1,1500.0,0
2026-09-29,R644,Alexandre Renard,1440.481307494358,9,1471.3475427182802,3,1380.7509102247045,2,1472.1634340074354,4,1500.0,0
2026-09-29,Y261,Trey Yates,1440.42260500668,1,1440.0519827223075,1,1500.0,0,1500.0,0,1500.0,0
2026-09-29,H0GS,Felipe Hernandez,1440.4214041916634,1,1500.0,0,1428.0881231302974,1,1500.0,0,1500.0,0
2026-09-29,O409,David O'leary,1440.4157346874067,1,1439.5477830952518,1,1500.0,0,1500.0,0,1500.0,0
2026-09-29,R387,Rodrigo Ribeiro,1440.4060329474323,1,1444.8778786174944,1,1500.0,0,1500.0,0,1500.0,0
2026-09-29,K925,Tomasz Krzyszkowski,1440.3725965303381,1,1500.0,0,1436.2420226709098,1,1500.0,0,1500.0,0
2026-09-29,W677,Jamie Whiteford,1440.3622133148858,1,1500.0,0,1500.0,0,1444.18628415642,1,1500.0,0
2026-09-29,H686,Frederic Hoarau,1440.348396123233,1,1432.1011243480136,1,1500.0,0,1500.0,0,1500.0,0
2026-09-29,KD04,Il'ja Kovalev,1440.309605357719,1,1441.4104617383675,1,1500.0,0,1500.0,0,1500.0,0
2026-09-29,H0C9,Arklon Huertas Del Pino Cordova,1440.3079624138154,35,1500.0,0,1423.2331285578575,34,1500.0,0,1500.0,0
2026-09-29,T977,Norman Tam,1440.266349669627,1,1437.8653343912597,1,1500.0,0,1500.0,0,1500.0,0
2026-09-29,MC62,Alex Miotto,1440.2494499408529,1,1500.0,0,1500.0,0,1439.7683607111157,1,1500.0,0
2026-09-29,SQ82,Gauthier Stauffer,1440.2325209739245,1,1422.175117338169,1,1500.0,0,1500.0,0,1500.0,0
2026-09-29,SR15,Abdullah Shannan Alharrasi,1440.215592242363,2,1420.067198741694,2,1500.0,0,1500.0,0,1500.0,0
2026-09-29,I0A6,Taisei Ichikawa,1440.1817045593168,10,1424.732746238492,10,1500.0,0,1500.0,0,1500.0,0
2026-09-29,B0WW,Emirhan Bulut,1440.132064082696,1,1444.1144276364196,1,1500.0,0,1500.0,0,1500.0,0
2026-09-29,V933,Peter Vajda,1440.1003426848004,4,1500.0,0,1434.4065498943985,4,1500.0,0,1500.0,0
2026-09-29,M0XN,Leo Matthysen,1440.0951982889417,1,1446.6010714912359,1,1500.0,0,1500.0,0,1500.0,0
2026-09-29,BD34,Stefan Borg,1440.090959546473,5,1449.5035082897077,2,1518.4809108597262,2,1500.0,0,1500.0,0
2026-09-29,SL26,Ivan Seliverov,1440.068930328813,1,1457.2592012779924,1,1500.0,0,1500.0,0,1500.0,0
2026-09-29,D626,Kevin Deden,1440.0533998730195,4,1500.0,0,1420.9957130150317,4,1500.0,0,1500.0,0
2026-09-29,W721,Anton Waern,1440.0278265063748,1,1435.6990158780475,1,1500.0,0,1500.0,0,1500.0,0
2026-09-29,AF32,Amine Ahouda,1439.996055161172,18,1481.2063265995962,1,1448.6253815616935,16,1500.0,0,1500.0,0
2026-09-29,M936,Mario Monroy,1439.9835277857217,6,1485.4673389035613,2,1448.7512639874108,4,1500.0,0,1500.0,0
2026-09-29,PG99,Anatoliy Petrenko,1439.9697507895553,1,1439.8722447774437,1,1500.0,0,1500.0,0,1500.0,0
2026-09-29,CE33,Andre Caiado,1439.9658003951724,1,1500.0,0,1437.5532381141986,1,1500.0,0,1500.0,0
2026-09-29,PB59,Ryan Preston,1439.9630776183606,8,1438.558979198006,8,1500.0,0,1500.0,0,1500.0,0
2026-09-29,PD85,Adrien Puget,1439.95120132357,2,1446.8809182484065,1,1473.476700751785,1,1500.0,0,1500.0,0
2026-09-29,PF78,Antun Pehar,1439.9150875551288,1,1442.976222945314,1,1500.0,0,1500.0,0,1500.0,0
2026-09-29,Y116,Dean Yimoyines Jr.,1439.8872533517037,1,1441.5641021516717,1,1500.0,0,1500.0,0,1500.0,0
2026-09-29,K740,Steven Korteling,1439.8527461937433,8,1500.0,0,1459.1440742919474,6,1500.0,0,1430.752671714777,2
2026-09-29,H986,Tom Kocevar-Desman,1439.83084026429,13,1374.4168552146743,8,1532.5672908100776,5,1500.0,0,1500.0,0
2026-09-29,T277,Takahiro Terachi,1439.8277601064697,89,1464.3586307983333,76,1431.270828534989,1,1448.733304821721,3,1312.2105683293985,9
2026-09-29,K0MW,Maan Kesharwani,1439.8257980101982,1,1436.3729535460568,1,1500.0,0,1500.0,0,1500.0,0
2026-09-29,N374,Georg Novak,1439.8254609672538,1,1500.0,0,1440.7101427423095,1,1500.0,0,1500.0,0
2026-09-29,P456,Bernard Parun,1439.8102484837286,4,1500.0,0,1448.2378640512477,1,1500.0,0,1436.703459355622,3
2026-09-29,K0MX,Enzo Kohlmann De Freitas,1439.7970519342844,2,1500.0,0,1436.7759446176779,2,1500.0,0,1500.0,0
2026-09-29,R393,Patricio Rudi,1439.7890386219215,7,1500.0,0,1420.4696204564596,7,1500.0,0,1500.0,0
2026-09-29,N470,Ante Nakic-Alfirevic,1439.7684008111398,4,1500.0,0,1421.5060068755854,4,1500.0,0,1500.0,0
2026-09-29,102546,Joseph Sirianni,1439.7353900499131,1,1439.2985616004753,1,1500.0,0,1500.0,0,1500.0,0
2026-09-29,122330,Reilly Opelka,1439.7128092439957,1,1500.0,0,1500.0,0,1444.18628415642,1,1500.0,0
2026-09-29,Y223,Fernando Yamacita,1439.6747022016248,2,1500.0,0,1446.128997578436,2,1500.0,0,1500.0,0
2026-09-29,T372,Nenad Toroman,1439.6727032585932,3,1438.3748388033184,3,1500.0,0,1500.0,0,1500.0,0
2026-09-29,KE15,Tim Kopinski,1439.6615360521907,2,1433.0259760224806,2,1500.0,0,1500.0,0,1500.0,0
2026-09-29,G919,Riccardo Grassi,1439.6604213415108,1,1500.0,0,1437.32281350486,1,1500.0,0,1500.0,0
2026-09-29,L399,Dimitri Lorin,1439.654923703309,13,1440.8137010630776,1,1471.7518388060284,12,1500.0,0,1500.0,0
2026-09-29,H841,Thomas-Cristian Hodel,1439.6420473985022,1,1500.0,0,1439.8308748133225,1,1500.0,0,1500.0,0
2026-09-29,T321,Esat Tanik,1439.6224069300379,3,1434.8072857172178,3,1500.0,0,1500.0,0,1500.0,0
2026-09-29,G444,Hans Grobecker,1439.6086020899234,1,1436.686540905422,1,1500.0,0,1500.0,0,1500.0,0
2026-09-29,BV13,Alexander Brown,1439.6040313103701,2,1437.6353585087375,2,1500.0,0,1500.0,0,1500.0,0
2026-09-29,K0P9,Kaan Isik Kosaner,1439.590909279225,1,1500.0,0,1427.4030559826754,1,1500.0,0,1500.0,0
2026-09-29,MI52,Jorge Montero,1439.5771480132466,3,1417.4005645363811,1,1464.7510562319114,2,1500.0,0,1500.0,0
2026-09-29,D548,Jamal Darmadi,1439.5649681503164,1,1439.6653996473615,1,1500.0,0,1500.0,0,1500.0,0
2026-09-29,H458,Sascha Hesse,1439.5454347706543,1,1500.0,0,1500.0,0,1500.0,0,1443.1583203436535,1
2026-09-29,BF38,Caio Burjaili,1439.5368579175977,1,1450.7726791055006,1,1500.0,0,1500.0,0,1500.0,0
2026-09-29,PL36,Rhett Purcell,1439.5204746670504,6,1461.5041857555768,5,1500.0,0,1424.3159931569598,1,1500.0,0
2026-09-29,E636,Thomas Estrada,1439.46256949399,1,1500.0,0,1440.4529189544098,1,1500.0,0,1500.0,0
2026-09-29,D718,Remko de Rijke,1439.458839977506,1,1500.0,0,1444.18628415642,1,1500.0,0,1500.0,0
2026-09-29,A0N7,Canice Abua,1439.4319624924174,1,1500.0,0,1427.3851800084178,1,1500.0,0,1500.0,0
2026-09-29,M908,Lavaughan Munroe,1439.313052750751,1,1500.0,0,1455.8030074423561,1,1500.0,0,1500.0,0
2026-09-29,SD11,Martin Schulhauser,1439.3001707078354,1,1500.0,0,1440.9499221827482,1,1500.0,0,1500.0,0
2026-09-29,KA33,Alexis Klegou,1439.3000736369086,7,1447.4630921585779,5,1435.6700972245703,2,1500.0,0,1500.0,0
2026-09-29,MG80,Riccardo Maiga,1439.2560408952031,1,1500.0,0,1442.825763943209,1,1500.0,0,1500.0,0
2026-09-29,L0BU,Hanyi Liu,1439.2499651220064,6,1445.4401927832764,5,1446.3680114730219,1,1500.0,0,1500.0,0
2026-09-29,M747,Frank Moser,1439.2185637773039,109,1341.9206160300023,47,1432.3325144208504,40,1453.2938613355252,16,1461.4278503239811,4
2026-09-29,MA06,John McGahon,1439.1825195775284,1,1500.0,0,1500.0,0,1500.0,0,1440.9031244009152,1
2026-09-29,G934,Guillermo Gomez-Diaz,1439.1391477845505,1,1438.954881806148,1,1500.0,0,1500.0,0,1500.0,0
2026-09-29,CH82,Connor Curry,1439.1354949963097,1,1500.0,0,1425.7978227726942,1,1500.0,0,1500.0,0
2026-09-29,H283,Jose Enrique Hernandez,1439.1191903821677,1,1500.0,0,1442.6797177970593,1,1500.0,0,1500.0,0
2026-09-29,SI83,Timofey Skripkin,1439.0980760779264,1,1438.9324827590563,1,1500.0,0,1500.0,0,1500.0,0
2026-09-29,BF01,Lewis Barnes,1439.0920679751778,1,1500.0,0,1500.0,0,1459.3484907105403,1,1500.0,0
2026-09-29,C09S,Fabio Coelho,1439.0879503187086,1,1500.0,0,1440.9031244009152,1,1500.0,0,1500.0,0
2026-09-29,B0DJ,Illya Beloborodko,1439.08585592566,3,1487.8459261554415,1,1453.9897610942555,2,1500.0,0,1500.0,0
2026-09-29,BU78,Finn Bass,1439.0601846870998,2,1436.1782960361913,2,1500.0,0,1500.0,0,1500.0,0
2026-09-29,R0DP,Sam Ryan Ziegann,1439.0230769530726,1,1437.330631308598,1,1500.0,0,1500.0,0,1500.0,0
2026-09-29,105643,Marc Rath,1439.020745920788,1,1500.0,0,1444.18628415642,1,1500.0,0,1500.0,0
2026-09-29,ME17,Matteo Marrai,1439.0184146910985,36,1296.021495844828,5,1520.2774203010856,30,1500.0,0,1500.0,0
2026-09-29,G0GX,Matias Gaedechens,1439.0039200458714,1,1500.0,0,1439.3954005873559,1,1500.0,0,1500.0,0
2026-09-29,SN15,Andrei Soltoianu,1438.9570278236454,1,1435.1724928902472,1,1500.0,0,1500.0,0,1500.0,0
2026-09-29,V883,Ilya Vasilyev,1438.9405231221322,7,1391.6800135235235,5,1516.7443830417735,2,1500.0,0,1500.0,0
2026-09-29,P560,Frank Pokorny,1438.9125653624408,3,1500.0,0,1454.3828280000116,3,1500.0,0,1500.0,0
2026-09-29,K409,Phillip King,1438.7610074878096,111,1446.854518070035,104,1393.2563023561786,2,1500.0,0,1402.2148564651725,4
2026-09-29,CC12,Erik Corace,1438.735702172881,2,1500.0,0,1417.7439968242118,2,1500.0,0,1500.0,0
2026-09-29,Z0CN,Jeremy Zhang,1438.7156975188643,1,1434.00717114818,1,1500.0,0,1500.0,0,1500.0,0
2026-09-29,CF52,Andrei Cociasu,1438.6582137872622,1,1500.0,0,1441.1493185476384,1,1500.0,0,1500.0,0
2026-09-29,SE24,Brad Sherwood,1438.6460621426347,1,1440.383040182161,1,1500.0,0,1500.0,0,1500.0,0
2026-09-29,LA99,Pablo Lijo Santos,1438.6451911810564,1,1500.0,0,1435.2170709588595,1,1500.0,0,1500.0,0
2026-09-29,PC63,Alessandro Petrone,1438.6412553866478,7,1408.3307410395164,4,1517.8384791824008,3,1500.0,0,1500.0,0
2026-09-29,200421,Mateus Alves,1438.604912572062,1,1500.0,0,1438.604912572062,1,1500.0,0,1500.0,0
2026-09-29,103498,Rohan Bopanna,1438.604912572062,1,1438.604912572062,1,1500.0,0,1500.0,0,1500.0,0
2026-09-29,111513,Johan Nikles,1438.604912572062,1,1438.604912572062,1,1500.0,0,1500.0,0,1500.0,0
2026-09-29,103324,Jan Hernych,1438.604912572062,1,1500.0,0,1438.604912572062,1,1500.0,0,1500.0,0
2026-09-29,104910,Matthias Bachinger,1438.604912572062,1,1500.0,0,1438.604912572062,1,1500.0,0,1500.0,0
2026-09-29,104405,Laurent Recouderc,1438.604912572062,1,1500.0,0,1438.604912572062,1,1500.0,0,1500.0,0
2026-09-29,103688,Alexander Satschko,1438.604912572062,1,1500.0,0,1438.604912572062,1,1500.0,0,1500.0,0
2026-09-29,104374,Ivo Minar,1438.604912572062,1,1500.0,0,1438.604912572062,1,1500.0,0,1500.0,0
2026-09-29,106101,Guilherme Clezar,1438.604912572062,1,1438.604912572062,1,1500.0,0,1500.0,0,1500.0,0
2026-09-29,126135,Alex Rybakov,1438.604912572062,1,1438.604912572062,1,1500.0,0,1500.0,0,1500.0,0
2026-09-29,J340,Patrick Jozwik,1438.5894110290749,1,1500.0,0,1430.0215175116825,1,1500.0,0,1500.0,0
2026-09-29,BJ43,Darius Florin Bragusi,1438.573956621774,2,1458.1531093238125,1,1463.9085115322684,1,1500.0,0,1500.0,0
2026-09-29,LC54,Benjamin Lock,1438.5543704543898,107,1415.3009785797506,81,1402.4700920363466,25,1447.9930563175076,1,1500.0,0
2026-09-29,BI79,Thiago Augusto Bitencourt Pinheiro,1438.5459683937347,1,1434.4129011747793,1,1500.0,0,1500.0,0,1500.0,0
2026-09-29,SR13,Markus Schultz,1438.5420449034755,1,1444.18628415642,1,1500.0,0,1500.0,0,1500.0,0
2026-09-29,105096,Alexandre Sidorenko,1438.4970699864107,1,1438.4370836424484,1,1500.0,0,1500.0,0,1500.0,0
2026-09-29,P732,Marian Podeprel,1438.4633935202864,1,1500.0,0,1440.9031244009152,1,1500.0,0,1500.0,0
2026-09-29,TE33,Sam Taylor,1438.4573792195897,1,1500.0,0,1445.5264304267648,1,1500.0,0,1500.0,0
2026-09-29,A742,Ahmed Abdrabuh,1438.4536502207832,2,1440.3401354603948,2,1500.0,0,1500.0,0,1500.0,0
2026-09-29,I0AX,Kokoro Isomura,1438.4439437778913,26,1394.421221055341,26,1500.0,0,1500.0,0,1500.0,0
2026-09-29,G0J7,Eugenio Gonzalez Fitzmaurice,1438.393381064687,1,1432.7947363887808,1,1500.0,0,1500.0,0,1500.0,0
2026-09-29,L0BH,Jaycer Lyeons,1438.382694309205,1,1500.0,0,1431.2695870505652,1,1500.0,0,1500.0,0
2026-09-29,BG54,Constantin Belot,1438.3532171828895,1,1428.7307626933818,1,1500.0,0,1500.0,0,1500.0,0
2026-09-29,V790,Martin Vaisse,1438.286104964194,25,1368.2584850258606,15,1505.7196376480874,10,1500.0,0,1500.0,0
2026-09-29,Y0AB,Takeru Yuzuki,1438.2660880234864,2,1416.2245492425939,2,1500.0,0,1500.0,0,1500.0,0
2026-09-29,S0J5,Sumit Sarkar,1438.2422501139058,1,1428.904752575222,1,1500.0,0,1500.0,0,1500.0,0
2026-09-29,V422,Charly Villeneuve,1438.2260310018698,2,1435.3464100654055,1,1461.294691175673,1,1500.0,0,1500.0,0
2026-09-29,CG67,Oliver Ceranic,1438.1984808527413,1,1444.18628415642,1,1500.0,0,1500.0,0,1500.0,0
2026-09-29,103930,Andre Wiesler,1438.1698871319068,1,1436.6764892517147,1,1500.0,0,1500.0,0,1500.0,0
2026-09-29,K0EZ,Yuta Kikuchi,1438.1606667793171,3,1426.5843500474593,3,1500.0,0,1500.0,0,1500.0,0
2026-09-29,AB47,Osvaldo Aguirre,1438.1508906336428,1,1500.0,0,1437.9398840826589,1,1500.0,0,1500.0,0
2026-09-29,H790,Mario Haider-Maurer,1438.1243730741912,1,1438.3889632299276,1,1500.0,0,1500.0,0,1500.0,0
2026-09-29,Z236,Alexandr Zotov,1438.105151832049,2,1428.949784731623,2,1500.0,0,1500.0,0,1500.0,0
2026-09-29,V514,Charles Robert Viale,1438.0806659043706,1,1453.7944344841349,1,1500.0,0,1500.0,0,1500.0,0
2026-09-29,C666,Adrian Cruciat,1438.0752502975374,114,1453.3573010823884,22,1474.6364636219162,85,1435.960653657623,4,1410.5673708056493,2
2026-09-29,G0CP,Ryan Goetz,1438.0695102139166,1,1437.6358077740824,1,1500.0,0,1500.0,0,1500.0,0
2026-09-29,L635,Carlos Lettieri,1438.046281736822,1,1500.0,0,1430.470803372408,1,1500.0,0,1500.0,0
2026-09-29,P695,Philipp Puck,1438.0175620723846,1,1500.0,0,1500.0,0,1500.0,0,1445.6071398986014,1
2026-09-29,J100,Michael Joyce,1438.0014264392867,95,1452.697947469182,80,1397.6268034513444,2,1500.0,0,1542.9682203496272,4
2026-09-29,T168,Laurence Tieleman,1437.9735648795408,64,1427.2992603552832,37,1422.9640149963784,13,1443.837903383511,10,1405.0032819798607,4
2026-09-29,J390,Sydney Jim,1437.9726660928534,1,1500.0,0,1446.235018547459,1,1500.0,0,1500.0,0
2026-09-29,B0V0,Nikita Belozertsev,1437.943125665932,4,1504.1416804806322,2,1404.5358384251158,2,1500.0,0,1500.0,0
2026-09-29,AB68,Ahmed Deedat Abdul Razak,1437.9402949369426,5,1439.1004284750124,5,1500.0,0,1500.0,0,1500.0,0
2026-09-29,KC55,Krasimir Kolev,1437.9374907151177,1,1500.0,0,1500.0,0,1426.073850014439,1,1500.0,0
2026-09-29,H523,Stephen Huss,1437.9050356729597,2,1436.2730903236802,2,1500.0,0,1500.0,0,1500.0,0
2026-09-29,DC23,Thomas Da Silva Ramos,1437.873609051118,1,1500.0,0,1432.7820445390566,1,1500.0,0,1500.0,0
2026-09-29,ME07,Petr Masek,1437.8670204985037,2,1500.0,0,1401.3932879469069,2,1500.0,0,1500.0,0
2026-09-29,102553,Joseph Sirianni,1437.8382007081684,1,1500.0,0,1437.8382007081684,1,1500.0,0,1500.0,0
2026-09-29,PE29,Matthew Pierot,1437.828155528782,1,1500.0,0,1500.0,0,1445.5008074602188,1,1500.0,0
2026-09-29,SF99,Rodrigo Starling,1437.7895883652852,1,1433.792601965314,1,1500.0,0,1500.0,0,1500.0,0
2026-09-29,N637,Mbonisi Ndimande,1437.7444154669586,4,1480.877946133234,3,1441.1917676863952,1,1500.0,0,1500.0,0
2026-09-29,O310,Raphael Ozelli,1437.7440667505766,1,1500.0,0,1435.607717578933,1,1500.0,0,1500.0,0
2026-09-29,DE21,Tom Diederich,1437.715925683388,1,1426.6318363656721,1,1500.0,0,1500.0,0,1500.0,0
2026-09-29,J513,Miki Jankovic,1437.6799586137208,34,1513.0870701587344,12,1402.0952505615157,22,1500.0,0,1500.0,0
2026-09-29,CB56,Tinotenda Chanakira,1437.6351787184797,1,1500.0,0,1438.534330981057,1,1500.0,0,1500.0,0
2026-09-29,SE17,Oskar Saarne,1437.6286171568195,1,1500.0,0,1500.0,0,1500.0,0,1434.3368048899058,1
2026-09-29,T268,Mohammad Reza Tavakoli,1437.6256460106777,1,1500.0,0,1434.3368048899058,1,1500.0,0,1500.0,0
2026-09-29,D637,Anuwat Dalodom,1437.6122920460914,1,1435.6393720105496,1,1500.0,0,1500.0,0,1500.0,0
2026-09-29,PD87,Artem Pudovkin,1437.6096290323644,2,1406.5958551208694,2,1500.0,0,1500.0,0,1500.0,0
2026-09-29,F812,Emanuel Fraitzl,1437.6083658320003,1,1500.0,0,1500.0,0,1431.7675882563494,1,1500.0,0
2026-09-29,TD49,Mert Naci Turker,1437.5537348386097,9,1429.7089033959905,8,1418.785397418143,1,1500.0,0,1500.0,0
2026-09-29,A516,Pietro Ansaldo,1437.5418144626076,2,1500.0,0,1415.40427580241,2,1500.0,0,1500.0,0
2026-09-29,P713,Miquel Perez Puigdomenech,1437.504972145592,4,1500.0,0,1449.7084948121708,4,1500.0,0,1500.0,0
2026-09-29,RB01,Robert Rotaru,1437.500995049401,1,1429.0416942855888,1,1500.0,0,1500.0,0,1500.0,0
2026-09-29,L872,Petru-Alexandru Luncanu,1437.4959682241217,71,1500.3068629009138,26,1361.759526182313,37,1500.0,0,1469.822804332178,4
2026-09-29,CC48,Pongphun Chimdee,1437.4573329836928,1,1447.070970504844,1,1500.0,0,1500.0,0,1500.0,0
2026-09-29,C756,Mauro Commisso,1437.448715470559,1,1500.0,0,1439.1595326750078,1,1500.0,0,1500.0,0
2026-09-29,MC90,Nicolo Marchioretto,1437.4075428291535,2,1500.0,0,1418.7477297835792,2,1500.0,0,1500.0,0
2026-09-29,B0H3,Gerhardt Marius Becker,1437.3683935366041,1,1432.2113524850042,1,1500.0,0,1500.0,0,1500.0,0
2026-09-29,R806,Marco-Antonio Rojas,1437.307692197498,1,1500.0,0,1434.3368048899058,1,1500.0,0,1500.0,0
2026-09-29,SX77,Isaiah Strode,1437.2975288981881,2,1418.6675021974415,2,1500.0,0,1500.0,0,1500.0,0
2026-09-29,GD27,Andreas Gremelmayr,1437.2599796809259,1,1437.5358290867318,1,1500.0,0,1500.0,0,1500.0,0
2026-09-29,P364,Vladimir Platenik,1437.2544480183053,1,1500.0,0,1441.1962056439054,1,1500.0,0,1500.0,0
2026-09-29,GB30,Daniel Geib,1437.1462492231612,1,1437.2533194633506,1,1500.0,0,1500.0,0,1500.0,0
2026-09-29,SL76,Rodrigo Schaefer,1437.1361826766347,1,1500.0,0,1442.8486955540714,1,1500.0,0,1500.0,0
2026-09-29,ML71,Alban Meuffels,1437.10694341434,8,1442.211203103817,2,1453.2913282798543,3,1473.1776969324026,3,1500.0,0
2026-09-29,BC35,Eric Butorac,1437.1029076147108,20,1440.2589975236385,11,1486.7898446405131,5,1455.9538356130952,3,1500.0,0
2026-09-29,MA04,Jan Masik,1437.0663955978987,44,1471.7277938342586,20,1449.7835281656482,23,1500.0,0,1426.5305298003123,1
2026-09-29,J09J,Yeong-Seok Jeong,1437.0510906616455,1,1428.7455274074352,1,1500.0,0,1500.0,0,1500.0,0
2026-09-29,MA12,Kabelo Maleka,1436.9339332443747,1,1432.4777603616217,1,1500.0,0,1500.0,0,1500.0,0
2026-09-29,104996,Danila Arsenov,1436.9324982227108,1,1444.18628415642,1,1500.0,0,1500.0,0,1500.0,0
2026-09-29,CD59,Francisco Carbajal,1436.913805101635,1,1500.0,0,1437.2857276396066,1,1500.0,0,1500.0,0
2026-09-29,105740,Bastian Trinker,1436.87776781486,1,1500.0,0,1444.18628415642,1,1500.0,0,1500.0,0
2026-09-29,MC28,Rodrigo Michelucci,1436.874062332764,1,1433.1047545385916,1,1500.0,0,1500.0,0,1500.0,0
2026-09-29,SK41,Nicolaas Scholtz,1436.8400236149807,35,1390.3463750918436,30,1605.3645191077962,1,1500.0,0,1500.0,0
2026-09-29,O527,Chanyeong Oh,1436.839929820231,2,1436.591078165925,2,1500.0,0,1500.0,0,1500.0,0
2026-09-29,L622,Felipe Lemos,1436.8237674630236,2,1472.1452945069213,1,1451.6990099247644,1,1500.0,0,1500.0,0
2026-09-29,H836,Tyler Hochwalt,1436.8086093245902,9,1428.104210184752,9,1500.0,0,1500.0,0,1500.0,0
2026-09-29,R338,Jocelyn Robichaud,1436.7806287047438,1,1441.5427957392649,1,1500.0,0,1500.0,0,1500.0,0
2026-09-29,V170,Christophe Van Garsse,1436.7704526406176,1,1500.0,0,1425.0750799870227,1,1500.0,0,1500.0,0
2026-09-29,PG74,Aviruth Phaphui,1436.7541218367342,4,1430.317647530602,4,1500.0,0,1500.0,0,1500.0,0
2026-09-29,K969,Vaclav Kucera,1436.7520063280253,1,1440.0118426834413,1,1500.0,0,1500.0,0,1500.0,0
2026-09-29,Y102,Dannio Yahya,1436.7115543420832,2,1431.3967460218453,2,1500.0,0,1500.0,0,1500.0,0
2026-09-29,K826,Nikita Kryvonos,1436.7003713094614,38,1417.1703677801827,17,1440.016823284224,16,1486.8801360144876,2,1473.7815570863315,3
2026-09-29,P443,Jonathan Pastel,1436.6592923014869,1,1435.6479371609944,1,1500.0,0,1500.0,0,1500.0,0
2026-09-29,B600,Luke Bourgeois,1436.6351416568925,48,1423.5936717585746,28,1429.1755628251653,1,1567.8768167802093,13,1509.8912228552795,6
2026-09-29,BE95,Dmytro Badanov,1436.6272933749542,1,1444.18628415642,1,1500.0,0,1500.0,0,1500.0,0
2026-09-29,LH35,Fabian Lara,1436.585958273181,1,1443.6437763408446,1,1500.0,0,1500.0,0,1500.0,0
2026-09-29,BF49,Edward Bourchier,1436.5652005318004,1,1437.426563820091,1,1500.0,0,1500.0,0,1500.0,0
2026-09-29,LB50,Mikelis Libietis,1436.4665976333608,17,1462.0534847975605,14,1388.0735829028265,3,1500.0,0,1500.0,0
2026-09-29,B0A1,Martin Borisiouk,1436.4573662370128,6,1423.5727345571606,6,1500.0,0,1500.0,0,1500.0,0
2026-09-29,J208,Rico Jacober,1436.4283732253593,1,1500.0,0,1446.0595882072537,1,1500.0,0,1500.0,0
2026-09-29,MW37,Nicaise Muamba,1436.3676342830704,1,1436.9297427001898,1,1500.0,0,1500.0,0,1500.0,0
2026-09-29,F235,Remus Farcas,1436.3662718232245,1,1500.0,0,1438.4095364281977,1,1500.0,0,1500.0,0
2026-09-29,J557,Gregoire Jacq,1436.3114089727653,18,1432.78065524898,11,1410.7361894630578,7,1500.0,0,1500.0,0
2026-09-29,SR80,Pavel Shchaya-Zubrov,1436.310113737089,1,1436.3097281298876,1,1500.0,0,1500.0,0,1500.0,0
2026-09-29,G954,Abraham Gonzalez-Jimenez,1436.2833584846105,2,1465.4093412837794,1,1468.1187972925047,1,1500.0,0,1500.0,0
2026-09-29,S989,Patrick Schnidrig,1436.278470451046,1,1500.0,0,1411.5165308844555,1,1500.0,0,1500.0,0
2026-09-29,108966,Igor Chaldounov,1436.26035124322,1,1446.7275499354819,1,1500.0,0,1500.0,0,1500.0,0
2026-09-29,SR48,Soufiane Sahli,1436.232910391702,1,1500.0,0,1431.4569732998355,1,1500.0,0,1500.0,0
2026-09-29,Z223,Jean Zietsman,1436.2258342162047,2,1500.0,0,1369.7614788429833,2,1500.0,0,1500.0,0
2026-09-29,MG39,Mithun Murali,1436.214611509114,1,1434.2126637265023,1,1500.0,0,1500.0,0,1500.0,0
2026-09-29,SG16,Matias Saenz,1436.1592971595917,1,1500.0,0,1435.494716414013,1,1500.0,0,1500.0,0
2026-09-29,KD78,Kirill Kasyanov,1436.1325554418777,2,1455.796729424656,1,1500.0,0,1459.8467384007226,1,1500.0,0
2026-09-29,L883,Raian Luchici,1436.1233664141703,7,1500.0,0,1437.871198644271,7,1500.0,0,1500.0,0
2026-09-29,RB77,Nathan Rakitt,1436.0639543042932,2,1435.4195785286681,2,1500.0,0,1500.0,0,1500.0,0
2026-09-29,K415,Robert Kowalczyk,1436.0506919200377,1,1436.0506919200377,1,1500.0,0,1500.0,0,1500.0,0
2026-09-29,G733,Adolfo Gomez Pinter,1436.0356831576032,2,1500.0,0,1434.504381829383,2,1500.0,0,1500.0,0
2026-09-29,D0I0,Sebastian Dominko,1436.0331329562969,8,1490.8407135391387,3,1417.8249540442112,4,1500.0,0,1500.0,0
2026-09-29,MK56,Abdulhamid Mubarak,1436.0321974114229,1,1500.0,0,1451.6009095493691,1,1500.0,0,1500.0,0
2026-09-29,F965,Sora Fukuda,1436.0264504522572,8,1446.2322263794065,6,1435.471058873873,1,1500.0,0,1449.4992928197266,1
2026-09-29,110252,Taylor Fogleman,1435.984174647582,3,1452.3963400763437,1,1471.8598350136708,2,1500.0,0,1500.0,0
2026-09-29,EA16,Juan Espinel,1435.9790512670402,1,1433.6500528424945,1,1500.0,0,1500.0,0,1500.0,0
2026-09-29,W687,Wan Abdul Muiz Wan Abdul Aziz,1435.9509436125923,1,1444.18628415642,1,1500.0,0,1500.0,0,1500.0,0
2026-09-29,L0LX,Jeri Lassila,1435.939667308644,1,1431.8287346335642,1,1500.0,0,1500.0,0,1500.0,0
2026-09-29,O315,Kai Ohuchi,1435.9315361211939,1,1442.9590589852032,1,1500.0,0,1500.0,0,1500.0,0
2026-09-29,Z178,Denis Zivkovic,1435.9015741228009,41,1482.5539360759983,23,1378.9668860183033,17,1500.0,0,1435.2749120708481,1
2026-09-29,D388,Leslie Demiliani,1435.8458373343033,3,1404.69289150905,1,1500.0,0,1500.0,0,1515.2803772749785,2
2026-09-29,R818,Hakim Rezgui,1435.8285302915415,1,1500.0,0,1449.2099681069944,1,1500.0,0,1500.0,0
2026-09-29,B595,Keith Brill,1435.8093697140343,1,1500.0,0,1434.6814105538479,1,1500.0,0,1500.0,0
2026-09-29,W738,Brandon Walkin,1435.8091954073852,7,1364.4955041421556,7,1500.0,0,1500.0,0,1500.0,0
2026-09-29,O675,Alexander Ovcharov,1435.7920736249107,1,1435.2514318510696,1,1500.0,0,1500.0,0,1500.0,0
2026-09-29,C507,Carlos Castellanos,1435.7230240825606,1,1500.0,0,1437.138313473668,1,1500.0,0,1500.0,0
2026-09-29,G841,Jacob Gutwillig,1435.7070299476086,1,1437.8820818454344,1,1500.0,0,1500.0,0,1500.0,0
2026-09-29,DB79,Mihaita Daniel Damian,1435.6926837877174,1,1500.0,0,1436.9985564326978,1,1500.0,0,1500.0,0
2026-09-29,RB39,Yoann Re,1435.6846324009598,1,1440.9031244009152,1,1500.0,0,1500.0,0,1500.0,0
2026-09-29,T301,Duc Quynh Tran,1435.6630400766644,2,1420.448500731553,2,1500.0,0,1500.0,0,1500.0,0
2026-09-29,TF57,Giuseppe Tresca,1435.6626291185519,1,1500.0,0,1440.9031244009152,1,1500.0,0,1500.0,0
2026-09-29,R0IU,William Rejchtman Vinciguerra,1435.6609838055003,5,1465.1771926943845,1,1408.4700810122438,4,1500.0,0,1500.0,0
2026-09-29,CD98,Cedrick Commin,1435.6572452508394,1,1500.0,0,1449.4178748903864,1,1500.0,0,1500.0,0
2026-09-29,GC52,Vasile-Alexandru Ghilea,1435.6464808343196,4,1500.0,0,1428.9745693612983,4,1500.0,0,1500.0,0
2026-09-29,H0JX,Ernest Habiyambere,1435.6293192889605,2,1500.0,0,1393.9388507473732,2,1500.0,0,1500.0,0
2026-09-29,MC18,Denis Matsukevich,1435.6193288003305,139,1368.0023768269496,96,1357.3012664384332,27,1478.2305112200427,7,1566.8216889943083,6
2026-09-29,B407,Nicola Bruno,1435.5812459570354,5,1455.031328615943,5,1500.0,0,1500.0,0,1500.0,0
2026-09-29,P725,Frantisek Polyak,1435.5357914200301,2,1457.3085416171125,1,1463.3920604344858,1,1500.0,0,1500.0,0
2026-09-29,MJ40,Andreas Mies,1435.5263106544814,1,1500.0,0,1435.8201656477638,1,1500.0,0,1500.0,0
2026-09-29,C797,Dong-Whee Choi,1435.5181867738104,1,1434.6361377254962,1,1500.0,0,1500.0,0,1500.0,0
2026-09-29,DC50,Lucas Dages,1435.5035886535468,2,1500.0,0,1430.2492265606427,2,1500.0,0,1500.0,0
2026-09-29,106121,Tristan Lamasine,1435.4966662307945,3,1576.452328145685,1,1376.6580833010628,2,1500.0,0,1500.0,0
2026-09-29,SI63,Wojciech Starakiewicz,1435.4833671822278,1,1500.0,0,1437.1005888706036,1,1500.0,0,1500.0,0
2026-09-29,M0P3,Enmanuel Munoz,1435.471511217912,1,1500.0,0,1434.9807788098694,1,1500.0,0,1500.0,0
2026-09-29,F609,Juan Guillermo Florez,1435.4696606286207,1,1500.0,0,1431.308037438684,1,1500.0,0,1500.0,0
2026-09-29,Z366,Matias Zukas,1435.458458062512,22,1547.795993732509,2,1406.6008112583413,20,1500.0,0,1500.0,0
2026-09-29,102808,Frederic Niemeyer,1435.3952025344659,1,1500.0,0,1500.0,0,1444.18628415642,1,1500.0,0
2026-09-29,W803,Lukas Winkelmann,1435.3392055289792,1,1500.0,0,1426.0603584415087,1,1500.0,0,1500.0,0
2026-09-29,104812,Scoville Jenkins,1435.2964430137556,1,1500.0,0,1500.0,0,1444.18628415642,1,1500.0,0
2026-09-29,L200,Robert Lindberg,1435.2964430137556,1,1500.0,0,1435.2964430137556,1,1500.0,0,1500.0,0
2026-09-29,104028,Simon Stadler,1435.2964430137556,1,1444.18628415642,1,1500.0,0,1500.0,0,1500.0,0
2026-09-29,110251,Niwat Weawboot,1435.2964430137556,1,1444.18628415642,1,1500.0,0,1500.0,0,1500.0,0
2026-09-29,126774,Stefanos Tsitsipas,1435.2964430137556,1,1500.0,0,1444.18628415642,1,1500.0,0,1500.0,0
2026-09-29,105044,Lukas Lacko,1435.2964430137556,1,1435.2964430137556,1,1500.0,0,1500.0,0,1500.0,0
2026-09-29,104117,Arthur Surreaux,1435.2964430137556,1,1500.0,0,1500.0,0,1444.18628415642,1,1500.0,0
2026-09-29,103551,Ralph Grambow,1435.2964430137556,1,1500.0,0,1435.2964430137556,1,1500.0,0,1500.0,0
2026-09-29,AD26,Rasul Akhmadaliev,1435.2793797744398,1,1435.9124200822155,1,1500.0,0,1500.0,0,1500.0,0
2026-09-29,R785,Andrea Roscioli,1435.2620779374474,1,1500.0,0,1444.8224121963965,1,1500.0,0,1500.0,0
2026-09-29,PC95,Gael Particelli,1435.221306086581,1,1435.2660665485018,1,1500.0,0,1500.0,0,1500.0,0
2026-09-29,G400,Juan Giner,1435.2001663105596,45,1500.0,0,1437.3506013734961,45,1500.0,0,1500.0,0
2026-09-29,M0XL,Michele Mecarelli,1435.1708972279857,2,1470.4515622004576,1,1445.3808800795298,1,1500.0,0,1500.0,0
2026-09-29,AD41,Daniel Appelgren,1435.158752117588,2,1500.0,0,1438.1385944787087,2,1500.0,0,1500.0,0
2026-09-29,G647,Adrian Gavrila,1435.1035083758068,2,1500.0,0,1438.78041981546,2,1500.0,0,1500.0,0
2026-09-29,R361,Yohny Romero,1435.0827327213813,30,1423.0270838125732,20,1424.7998022318545,10,1500.0,0,1500.0,0
2026-09-29,E923,Daniel Eger,1435.0265200172025,1,1444.18628415642,1,1500.0,0,1500.0,0,1500.0,0
2026-09-29,S649,Wolfgang Schranz,1435.0171258446876,14,1529.5403807367702,2,1478.556303953563,11,1500.0,0,1427.5039851344939,1
2026-09-29,WB07,Hao Wu,1435.007024406771,1,1500.0,0,1448.9001301416079,1,1500.0,0,1500.0,0
2026-09-29,C547,Julien Couly,1434.9413594899174,2,1427.3922813588435,1,1500.0,0,1470.601776223415,1,1500.0,0
2026-09-29,MI62,Ronak Manuja,1434.9104849614496,1,1433.1343956785583,1,1500.0,0,1500.0,0,1500.0,0
2026-09-29,SF89,Rubin Statham,1434.8908782985275,234,1412.4299480091734,190,1447.0549332367286,34,1400.6907059743974,2,1413.262800812563,6
2026-09-29,TD55,Renta Tokuda,1434.8709848786207,53,1393.028126346188,52,1473.3041600244137,1,1500.0,0,1500.0,0
2026-09-29,N389,Henner Nehles,1434.8115677785433,1,1500.0,0,1500.0,0,1500.0,0,1456.4160225914825,1
2026-09-29,F0GS,Abel Forger,1434.8093655099929,2,1500.0,0,1422.5633495329243,2,1500.0,0,1500.0,0
2026-09-29,F859,Bastien Favier,1434.794810910791,1,1428.7695249441085,1,1500.0,0,1500.0,0,1500.0,0
2026-09-29,Z413,Jiacheng Zhu,1434.7786575574657,2,1426.6525890057046,2,1500.0,0,1500.0,0,1500.0,0
2026-09-29,AC34,Kuatbek Abiyev,1434.7495648535964,1,1427.5877512090444,1,1500.0,0,1500.0,0,1500.0,0
2026-09-29,HA07,Andres Herrera,1434.7349812043608,1,1500.0,0,1410.8223424793798,1,1500.0,0,1500.0,0
2026-09-29,S902,Marc Steger,1434.718265080954,1,1435.9673074144619,1,1500.0,0,1500.0,0,1500.0,0
2026-09-29,DA85,Gianluca Di Nicola,1434.7126833303826,7,1500.0,0,1432.616037738026,7,1500.0,0,1500.0,0
2026-09-29,T0IA,Ryotaro Taguchi,1434.7038294915583,6,1399.678304382587,6,1500.0,0,1500.0,0,1500.0,0
2026-09-29,ME93,Antonio Martin Velez,1434.6898987477691,2,1463.7321479223228,1,1448.3537158030097,1,1500.0,0,1500.0,0
2026-09-29,RA15,Elie Rousset,1434.6243541812344,15,1428.550401401488,14,1459.5059684748528,1,1500.0,0,1500.0,0
2026-09-29,O189,Bostjan Osabnik,1434.620957635867,13,1535.7962491455385,4,1394.3371754078694,9,1500.0,0,1500.0,0
2026-09-29,SN57,Anton Saranchukov,1434.5793436266133,2,1432.4483561994386,2,1500.0,0,1500.0,0,1500.0,0
2026-09-29,PD78,Stefan Perez-Senent,1434.579330451552,1,1443.949849707787,1,1500.0,0,1500.0,0,1500.0,0
2026-09-29,SC54,Andreas Siljestrom,1434.5792148666042,5,1449.410302585403,2,1500.0,0,1429.4057227627964,1,1500.0,0
2026-09-29,PD04,Giorgio Portaluri,1434.573995740289,1,1500.0,0,1433.895620494581,1,1500.0,0,1500.0,0
2026-09-29,A975,Anthony Assal,1434.553184366028,1,1436.1591594057497,1,1500.0,0,1500.0,0,1500.0,0
2026-09-29,N0CA,Nikolay Nedelchev,1434.4921347247973,1,1500.0,0,1433.0197595038724,1,1500.0,0,1500.0,0
2026-09-29,R961,Yuri Radomsky,1434.467071765484,1,1500.0,0,1426.4386825119782,1,1500.0,0,1500.0,0
2026-09-29,K945,Blazej Koniusz,1434.4164809763174,12,1461.6369379361959,3,1438.63617014201,9,1500.0,0,1500.0,0
2026-09-29,D876,Ben Dunbar,1434.4108879490386,1,1500.0,0,1500.0,0,1432.5188272177734,1,1500.0,0
2026-09-29,D0M9,Guillermo Tunas,1434.3850427425405,1,1430.4123770420865,1,1500.0,0,1500.0,0,1500.0,0
2026-09-29,B0FP,Razvan Baiant,1434.37148983543,1,1431.5129558062986,1,1500.0,0,1500.0,0,1500.0,0
2026-09-29,C479,Antonio Couvert,1434.3690642631498,1,1500.0,0,1441.2024423418118,1,1500.0,0,1500.0,0
2026-09-29,B09P,Amir Hossein Badi,1434.3368048899058,1,1434.3368048899058,1,1500.0,0,1500.0,0,1500.0,0
2026-09-29,108895,Mohammed Fawzy,1434.3368048899058,1,1500.0,0,1500.0,0,1500.0,0,1434.3368048899058,1
2026-09-29,SN33,Tunde Segodo,1434.3368048899058,1,1500.0,0,1434.3368048899058,1,1500.0,0,1500.0,0
2026-09-29,D0B5,Nikoloz Davlianidze,1434.3368048899058,1,1434.3368048899058,1,1500.0,0,1500.0,0,1500.0,0
2026-09-29,C0A4,Kevin Cheruiyot,1434.3368048899058,1,1434.3368048899058,1,1500.0,0,1500.0,0,1500.0,0
2026-09-29,I195,Candy Idoko,1434.3368048899058,1,1434.3368048899058,1,1500.0,0,1500.0,0,1500.0,0
2026-09-29,K397,Sunil Kumar,1434.3368048899058,1,1434.3368048899058,1,1500.0,0,1500.0,0,1500.0,0
2026-09-29,R673,Romain Radwan,1434.3368048899058,1,1434.3368048899058,1,1500.0,0,1500.0,0,1500.0,0
2026-09-29,N215,Jean Nabi,1434.3368048899058,1,1500.0,0,1500.0,0,1500.0,0,1434.3368048899058,1
2026-09-29,FB99,Atilio Jose Flores,1434.3368048899058,1,1500.0,0,1434.3368048899058,1,1500.0,0,1500.0,0
2026-09-29,F331,Samuel Fumi,1434.3368048899058,1,1500.0,0,1434.3368048899058,1,1500.0,0,1500.0,0
2026-09-29,B0U3,Abdulmajeed Bukhari,1434.3368048899058,1,1434.3368048899058,1,1500.0,0,1500.0,0,1500.0,0
2026-09-29,A0KE,Daniel Azar,1434.3368048899058,1,1500.0,0,1434.3368048899058,1,1500.0,0,1500.0,0
2026-09-29,A621,Joel Allen,1434.3368048899058,1,1500.0,0,1434.3368048899058,1,1500.0,0,1500.0,0
2026-09-29,108586,Augusto Sanabria,1434.3368048899058,1,1500.0,0,1434.3368048899058,1,1500.0,0,1500.0,0
2026-09-29,SZ15,Michel Saade,1434.3368048899058,1,1434.3368048899058,1,1500.0,0,1500.0,0,1500.0,0
2026-09-29,S015,Javier Sanchez,1434.3368048899058,1,1434.3368048899058,1,1500.0,0,1500.0,0,1500.0,0
2026-09-29,F0IL,Matavao Fanguna,1434.3368048899058,1,1434.3368048899058,1,1500.0,0,1500.0,0,1500.0,0
2026-09-29,A497,Yazan Al Kasim,1434.3368048899058,1,1434.3368048899058,1,1500.0,0,1500.0,0,1500.0,0
2026-09-29,B0PB,Jacob Bicknell,1434.3368048899058,1,1500.0,0,1500.0,0,1500.0,0,1500.0,0
2026-09-29,C0CO,Mark Chigaazira,1434.3368048899058,1,1434.3368048899058,1,1500.0,0,1500.0,0,1500.0,0
2026-09-29,K0BR,Yassir Kilani,1434.3368048899058,1,1434.3368048899058,1,1500.0,0,1500.0,0,1500.0,0
2026-09-29,C0Q0,Kwok Shun Dasson Chan,1434.3368048899058,1,1434.3368048899058,1,1500.0,0,1500.0,0,1500.0,0
2026-09-29,R505,Victor Ribas,1434.3368048899058,1,1500.0,0,1500.0,0,1500.0,0,1434.3368048899058,1
2026-09-29,ML81,Gino Meeuwsen,1434.3368048899058,1,1434.3368048899058,1,1500.0,0,1500.0,0,1500.0,0
2026-09-29,A496,Adel Al-Shatti,1434.3368048899058,1,1434.3368048899058,1,1500.0,0,1500.0,0,1500.0,0
2026-09-29,TB41,Carlos Taborga,1434.3368048899058,1,1434.3368048899058,1,1500.0,0,1500.0,0,1500.0,0
2026-09-29,B972,David Babayan,1434.3368048899058,1,1500.0,0,1500.0,0,1500.0,0,1434.3368048899058,1
2026-09-29,R438,Augusto Ricciardi,1434.3368048899058,1,1500.0,0,1434.3368048899058,1,1500.0,0,1500.0,0
2026-09-29,108769,Johann Coles,1434.333745197805,1,1433.691287898319,1,1500.0,0,1500.0,0,1500.0,0
2026-09-29,B0BK,Aleksandr Braynin,1434.3335292685153,5,1437.7975896179346,4,1477.0219495909585,1,1500.0,0,1500.0,0
2026-09-29,RD41,Kovit Ratanaphet,1434.3334980797256,1,1433.5937514785348,1,1500.0,0,1500.0,0,1500.0,0
2026-09-29,N558,N.Sriram Balaji,1434.330284898623,63,1321.182304042139,49,1438.2784060423808,13,1581.4903890164167,1,1500.0,0
2026-09-29,P992,Jean-Baptiste Poux-Gautier,1434.2883658443159,1,1451.814184853282,1,1500.0,0,1500.0,0,1500.0,0
2026-09-29,T313,Dimo Tolev,1434.2428121475043,1,1500.0,0,1429.1306130414403,1,1500.0,0,1500.0,0
2026-09-29,SP75,Dominik Suc,1434.211018297793,1,1500.0,0,1439.651398574643,1,1500.0,0,1500.0,0
2026-09-29,PA34,Nejc Podkrajsek,1434.148568174669,1,1424.5388264319859,1,1500.0,0,1500.0,0,1500.0,0
2026-09-29,W719,Marcus Walters,1434.0940648389371,1,1500.0,0,1500.0,0,1440.9031244009152,1,1500.0,0
2026-09-29,SJ25,Cristobal Saavedra-Corvalan,1434.0865823908684,36,1421.8321182212915,3,1466.0713004095114,33,1500.0,0,1500.0,0
2026-09-29,SB32,Saurabh Singh,1434.0158443965495,1,1437.5515261724452,1,1500.0,0,1500.0,0,1500.0,0
2026-09-29,G868,Erik Graves,1433.945610158357,2,1429.3071952503526,2,1500.0,0,1500.0,0,1500.0,0
2026-09-29,V617,Javier Valenzuela-Gonzalez,1433.9241368915552,2,1500.0,0,1428.4016371713494,2,1500.0,0,1500.0,0
2026-09-29,S896,Riad Sawas,1433.911859183606,1,1432.2099085248838,1,1500.0,0,1500.0,0,1500.0,0
2026-09-29,G0BZ,Mateo Gomez,1433.9058009318346,2,1500.0,0,1433.1521852215078,2,1500.0,0,1500.0,0
2026-09-29,BK35,Haadin Salim Bava,1433.7891181898974,1,1428.9396988663548,1,1500.0,0,1500.0,0,1500.0,0
2026-09-29,P432,Gabriel Pitta,1433.764575206245,4,1439.5330815596626,3,1483.6260339785388,1,1500.0,0,1500.0,0
2026-09-29,CC60,Piotr Cialkowski,1433.7446415405732,1,1500.0,0,1426.337595570116,1,1500.0,0,1500.0,0
2026-09-29,PB01,Carlos Palencia,1433.7374995118332,8,1520.8142476826217,5,1409.5163165634285,3,1500.0,0,1500.0,0
2026-09-29,D837,Luigi D'Agord,1433.6648025528293,15,1449.73780442603,7,1471.2327963662342,8,1500.0,0,1500.0,0
2026-09-29,N653,Jung-Woong Na,1433.654447981694,14,1420.709075008971,14,1500.0,0,1500.0,0,1500.0,0
2026-09-29,C805,Andrew Carlson,1433.6395825285758,1,1435.4838738729013,1,1500.0,0,1500.0,0,1500.0,0
2026-09-29,126128,Alexander Bublik,1433.6308156123578,1,1500.0,0,1444.18628415642,1,1500.0,0,1500.0,0
2026-09-29,L899,Filippo Leonardi,1433.630002656177,4,1500.0,0,1455.4557374101282,4,1500.0,0,1500.0,0
2026-09-29,W385,Ken Whitaker,1433.6189057686572,1,1500.0,0,1451.2191142585448,1,1500.0,0,1500.0,0
2026-09-29,S0KH,Jeremy Schifris,1433.5804001964657,1,1440.9031244009152,1,1500.0,0,1500.0,0,1500.0,0
2026-09-29,T825,Leroy Tujeehut,1433.566788298927,1,1500.0,0,1500.0,0,1500.0,0,1446.6010714912359,1
2026-09-29,F696,Adrian Forberg Skogeng,1433.5188304567278,1,1500.0,0,1427.2113144039074,1,1500.0,0,1500.0,0
2026-09-29,L720,Michael Lux,1433.5068269511937,1,1500.0,0,1500.0,0,1434.0221679391846,1,1500.0,0
2026-09-29,M0HM,Michael Mathayomchand,1433.4971819006278,2,1420.5700373833051,2,1500.0,0,1500.0,0,1500.0,0
2026-09-29,RA78,Vikram Reddy B,1433.4902734832287,1,1432.6497442251334,1,1500.0,0,1500.0,0,1500.0,0
2026-09-29,HB18,Alp Horoz,1433.4667533200713,1,1429.1277916460012,1,1500.0,0,1500.0,0,1500.0,0
2026-09-29,RB03,Aidynbek Rakhishev,1433.4437340267361,1,1427.3069986649145,1,1500.0,0,1500.0,0,1500.0,0
2026-09-29,V427,Jose Velazquez,1433.4132063824275,1,1500.0,0,1407.0515221948601,1,1500.0,0,1500.0,0
2026-09-29,SC68,Ashutosh Singh,1433.4121604859658,7,1395.2826977105879,7,1500.0,0,1500.0,0,1500.0,0
2026-09-29,W0C5,Thehan Sanjaya Wijemanne,1433.383495070965,1,1500.0,0,1431.7183377118179,1,1500.0,0,1500.0,0
2026-09-29,SH25,Philipp Schneider,1433.3081875003138,1,1500.0,0,1441.1409558389005,1,1500.0,0,1500.0,0
2026-09-29,F0BA,Alexander Fairbanks,1433.3016997973828,1,1500.0,0,1431.2518198740047,1,1500.0,0,1500.0,0
2026-09-29,110264,Jesper Brunstrom,1433.3000444483166,3,1480.3544125308092,2,1444.18628415642,1,1500.0,0,1500.0,0
2026-09-29,O336,Boris Obama,1433.2503492471028,1,1500.0,0,1500.0,0,1433.4665667685429,1,1500.0,0
2026-09-29,G737,Robert Godlewski,1433.2432645035258,3,1500.0,0,1431.6273931896603,3,1500.0,0,1500.0,0
2026-09-29,BD48,Bastiaan Beszelsen,1433.2431493580816,1,1500.0,0,1500.0,0,1500.0,0,1440.9031244009152,1
2026-09-29,I206,Simeon Ivanov,1433.223228656196,1,1500.0,0,1421.765526447553,1,1500.0,0,1500.0,0
2026-09-29,CA44,Joe Cooper,1433.2138753642869,1,1432.499998983733,1,1500.0,0,1500.0,0,1500.0,0
2026-09-29,L0HN,Luca Lemaitre,1433.1917607045225,3,1418.8278496456144,3,1500.0,0,1500.0,0,1500.0,0
2026-09-29,Z305,Francisco Zambon,1433.175895132605,1,1500.0,0,1417.2244539183812,1,1500.0,0,1500.0,0
2026-09-29,CA61,Viorel-Catalin Ciobanu,1433.1675055977266,1,1500.0,0,1438.0720027033244,1,1500.0,0,1500.0,0
2026-09-29,MM05,Yann Minster,1433.1572178420213,1,1500.0,0,1433.186025466834,1,1500.0,0,1500.0,0
2026-09-29,A884,Cristian Alvarez,1433.1534654695463,1,1423.5404910646287,1,1500.0,0,1500.0,0,1500.0,0
2026-09-29,P386,Jonathan Printzlau,1433.1233579811712,3,1465.85920535435,2,1500.0,0,1500.0,0,1434.3368048899058,1
2026-09-29,A709,Armen Avetisyan,1433.0877193347656,1,1500.0,0,1439.8177931067753,1,1500.0,0,1500.0,0
2026-09-29,BI15,Brandon Burke,1433.0629488731504,2,1500.0,0,1429.5971842568092,1,1458.986413757379,1,1500.0,0
2026-09-29,HH01,Benjamin Hannestad,1433.0448773589421,4,1372.7172661298757,3,1500.0,0,1500.0,0,1532.831597555047,1
2026-09-29,MW83,Jody Maginley,1433.0425529599547,2,1480.1441199057838,1,1445.8707020731158,1,1500.0,0,1500.0,0
2026-09-29,I193,Dmitriy Ivanov,1433.038525424256,1,1430.9090256274608,1,1500.0,0,1500.0,0,1500.0,0
2026-09-29,K953,Dimitris Kleftakos,1432.9806323636633,2,1500.0,0,1450.5498613245236,1,1500.0,0,1438.914283563479,1
2026-09-29,N673,Spencer Newman,1432.934192824226,1,1500.0,0,1500.0,0,1500.0,0,1500.0,0
2026-09-29,K538,Whi Kim,1432.8950929837474,1,1434.6255053860696,1,1500.0,0,1500.0,0,1500.0,0
2026-09-29,O250,Mohamed-Redha Ouahab,1432.8660126204586,1,1500.0,0,1433.090186770005,1,1500.0,0,1500.0,0
2026-09-29,A732,Arnaud Agniel,1432.7936989845032,1,1441.4622853803776,1,1500.0,0,1500.0,0,1500.0,0
2026-09-29,S0T1,Joao Eduardo Schiessl,1432.7872385593048,21,1429.7050846082554,1,1447.8040973737195,20,1500.0,0,1500.0,0
2026-09-29,Y196,Francisco Yim Kim,1432.7853256460126,1,1461.1025906849113,1,1500.0,0,1500.0,0,1500.0,0
2026-09-29,BE83,Kevin Botti,1432.7551262558134,2,1427.0598992572416,2,1500.0,0,1500.0,0,1500.0,0
2026-09-29,K842,Andrew Kolker,1432.7391739056675,1,1446.448273846195,1,1500.0,0,1500.0,0,1500.0,0
2026-09-29,W0AX,Oscar Weightman,1432.7371129926753,8,1430.0029753121516,5,1500.0,0,1449.6736250309411,3,1500.0,0
2026-09-29,Y099,Hiu-Tung Yu,1432.7085212810916,28,1440.7170207412937,23,1443.5083597738417,5,1500.0,0,1500.0,0
2026-09-29,M743,Kunj Majmudar,1432.7008377863137,1,1440.1972635878103,1,1500.0,0,1500.0,0,1500.0,0
2026-09-29,V393,Levan Vadachkoria,1432.6974630586376,1,1500.0,0,1440.1527479073563,1,1500.0,0,1500.0,0
2026-09-29,PE84,Ciprian Alexandru Porumb,1432.6757873268466,1,1500.0,0,1443.9353941322015,1,1500.0,0,1500.0,0
2026-09-29,CG92,Jose Fernando Carvajal Torres,1432.6027984943646,3,1481.8280845037978,2,1456.1391327970248,1,1500.0,0,1500.0,0
2026-09-29,AB34,Arturo Altamirano,1432.6013694342143,1,1500.0,0,1432.3948657585552,1,1500.0,0,1500.0,0
2026-09-29,V666,Geert-Jan Van Dijken,1432.5964453554213,1,1500.0,0,1433.4774668987116,1,1500.0,0,1500.0,0
2026-09-29,BQ50,Dmitrii Baskov,1432.581444882873,1,1434.0657475753196,1,1500.0,0,1500.0,0,1500.0,0
2026-09-29,104471,Fred Gil,1432.5605258302521,3,1500.0,0,1432.5605258302521,3,1500.0,0,1500.0,0
2026-09-29,KA74,Vladimir Karusevich,1432.5409275212635,4,1456.649006043568,1,1471.0744792366593,1,1500.0,0,1488.6407612738979,2
2026-09-29,G317,Igor Gaudi,1432.5181443447864,33,1473.8454736655626,5,1411.2282938567218,19,1456.6835737964182,7,1502.9343718207494,2
2026-09-29,105934,Jaden Grinter,1432.4694801633943,1,1500.0,0,1444.18628415642,1,1500.0,0,1500.0,0
2026-09-29,SY75,Patrik Sudic,1432.4687353854586,1,1500.0,0,1444.18628415642,1,1500.0,0,1500.0,0
2026-09-29,MF48,Idan Mark,1432.4385862995312,1,1432.2368730056694,1,1500.0,0,1500.0,0,1500.0,0
2026-09-29,GD58,Quentin Gueydan,1432.3841256294445,1,1414.5119733326753,1,1500.0,0,1500.0,0,1500.0,0
2026-09-29,MN44,Bradley Mousley,1432.3798288512712,60,1396.106776258626,56,1457.2655487207765,1,1359.9233943072713,3,1500.0,0
2026-09-29,CF05,Zhao Cai,1432.353077698465,2,1483.6877382057237,1,1438.3554322072246,1,1500.0,0,1500.0,0
2026-09-29,ML41,Daniel McCall,1432.348530023788,1,1427.9774799748427,1,1500.0,0,1500.0,0,1500.0,0
2026-09-29,K166,Sean Karam,1432.2999239463977,1,1500.0,0,1434.3368048899058,1,1500.0,0,1500.0,0
2026-09-29,RD02,Diogo Rocha,1432.298023225158,1,1500.0,0,1430.1362404045237,1,1500.0,0,1500.0,0
2026-09-29,SI97,Xander Spong,1432.2888693234713,1,1500.0,0,1500.0,0,1444.18628415642,1,1500.0,0
2026-09-29,J564,Woo Hyeok Jang,1432.280379677454,1,1428.4493082908682,1,1500.0,0,1500.0,0,1500.0,0
2026-09-29,DE34,Dmitrii Dosuzhev,1432.2748039056542,1,1422.806107512701,1,1500.0,0,1500.0,0,1500.0,0
2026-09-29,Z097,Aitor Zubiarrain,1432.2408741957645,1,1429.7974212666388,1,1500.0,0,1500.0,0,1500.0,0
2026-09-29,ML51,Toby Martin,1432.2323703110874,1,1500.0,0,1500.0,0,1436.6464974831563,1,1500.0,0
2026-09-29,SB04,Daniel Sigarev,1432.2310170607573,1,1500.0,0,1437.5416857322673,1,1500.0,0,1500.0,0
2026-09-29,MG19,Gaetano Marrone,1432.2206274856314,1,1500.0,0,1500.0,0,1500.0,0,1434.9040213699582,1
2026-09-29,M704,Roberto Menendez,1432.2148298371924,10,1500.0,0,1442.6567637220262,10,1500.0,0,1500.0,0
2026-09-29,Z100,Lars Zimmermann,1432.1817435619064,1,1500.0,0,1431.636421363997,1,1500.0,0,1500.0,0
2026-09-29,Z134,Igor Zelenay,1432.170447867487,49,1439.9948763468894,20,1362.7069857795238,13,1594.492191627671,8,1502.0779915449125,8
2026-09-29,K09S,Philipp Klimov,1432.1232646010847,1,1426.3644711995905,1,1500.0,0,1500.0,0,1500.0,0
2026-09-29,A264,Enzo Artoni,1432.1189013563057,1,1500.0,0,1449.9486951693907,1,1500.0,0,1500.0,0
2026-09-29,L0A0,Alberto Lim,1432.108804393308,9,1393.1459877311554,6,1497.5200778404346,1,1500.0,0,1500.0,0
2026-09-29,V296,Dmitry Vlasov,1432.0962015446592,92,1458.9378636506965,44,1429.1456184433791,45,1500.0,0,1468.1018642133865,3
2026-09-29,C793,Michael Calkins,1432.0539438197004,1,1432.8065860327677,1,1500.0,0,1500.0,0,1500.0,0
2026-09-29,MN92,Christian Marian,1432.050165303021,1,1500.0,0,1429.057995330095,1,1500.0,0,1500.0,0
2026-09-29,K0AU,Naoto Kai,1432.0096481490452,1,1428.3789788976123,1,1500.0,0,1500.0,0,1500.0,0
2026-09-29,Y0B7,Kerem Yilmaz,1431.9814057539113,2,1440.024788133269,1,1469.8348157771616,1,1500.0,0,1500.0,0
2026-09-29,BH51,Pedro Bernardi,1431.9648332505672,1,1500.0,0,1432.5253256494316,1,1500.0,0,1500.0,0
2026-09-29,Q922,Sebastian Quintero,1431.9569065998462,1,1500.0,0,1437.0022435574756,1,1500.0,0,1500.0,0
2026-09-29,MN36,Franko Miocic,1431.944467690222,2,1420.1732293421958,2,1500.0,0,1500.0,0,1500.0,0
2026-09-29,W554,Tom Williams,1431.9439504292272,1,1500.0,0,1500.0,0,1444.18628415642,1,1500.0,0
2026-09-29,T156,Peter Tramacchi,1431.9186899927477,1,1410.567566633507,1,1500.0,0,1500.0,0,1500.0,0
2026-09-29,SK85,Ziad Sultan,1431.8608757298616,1,1500.0,0,1444.18628415642,1,1500.0,0,1500.0,0
2026-09-29,G634,Juan Carlos Gonzalez,1431.8149883622295,1,1500.0,0,1432.4244399166794,1,1500.0,0,1500.0,0
2026-09-29,O498,Issei Okamura,1431.8085681190444,1,1430.1483761126185,1,1500.0,0,1500.0,0,1500.0,0
2026-09-29,BD82,Sergey Betov,1431.7803311600742,49,1459.2740517594707,42,1314.503518524297,7,1500.0,0,1500.0,0
2026-09-29,S0UU,Maxim Shin,1431.761685284829,2,1429.4584936151425,2,1500.0,0,1500.0,0,1500.0,0
2026-09-29,B756,Steve Berke,1431.7536923766816,3,1441.626096844264,3,1500.0,0,1500.0,0,1500.0,0
2026-09-29,MC81,Jamie Murray,1431.688302868276,10,1435.32301171921,8,1483.2408958285414,1,1425.0236419465734,1,1500.0,0
2026-09-29,K304,Roman Kukal,1431.6779731944803,1,1500.0,0,1500.0,0,1500.0,0,1416.3268995607727,1
2026-09-29,G432,Matteo Gotti,1431.6706001624782,3,1475.0812548334463,2,1443.0342939353334,1,1500.0,0,1500.0,0
2026-09-29,Y131,Aaron Yovan,1431.6548514191766,1,1428.2049159836647,1,1500.0,0,1500.0,0,1500.0,0
2026-09-29,O252,Scott Oudsema,1431.634612499504,91,1426.2796347227538,76,1432.1539572421914,9,1518.5982115563675,6,1500.0,0
2026-09-29,A837,Toni Androic,1431.6123834102236,70,1410.1076930652616,18,1444.6806624729325,48,1445.7605767627028,2,1470.3061061196602,1
2026-09-29,G0KB,Francisco Tomas Geschwind,1431.5799348970552,1,1500.0,0,1430.7758416240522,1,1500.0,0,1500.0,0
2026-09-29,E0EH,David Ekpenyong,1431.574390125218,1,1443.0305771470366,1,1500.0,0,1500.0,0,1500.0,0
2026-09-29,G980,Sam Gould,1431.5631445291783,1,1444.18628415642,1,1500.0,0,1500.0,0,1500.0,0
2026-09-29,AB64,Andrei Stefan Apostol,1431.5396443915142,2,1500.0,0,1411.2246150221197,2,1500.0,0,1500.0,0
2026-09-29,LC88,Winston Lin,1431.4702616013428,2,1416.8348269470262,2,1500.0,0,1500.0,0,1500.0,0
2026-09-29,T0KN,Ronan Tashinga Mtisi,1431.467638622626,1,1434.3368048899058,1,1500.0,0,1500.0,0,1500.0,0
2026-09-29,CH35,Mile Cilic,1431.4298777668287,1,1500.0,0,1425.979590154026,1,1500.0,0,1500.0,0
2026-09-29,MP51,Philip Moebius,1431.420290014548,1,1500.0,0,1434.120338039793,1,1500.0,0,1500.0,0
2026-09-29,CB88,Pitichart Chokchaijaroen,1431.3791219646396,1,1438.6309232262872,1,1500.0,0,1500.0,0,1500.0,0
2026-09-29,L0MM,Santiago Ledesma,1431.36413816731,1,1429.1529107811411,1,1500.0,0,1500.0,0,1500.0,0
2026-09-29,G741,Eduard Glukhov,1431.3411169283095,1,1500.0,0,1444.6020531320678,1,1500.0,0,1500.0,0
2026-09-29,,Hanlei Lu,1431.3290331519518,13,1444.3623000057214,10,1414.2856306765116,3,1500.0,0,1500.0,0
2026-09-29,K292,Nitten Kirrtane,1431.3222798962904,1,1431.4479594178847,1,1500.0,0,1500.0,0,1500.0,0
2026-09-29,R549,Jose Ignacio Rodriguez,1431.262369932137,1,1456.8337074666924,1,1500.0,0,1500.0,0,1500.0,0
2026-09-29,D530,David Demers,1431.2550929840818,1,1500.0,0,1430.5799818881228,1,1500.0,0,1500.0,0
2026-09-29,SD07,Rahul Sankhla,1431.2522429273972,1,1444.0111459008313,1,1500.0,0,1500.0,0,1500.0,0
2026-09-29,B0VT,Juan Jose Bianchi,1431.2394702258425,1,1500.0,0,1421.4502926903722,1,1500.0,0,1500.0,0
2026-09-29,MQ09,Oscar Mesquida Berg,1431.2088584143748,1,1500.0,0,1417.4741521204683,1,1500.0,0,1500.0,0
2026-09-29,A0AN,Cengiz Aksu,1431.0823886937774,2,1390.3243708127084,2,1500.0,0,1500.0,0,1500.0,0
2026-09-29,V542,Laurent Vigne,1431.074682077108,1,1439.7111151968606,1,1500.0,0,1500.0,0,1500.0,0
2026-09-29,V463,Mehrdad Vahabi,1431.0233444807013,1,1500.0,0,1434.6346838654547,1,1500.0,0,1500.0,0
2026-09-29,R427,Emiliano Redondi,1431.0207194882564,18,1413.9585751127834,4,1473.1864920567566,14,1500.0,0,1500.0,0
2026-09-29,R964,Lofo Ramiaramanana,1430.9592840430446,3,1549.3418370623313,1,1418.3048991578066,1,1500.0,0,1452.9683247422456,1
2026-09-29,C543,Jason Cook,1430.9469055397637,1,1440.9031244009152,1,1500.0,0,1500.0,0,1500.0,0
2026-09-29,H694,Johnny Hamui,1430.92850197136,2,1500.0,0,1438.4100196641907,2,1500.0,0,1500.0,0
2026-09-29,T0BY,Siim Troost,1430.9221608031103,1,1434.3368048899058,1,1500.0,0,1500.0,0,1500.0,0
2026-09-29,SJ52,Michal Schmid,1430.9132023843597,23,1417.0289986605273,4,1451.4210182424151,15,1500.0,0,1391.3004158275348,2
2026-09-29,TG90,Jean Thirouin,1430.8994551020553,2,1449.285672470305,1,1473.426200673238,1,1500.0,0,1500.0,0
2026-09-29,H563,Guillermo Hormazabal,1430.8768933574293,45,1419.6782020641263,2,1458.1210823799056,40,1500.0,0,1417.9453400522898,1
2026-09-29,GB69,Zachary Gilbert,1430.7930866098027,1,1433.9226669571078,1,1500.0,0,1500.0,0,1500.0,0
2026-09-29,I198,Takahiro Ittogi,1430.793018458306,2,1451.1771446671191,1,1466.5038960909283,1,1500.0,0,1500.0,0
2026-09-29,H479,Matthew Hanlin,1430.7681159054157,1,1500.0,0,1500.0,0,1433.605594574706,1,1500.0,0
2026-09-29,V136,Milen Velev,1430.6998795846184,9,1500.0,0,1433.982778175997,9,1500.0,0,1500.0,0
2026-09-29,M0D4,M Rifki Fitriadi,1430.6912544285774,8,1467.6401509572518,5,1416.7303238280838,1,1500.0,0,1500.0,0
2026-09-29,D331,Christian Dillschneider,1430.6483643937586,4,1500.0,0,1386.2614322130844,2,1500.0,0,1504.0177471667555,2
2026-09-29,P350,Solon Peppas,1430.639237469569,97,1470.6332494088063,12,1440.557848606581,84,1500.0,0,1457.2707300982158,1
2026-09-29,Z103,Pavel Zelenkin,1430.588149940609,1,1431.1658809441062,1,1500.0,0,1500.0,0,1500.0,0
2026-09-29,GA90,Emiliano Garcia-Blanksman,1430.5624255155672,1,1500.0,0,1431.0249678987639,1,1500.0,0,1500.0,0
2026-09-29,KC69,Rewat Kitprasertsakul,1430.5609011753143,1,1429.9377804849207,1,1500.0,0,1500.0,0,1500.0,0
2026-09-29,PJ32,Manuel Pena Lopez,1430.520523359792,7,1500.0,0,1409.918661514347,7,1500.0,0,1500.0,0
2026-09-29,EA25,Rodrigo Echavarria,1430.5054698676252,1,1431.7134952244653,1,1500.0,0,1500.0,0,1500.0,0
2026-09-29,U046,Gordon Uehling,1430.494509759364,4,1404.0646599372005,2,1504.2680330257456,2,1500.0,0,1500.0,0
2026-09-29,L771,Jonathan Laubut,1430.4939958463283,1,1437.6350814826349,1,1500.0,0,1500.0,0,1500.0,0
2026-09-29,B0AZ,Thomas Bosancic,1430.4313077637846,1,1436.4814740623128,1,1500.0,0,1500.0,0,1500.0,0
2026-09-29,W736,Keisuke Watanuki,1430.4189056179587,1,1500.0,0,1500.0,0,1500.0,0,1438.6758770924373,1
2026-09-29,O365,Djanibek Orazoliev,1430.4047727844986,1,1500.0,0,1439.606432013777,1,1500.0,0,1500.0,0
2026-09-29,K644,Maxime Koffi,1430.3713399792184,1,1434.3368048899058,1,1500.0,0,1500.0,0,1500.0,0
2026-09-29,N246,Chris Numbers,1430.3630471092354,1,1427.7347005187112,1,1500.0,0,1500.0,0,1500.0,0
2026-09-29,K0CF,Sheil Kotecha,1430.332462694246,1,1430.9006535558367,1,1500.0,0,1500.0,0,1500.0,0
2026-09-29,O0BJ,Eric Jr. Olivarez,1430.2592557341006,1,1500.0,0,1447.931102361291,1,1500.0,0,1500.0,0
2026-09-29,L879,Dan Lempa,1430.2530612939572,1,1413.7600984404805,1,1500.0,0,1500.0,0,1500.0,0
2026-09-29,S0CE,Marvin Bernardo Spiering,1430.2406327876574,1,1500.0,0,1428.6412639771916,1,1500.0,0,1500.0,0
2026-09-29,R311,Kresimir Ritz,1430.2335008125694,2,1464.2730112305517,1,1460.4308476382605,1,1500.0,0,1500.0,0
2026-09-29,SE49,Lawal Shehu,1430.2261857603721,1,1435.180108596351,1,1500.0,0,1500.0,0,1500.0,0
2026-09-29,GB76,Damon Gooch,1430.2231039230487,4,1404.2566255344586,4,1500.0,0,1500.0,0,1500.0,0
2026-09-29,N371,Andrew Nisker,1430.1846795334773,1,1433.1923582361064,1,1500.0,0,1500.0,0,1500.0,0
2026-09-29,S605,Radovan Svetlik,1430.1767806049493,1,1500.0,0,1429.8788850903813,1,1500.0,0,1500.0,0
2026-09-29,HA14,Slim Hamza,1430.1261602349311,2,1423.387338497788,2,1500.0,0,1500.0,0,1500.0,0
2026-09-29,E861,Nicolas Ernst,1430.1191610477858,2,1473.98708979359,1,1446.2880526112272,1,1500.0,0,1500.0,0
2026-09-29,S965,Israel Sevilla-Maruhenda,1430.1131331407794,1,1500.0,0,1438.1548811465243,1,1500.0,0,1500.0,0
2026-09-29,KE58,Markus Kerner,1430.099549875564,1,1500.0,0,1434.3368048899058,1,1500.0,0,1500.0,0
2026-09-29,103953,Karol Beck,1430.0970469566896,1,1430.0970469566896,1,1500.0,0,1500.0,0,1500.0,0
2026-09-29,A0J5,Stefan Adrian Andreescu,1430.049072007203,5,1500.0,0,1414.9775542365278,5,1500.0,0,1500.0,0
2026-09-29,V331,Luciano Vitullo,1430.0296934780972,1,1439.102349176604,1,1500.0,0,1500.0,0,1500.0,0
2026-09-29,R0LH,Jackson Ross,1430.0188641984403,1,1415.6099096309506,1,1500.0,0,1500.0,0,1500.0,0
2026-09-29,HA18,Ashley Hewitt,1429.8987535718961,1,1500.0,0,1500.0,0,1440.9031244009152,1,1500.0,0
2026-09-29,RC46,Juan Rocha,1429.894818271646,1,1440.9465174393292,1,1500.0,0,1500.0,0,1500.0,0
2026-09-29,C0MY,Lautaro Agustin Corthey,1429.8718368436967,1,1500.0,0,1429.818096348756,1,1500.0,0,1500.0,0
2026-09-29,M994,Anton Mavrin,1429.8652844597182,1,1500.0,0,1440.9031244009152,1,1500.0,0,1500.0,0
2026-09-29,K148,Petr Korda,1429.8509954545045,1,1500.0,0,1440.9031244009152,1,1500.0,0,1500.0,0
2026-09-29,D678,Daniel Dueren,1429.843197118515,1,1500.0,0,1437.6870652237062,1,1500.0,0,1500.0,0
2026-09-29,MP87,Fahad Mohammed,1429.839811212918,1,1425.751319713813,1,1500.0,0,1500.0,0,1500.0,0
2026-09-29,D615,Piotr Dilaj,1429.8082764639114,1,1500.0,0,1431.706490778693,1,1500.0,0,1500.0,0
2026-09-29,R973,Robert Raguz,1429.7943528655858,2,1466.4542508027027,1,1448.250104791552,1,1500.0,0,1500.0,0
2026-09-29,W09X,Benjamin Winter Lopez,1429.7754439379362,2,1467.0335968850338,1,1453.4938178936493,1,1500.0,0,1500.0,0
2026-09-29,KI27,David Konstantinov,1429.7563039453169,3,1500.0,0,1381.1038145798036,3,1500.0,0,1500.0,0
2026-09-29,V635,Francois-Arthur Vibert,1429.752169386474,1,1500.0,0,1432.5678921475806,1,1500.0,0,1500.0,0
2026-09-29,M0DW,Michal Mikula,1429.7508884137922,1,1433.4369589836738,1,1500.0,0,1500.0,0,1500.0,0
2026-09-29,V09L,Sem Verbeek,1429.745884374578,14,1444.9121536680614,11,1389.4407117302203,3,1500.0,0,1500.0,0
2026-09-29,T991,Juan-Pedro Torres,1429.7435189282464,1,1500.0,0,1438.8460459703488,1,1500.0,0,1500.0,0
2026-09-29,I371,Petr Iamachkine,1429.7332318304232,1,1500.0,0,1440.9031244009152,1,1500.0,0,1500.0,0
2026-09-29,111559,Djordje Djokovic,1429.7057047009323,1,1428.8260873151312,1,1500.0,0,1500.0,0,1500.0,0
2026-09-29,MF80,Alexei Milner,1429.7041087141615,2,1500.0,0,1429.6916527028216,2,1500.0,0,1500.0,0
2026-09-29,105311,Joao Sousa,1429.6592007886345,3,1472.3710354520938,2,1444.18628415642,1,1500.0,0,1500.0,0
2026-09-29,K748,Hyung-Tae Kwon,1429.6469668857144,1,1435.90377598397,1,1500.0,0,1500.0,0,1500.0,0
2026-09-29,P0G5,Stefan Popovic,1429.6450867108838,4,1500.0,0,1427.4515411496711,4,1500.0,0,1500.0,0
2026-09-29,G876,Mao-Xin Gong,1429.6224696480774,60,1431.0522811259355,55,1413.6042471942505,2,1500.0,0,1431.475885012478,3
2026-09-29,C113,Joao Cunha-Silva,1429.6223498234567,11,1469.7950065132582,3,1458.425619280487,3,1500.0,0,1483.8734668106456,5
2026-09-29,N09O,Delmas N'Tcha,1429.5947306579112,1,1429.6519083829753,1,1500.0,0,1500.0,0,1500.0,0
2026-09-29,MB18,Alex Menichini,1429.5864667672365,2,1423.7108620361673,2,1500.0,0,1500.0,0,1500.0,0
2026-09-29,G0ON,Juan Ignacio Gallego,1429.5783562104546,1,1500.0,0,1435.1652057299534,1,1500.0,0,1500.0,0
2026-09-29,G776,Francisco Gallardo,1429.5576591306876,2,1436.957328349155,2,1500.0,0,1500.0,0,1500.0,0
2026-09-29,B0IF,Blu Baker,1429.547261630902,2,1449.2114358383874,1,1466.2268062852645,1,1500.0,0,1500.0,0
2026-09-29,M588,Eduardo Medica,1429.5373859894503,1,1500.0,0,1434.1895001716825,1,1500.0,0,1500.0,0
2026-09-29,O507,Julian Ocleppo,1429.5089304002802,49,1389.9811329752938,16,1453.3733817869327,33,1500.0,0,1500.0,0
2026-09-29,D0NH,Connor Doig,1429.439330069541,1,1430.3996970020657,1,1500.0,0,1500.0,0,1500.0,0
2026-09-29,L456,Kamil Lewandowicz,1429.435439432442,1,1500.0,0,1435.9269818863359,1,1500.0,0,1500.0,0
2026-09-29,F302,MarQuiestro Foster,1429.3850156535816,5,1442.4092665823055,5,1500.0,0,1500.0,0,1500.0,0
2026-09-29,I069,Kirill Ivanov-Smolensky,1429.3849045748013,52,1413.7828613376093,24,1467.319428586086,21,1480.1591225716259,3,1591.183227185218,4
2026-09-29,A766,Peter Aarts,1429.3229844886062,1,1425.4886860452227,1,1500.0,0,1500.0,0,1500.0,0
2026-09-29,A825,Bogdan Andrii,1429.3041306796972,3,1500.0,0,1424.7663318158395,2,1500.0,0,1500.0,0
2026-09-29,S537,Suwandi Suwandi,1429.288849636568,47,1477.526327978091,44,1500.0,0,1500.0,0,1334.6735913980754,3
2026-09-29,K0ES,Yusuke Kusuhara,1429.2303357718508,2,1418.801811374585,2,1500.0,0,1500.0,0,1500.0,0
2026-09-29,S739,Vaughan Snyman,1429.1807305521784,1,1500.0,0,1500.0,0,1430.9469055397637,1,1500.0,0
2026-09-29,M0DY,Peter Makk,1429.1791968496914,7,1391.4716033596228,6,1473.8836263083738,1,1500.0,0,1500.0,0
2026-09-29,P688,Marc Pexa,1429.1652217611095,3,1500.0,0,1448.1882373334604,3,1500.0,0,1500.0,0
2026-09-29,A303,Leonardo Azzaro,1429.1376432807972,224,1368.347876175391,29,1423.4465430513246,183,1372.0576637380134,2,1337.698796397343,6
2026-09-29,MC71,Mohammed Mohazebnia,1429.1240803715284,1,1500.0,0,1430.2318546829756,1,1500.0,0,1500.0,0
2026-09-29,KH79,Lucas Koelle,1429.1123422626365,1,1500.0,0,1429.3913415666766,1,1500.0,0,1500.0,0
2026-09-29,V246,Ezequiel Velez,1429.1085587486916,1,1500.0,0,1439.9232093752662,1,1500.0,0,1500.0,0
2026-09-29,I255,Jean-Noel Insausti,1429.0863907209389,14,1433.3399691654852,13,1451.9781426029456,1,1500.0,0,1500.0,0
2026-09-29,MC66,Nikola Martinovic,1429.0055052362243,1,1444.18628415642,1,1500.0,0,1500.0,0,1500.0,0
2026-09-29,GA12,Cosmin Georgescu,1428.9930102452774,1,1500.0,0,1429.0902546302993,1,1500.0,0,1500.0,0
2026-09-29,C457,Francisco Cabello,1428.9734170965091,13,1548.238169799083,4,1369.8387987630533,9,1500.0,0,1500.0,0
2026-09-29,MC22,Trystan Meniane,1428.9578728834633,6,1500.180612833065,4,1384.9068918563842,2,1500.0,0,1500.0,0
2026-09-29,GC66,Levente Godry,1428.948689649565,1,1500.0,0,1500.0,0,1500.0,0,1438.671571839512,1
2026-09-29,H0L4,Stefan Horia Haita,1428.901510009419,4,1500.0,0,1418.6072737961435,4,1500.0,0,1500.0,0
2026-09-29,HB16,Hao-Yang Hu,1428.89799577473,1,1500.0,0,1500.0,0,1500.0,0,1425.624001292442,1
2026-09-29,N0AC,Phuong Van Nguyen,1428.8385862908012,1,1500.0,0,1424.8474624633513,1,1500.0,0,1500.0,0
2026-09-29,E0EI,Michael Emmanuel,1428.7960232348453,1,1500.0,0,1421.5395371080895,1,1500.0,0,1500.0,0
2026-09-29,BD97,Saso Bende,1428.7880902413503,1,1500.0,0,1432.9530303736776,1,1500.0,0,1500.0,0
2026-09-29,A611,Jamil Al-Agba,1428.7857424355295,2,1424.0806226608197,2,1500.0,0,1500.0,0,1500.0,0
2026-09-29,GD54,Roggan Gracie,1428.7710888408046,1,1500.0,0,1442.7336498253405,1,1500.0,0,1500.0,0
2026-09-29,BH74,Mikhail Balmashev,1428.7534289093874,2,1426.9294809519754,2,1500.0,0,1500.0,0,1500.0,0
2026-09-29,B0AM,Lorenzo Bocchi,1428.7230550371971,2,1500.0,0,1422.849628983248,2,1500.0,0,1500.0,0
2026-09-29,103893,Julien Mathieu,1428.719073993349,1,1428.719073993349,1,1500.0,0,1500.0,0,1500.0,0
2026-09-29,CF08,Jose Chamba Gomez,1428.6756340356974,2,1480.127030476336,1,1446.292316473029,1,1500.0,0,1500.0,0
2026-09-29,106030,Philipp Davydenko,1428.6345266362732,1,1435.2964430137556,1,1500.0,0,1500.0,0,1500.0,0
2026-09-29,CJ68,Stjepan Cagalj,1428.6151918608,2,1500.0,0,1436.5697753254385,2,1500.0,0,1500.0,0
2026-09-29,B645,Justin Bower,1428.6140671738042,76,1495.891973191075,56,1329.845919752309,9,1472.9236293538393,6,1473.6596851055385,3
2026-09-29,RE27,Simone Roncalli,1428.4936382271103,1,1500.0,0,1431.424884271902,1,1500.0,0,1500.0,0
2026-09-29,C0JU,Enzo Camargo Lima,1428.4797665597814,2,1500.0,0,1424.1743509782823,2,1500.0,0,1500.0,0
2026-09-29,K0O6,Matt Kleiman,1428.4679757666138,1,1500.0,0,1450.080818499428,1,1500.0,0,1500.0,0
2026-09-29,SB10,Andrey Stepanov,1428.4418380855207,1,1500.0,0,1500.0,0,1500.0,0,1421.8560932429157,1
2026-09-29,P0MN,Albert Pedrico Kravtsov,1428.368165251774,1,1428.5570952803848,1,1500.0,0,1500.0,0,1500.0,0
2026-09-29,SN16,Alexandre Schnitman,1428.3616040570496,3,1500.0,0,1439.7891535857557,3,1500.0,0,1500.0,0
2026-09-29,KI26,Noe Khlif,1428.3544123235852,1,1425.040832138803,1,1500.0,0,1500.0,0,1500.0,0
2026-09-29,J439,Tom Jomby,1428.351850025637,16,1408.0633592863228,15,1500.0,0,1444.18628415642,1,1500.0,0
2026-09-29,VA23,Kris Van Wyk,1428.322215166244,18,1430.3159386774748,16,1500.0,0,1500.0,0,1500.0,0
2026-09-29,C584,Chad Carlson,1428.3164910732396,1,1429.5972313594457,1,1500.0,0,1500.0,0,1500.0,0
2026-09-29,F0E4,Luca Fantini,1428.308586866624,1,1500.0,0,1425.9944337800168,1,1500.0,0,1500.0,0
2026-09-29,C976,Pedro Campos,1428.2923694964063,2,1500.0,0,1431.5991627830617,2,1500.0,0,1500.0,0
2026-09-29,J164,Julien Jeanpierre,1428.291296600503,117,1463.7950429451566,49,1455.4426131862047,68,1500.0,0,1500.0,0
2026-09-29,J505,Eric Johnson,1428.2869569879895,1,1430.3543575236959,1,1500.0,0,1500.0,0,1500.0,0
2026-09-29,SI04,Christian Saravia,1428.286820226034,1,1500.0,0,1444.0678854890964,1,1500.0,0,1500.0,0
2026-09-29,MH78,Sergio Monges,1428.2351180340447,1,1500.0,0,1428.2053643124518,1,1500.0,0,1500.0,0
2026-09-29,TA22,Roman Tudoreanu,1428.2344387885662,1,1426.97385786218,1,1500.0,0,1500.0,0,1500.0,0
2026-09-29,S932,Saar Steele,1428.1977387764232,2,1415.4239810411138,2,1500.0,0,1500.0,0,1500.0,0
2026-09-29,C0CV,Gabriel Carvajal,1428.1441978705736,1,1500.0,0,1428.6062069391267,1,1500.0,0,1500.0,0
2026-09-29,BI75,Mihai Badescu,1428.0757258476442,2,1500.0,0,1426.8683178933002,2,1500.0,0,1500.0,0
2026-09-29,P0OR,Hod'abalo Padio,1428.066679065594,3,1434.0270279855245,3,1500.0,0,1500.0,0,1500.0,0
2026-09-29,F338,Laszlo Fono,1428.0466018361,3,1500.0,0,1435.9516940993533,3,1500.0,0,1500.0,0
2026-09-29,J0B0,Kyle Johnson,1428.0290577656378,1,1413.8123871430603,1,1500.0,0,1500.0,0,1500.0,0
2026-09-29,O109,Marco Osorio,1427.9931087343984,8,1455.5300337455471,7,1434.1423027692235,1,1500.0,0,1500.0,0
2026-09-29,SL95,Rodrigo Sanchez,1427.984494698532,5,1500.0,0,1429.1096172951725,5,1500.0,0,1500.0,0
2026-09-29,B0M0,Liam Branger,1427.9586811349172,1,1425.9233394332407,1,1500.0,0,1500.0,0,1500.0,0
2026-09-29,BL58,Matias Rodolfo Buchhass,1427.9416199546476,2,1500.0,0,1425.5385199984792,2,1500.0,0,1500.0,0
2026-09-29,TG42,Louis Tessa,1427.8619472179362,2,1486.199357586494,1,1439.7511294751403,1,1500.0,0,1500.0,0
2026-09-29,G907,Didier Grande,1427.8349414115457,1,1425.5645151685424,1,1500.0,0,1500.0,0,1500.0,0
2026-09-29,A594,Roger Anderson,1427.8320025877986,4,1417.126748230299,4,1500.0,0,1500.0,0,1500.0,0
2026-09-29,SH08,Marek Semjan,1427.7005346344006,113,1459.6052214631763,44,1452.720507186441,63,1336.0070322927095,2,1407.5599881922908,3
2026-09-29,K729,Dylan Seong Kwan Kim,1427.6540624898055,1,1421.4861973708435,1,1500.0,0,1500.0,0,1500.0,0
2026-09-29,B0PD,Peter Buldorini,1427.6113838524461,6,1458.7612693007218,4,1478.7352752133652,1,1434.4338590491268,1,1500.0,0
2026-09-29,B997,Alexandre Bonatto,1427.5999646577777,12,1442.9808699321422,6,1421.8826235084246,6,1500.0,0,1500.0,0
2026-09-29,BE13,Giordano Boza,1427.5297415926448,1,1414.7744581172399,1,1500.0,0,1500.0,0,1500.0,0
2026-09-29,A0AA,Jakob Amilon,1427.5281372146796,2,1425.2340429182827,2,1500.0,0,1500.0,0,1500.0,0
2026-09-29,SI32,Joao Silverio,1427.5204651413032,1,1500.0,0,1440.3452157673366,1,1500.0,0,1500.0,0
2026-09-29,D0IN,Ryan Dickerson,1427.4934860300186,10,1442.735213216134,1,1451.3036343915153,9,1500.0,0,1500.0,0
2026-09-29,O188,Marton Ott,1427.4859561000326,1,1500.0,0,1430.8521391554436,1,1500.0,0,1500.0,0
2026-09-29,K959,Sahr Timothy Kpulun,1427.4553234826567,4,1404.8275635867353,4,1500.0,0,1500.0,0,1500.0,0
2026-09-29,PF65,Filip Peliwo,1427.418879776864,184,1402.5449717341628,166,1486.0835231261253,14,1426.6097647505994,4,1500.0,0
2026-09-29,I277,Zach Itzstein,1427.3977664294537,1,1427.625327117524,1,1500.0,0,1500.0,0,1500.0,0
2026-09-29,E0AQ,Tom Evans,1427.3812411075353,1,1426.6078553894126,1,1500.0,0,1500.0,0,1500.0,0
2026-09-29,S634,Hiroyasu Sato,1427.339967219912,1,1420.4725181872013,1,1500.0,0,1500.0,0,1500.0,0
2026-09-29,A938,Omar Aboushalam,1427.3392333103359,1,1500.0,0,1425.8597147212715,1,1500.0,0,1500.0,0
2026-09-29,G899,Steven Goh,1427.3173974078063,2,1429.5143590735274,2,1500.0,0,1500.0,0,1500.0,0
2026-09-29,R542,Rylan Rizza,1427.306871367728,2,1430.9387343673468,2,1500.0,0,1500.0,0,1500.0,0
2026-09-29,BL61,Filip Bergevi,1427.2973152591019,8,1457.885768731194,1,1478.1720878942888,6,1500.0,0,1500.0,0
2026-09-29,P673,Cristian Paiz,1427.2830471869518,8,1448.3240926557328,8,1500.0,0,1500.0,0,1500.0,0
2026-09-29,SF44,Alex Stone,1427.27945247409,1,1430.9055532842797,1,1500.0,0,1500.0,0,1500.0,0
2026-09-29,SJ59,Matt Seeberger,1427.2265942297622,1,1423.1240663066833,1,1500.0,0,1500.0,0,1500.0,0
2026-09-29,P637,Christian Perrone,1427.175082785927,1,1500.0,0,1440.909714394046,1,1500.0,0,1500.0,0
2026-09-29,R481,Lee Radovanovich,1427.1626903900449,2,1500.0,0,1500.0,0,1500.0,0,1500.0,0
2026-09-29,C914,Cody Conley,1427.136684232352,1,1425.872994195794,1,1500.0,0,1500.0,0,1500.0,0
2026-09-29,S0H9,James Story,1427.1219444211968,5,1459.4727513236937,3,1500.0,0,1408.5041057664703,2,1500.0,0
2026-09-29,L0B7,Kai Lemstra,1427.0862169312845,2,1408.69278622656,2,1500.0,0,1500.0,0,1500.0,0
2026-09-29,BF96,Roy Bruggeling,1427.0853828889906,1,1500.0,0,1500.0,0,1425.3416942130611,1,1500.0,0
2026-09-29,R0CT,Martins Rocens,1427.079320557087,2,1426.4423765824629,2,1500.0,0,1500.0,0,1500.0,0
2026-09-29,I178,Richard Irwin,1427.0465172982163,1,1500.0,0,1500.0,0,1406.8083379170362,1,1500.0,0
2026-09-29,O656,Adrian Oetzbach,1426.974046367654,2,1500.0,0,1382.5488210788756,2,1500.0,0,1500.0,0
2026-09-29,N425,Alexander Nonnekes,1426.9419495573657,3,1500.0,0,1500.0,0,1441.7168347471086,3,1500.0,0
2026-09-29,SQ54,David Span,1426.9267079883464,1,1434.8994998540295,1,1500.0,0,1500.0,0,1500.0,0
2026-09-29,M931,Huntley Montgomery,1426.895353771572,16,1418.332329289163,16,1500.0,0,1500.0,0,1500.0,0
2026-09-29,DB12,Julien Delaplane,1426.855768169465,1,1418.7036390780752,1,1500.0,0,1500.0,0,1500.0,0
2026-09-29,D0IO,Tuncay Duran,1426.8288025203203,7,1423.3518549762214,6,1464.1946277480745,1,1500.0,0,1500.0,0
2026-09-29,K683,Hijiri Kaneko,1426.8256775186505,1,1422.308059748861,1,1500.0,0,1500.0,0,1500.0,0
2026-09-29,LA45,Alexander Lobkov,1426.8103946257136,69,1448.8658433356638,51,1385.60199266001,18,1500.0,0,1500.0,0
2026-09-29,BI29,Jarryd Bant,1426.7786359521392,2,1500.0,0,1500.0,0,1373.6170032513542,2,1500.0,0
2026-09-29,R620,Lenoir Ramos,1426.7662143320556,4,1500.0,0,1446.6213781607973,3,1500.0,0,1500.0,0
2026-09-29,AG64,Parth Aggarwal,1426.7134636029834,1,1500.0,0,1426.3201323562205,1,1500.0,0,1500.0,0
2026-09-29,Y0BT,Lucas Yunez,1426.7015145921703,1,1500.0,0,1423.6267636133746,1,1500.0,0,1500.0,0
2026-09-29,T984,Bastian Trinker,1426.6264554117158,57,1414.4770930815744,6,1429.038234802823,51,1500.0,0,1500.0,0
2026-09-29,L619,Dave Lingman,1426.6187455041565,1,1428.9687530032425,1,1500.0,0,1500.0,0,1500.0,0
2026-09-29,F536,Marcus Fugate,1426.5500624888944,2,1419.3499715406965,2,1500.0,0,1500.0,0,1500.0,0
2026-09-29,KB62,Austin Karosi,1426.5449098028696,4,1421.8549369467753,4,1500.0,0,1500.0,0,1500.0,0
2026-09-29,SN04,Dmitry Surchenko,1426.5395974196733,4,1402.7341555570483,2,1519.6147857097324,2,1500.0,0,1500.0,0
2026-09-29,H444,Koorosh Hashemian,1426.5317607002605,1,1500.0,0,1424.672240124141,1,1500.0,0,1500.0,0
2026-09-29,N491,David Nylen,1426.514917691812,2,1500.0,0,1401.3976408754309,2,1500.0,0,1500.0,0
2026-09-29,MK89,Sergiu Margarit,1426.50751402405,1,1500.0,0,1425.0455803078883,1,1500.0,0,1500.0,0
2026-09-29,VA27,Mick Veldheer,1426.4835738072372,2,1468.4817083060814,1,1447.332390034754,1,1500.0,0,1500.0,0
2026-09-29,104845,Artur Chernov,1426.4820655238163,2,1465.9657677259675,1,1444.18628415642,1,1500.0,0,1500.0,0
2026-09-29,G0QJ,Mario Andre Galarraga,1426.4647474862838,2,1500.0,0,1422.4238379853966,2,1500.0,0,1500.0,0
2026-09-29,WA93,Karl Wegner,1426.4624029479623,1,1427.5059906526237,1,1500.0,0,1500.0,0,1500.0,0
2026-09-29,SK65,Henry So,1426.4306710504975,1,1426.1511515026484,1,1500.0,0,1500.0,0,1500.0,0
2026-09-29,F0DU,Juan Martin Fumeaux,1426.4258817351133,1,1500.0,0,1432.5976626166885,1,1500.0,0,1500.0,0
2026-09-29,L785,Piero Luisi,1426.4207215178615,13,1474.1869541410324,9,1467.716824249976,4,1500.0,0,1500.0,0
2026-09-29,EA23,Camilo Andres Erazo,1426.414226413161,1,1433.2196862599558,1,1500.0,0,1500.0,0,1500.0,0
2026-09-29,E204,Scott Eddins,1426.395746985177,1,1426.387149425886,1,1500.0,0,1500.0,0,1500.0,0
2026-09-29,S716,Rafael Schaerf,1426.3854558935334,2,1500.0,0,1413.5556107377404,2,1500.0,0,1500.0,0
2026-09-29,J493,Marek Jaloviec,1426.375532644736,31,1447.8584008796386,15,1407.7229229204972,14,1391.1791147145873,2,1500.0,0
2026-09-29,M924,Dane McGregor,1426.3663643002685,1,1440.9031244009152,1,1500.0,0,1500.0,0,1500.0,0
2026-09-29,R512,Fabian Roetschi,1426.3238393102788,1,1444.18628415642,1,1500.0,0,1500.0,0,1500.0,0
2026-09-29,N0FT,Alex Santino NuÃ±ez Vera,1426.3091051809924,5,1500.0,0,1408.509993755795,5,1500.0,0,1500.0,0
2026-09-29,SN65,Dong-Hak Sin,1426.284234870707,2,1414.0075282592695,2,1500.0,0,1500.0,0,1500.0,0
2026-09-29,M674,Markus Menzler,1426.2817832136252,1,1500.0,0,1433.092453018545,1,1500.0,0,1500.0,0
2026-09-29,K901,Woo-Ram Kim,1426.2796947474685,1,1435.586246033444,1,1500.0,0,1500.0,0,1500.0,0
2026-09-29,W488,Christian Welte,1426.2741842927358,1,1419.6023014702373,1,1500.0,0,1500.0,0,1500.0,0
2026-09-29,R846,Daniel Ramentol-Garcia Atienza,1426.2686556033073,1,1500.0,0,1428.0363579750442,1,1500.0,0,1500.0,0
2026-09-29,A948,Abdulrahman Alawadhi,1426.2539951030337,1,1500.0,0,1441.7496734774427,1,1500.0,0,1500.0,0
2026-09-29,GJ05,Alexis Gautier,1426.2514392677397,27,1330.2727375630168,12,1581.9580651659205,14,1440.9031244009152,1,1500.0,0
2026-09-29,L0G3,Aleksandr Lobanov,1426.2485741622052,1,1500.0,0,1426.317416678086,1,1500.0,0,1500.0,0
2026-09-29,C0LM,Charlie Camus,1426.2322391749983,5,1413.9240212806744,5,1500.0,0,1500.0,0,1500.0,0
2026-09-29,R494,Peter Richman,1426.2269283845094,1,1440.9031244009152,1,1500.0,0,1500.0,0,1500.0,0
2026-09-29,W365,Daniel Willman,1426.144965737783,11,1457.862505423183,6,1500.0,0,1500.0,0,1443.7046225500196,1
2026-09-29,G469,Mads Gottlieb,1426.0804673640507,1,1500.0,0,1500.0,0,1500.0,0,1425.9477337735138,1
2026-09-29,B0H5,Abdoulaziz Bationo,1426.0643224953435,1,1433.0649009343206,1,1500.0,0,1500.0,0,1500.0,0
2026-09-29,R680,Tobias Raab,1426.0471347813916,2,1500.0,0,1472.2318242526599,1,1500.0,0,1434.9626949356384,1
2026-09-29,M0DA,Keenan Mayo,1426.0307756961595,1,1424.726040115421,1,1500.0,0,1500.0,0,1500.0,0
2026-09-29,G404,Jay Gooding,1426.027310795978,2,1424.7333995528081,2,1500.0,0,1500.0,0,1500.0,0
2026-09-29,SI14,Tibor Simic,1426.0151036609377,2,1500.0,0,1473.3118144865716,1,1500.0,0,1453.9455501218836,1
2026-09-29,CC24,George Coupland,1426.0150139086181,4,1500.0,0,1500.0,0,1325.4682091347975,4,1500.0,0
2026-09-29,RB32,Quentin Robert,1426.0002822637641,1,1500.0,0,1428.3569445878713,1,1500.0,0,1500.0,0
2026-09-29,W693,Aoxiong Wang,1425.9984645502102,1,1500.0,0,1417.0374837119632,1,1500.0,0,1500.0,0
2026-09-29,B979,Albert Brice,1425.9826947784372,1,1500.0,0,1440.9031244009152,1,1500.0,0,1500.0,0
2026-09-29,MF13,Michele Mangiafico,1425.971107635913,1,1500.0,0,1428.9679335126432,1,1500.0,0,1500.0,0
2026-09-29,B949,Patrick Boza,1425.9665455299098,1,1437.9619613976902,1,1500.0,0,1500.0,0,1500.0,0
2026-09-29,L327,Thomas Larsen,1425.9447230184337,2,1500.0,0,1426.3868150645048,2,1500.0,0,1500.0,0
2026-09-29,N334,Eric Nunez,1425.9150985940341,126,1450.425343168121,76,1432.4358286720717,47,1368.5273368851958,2,1438.4059943875682,1
2026-09-29,I090,Pavel Ivanov,1425.9149716767156,28,1457.1295717410965,20,1444.4146815939216,7,1500.0,0,1500.0,0
2026-09-29,H844,Pirmin Haenle,1425.9144809340007,2,1428.004854608188,1,1463.2074077110503,1,1500.0,0,1500.0,0
2026-09-29,D868,Christopher Diaz-Figueroa,1425.8987239129285,49,1592.8639269782682,25,1246.7124558506323,22,1500.0,0,1500.0,0
2026-09-29,PG57,Sebastian Exequiel Pini,1425.87224304923,3,1500.0,0,1423.495036668754,3,1500.0,0,1500.0,0
2026-09-29,CA10,Giancarlo Capuccio,1425.8654607860906,1,1500.0,0,1442.6702813348766,1,1500.0,0,1500.0,0
2026-09-29,E752,Cesar Escobar Serrano,1425.8175750909118,1,1430.1402490506077,1,1500.0,0,1500.0,0,1500.0,0
2026-09-29,E743,Tal Eros,1425.804901043185,2,1424.8239450471647,2,1500.0,0,1500.0,0,1500.0,0
2026-09-29,RB36,Valentin Rahmine,1425.8041879939399,2,1500.0,0,1435.318562582353,2,1500.0,0,1500.0,0
2026-09-29,W556,Lukas Weinhandl,1425.7986613632697,1,1500.0,0,1432.0140382762427,1,1500.0,0,1500.0,0
2026-09-29,P0BZ,Joanick Pattoua,1425.7927969386383,1,1424.4026798697214,1,1500.0,0,1500.0,0,1500.0,0
2026-09-29,L738,Dariusz Lipka,1425.7693623182217,2,1500.0,0,1442.1915274876212,1,1500.0,0,1436.2617835835276,1
2026-09-29,TB42,Igor Tubic,1425.721521556406,5,1458.526623403585,1,1420.2117910918578,4,1500.0,0,1500.0,0
2026-09-29,P0FF,Lukas Palovic,1425.6966282012795,1,1500.0,0,1437.3991744325103,1,1500.0,0,1500.0,0
2026-09-29,V347,Aleksandar Vlaski,1425.6886154864235,29,1430.436725804315,27,1421.6174950355196,2,1500.0,0,1500.0,0
2026-09-29,K0L1,Michal Krajci,1425.6193275719324,2,1428.2073329237214,1,1466.2301795507042,1,1500.0,0,1500.0,0
2026-09-29,H711,Thomas Haug,1425.6175400320024,1,1500.0,0,1412.4090899437451,1,1500.0,0,1500.0,0
2026-09-29,R0J1,Hoyoung Roh,1425.5888543632138,3,1413.5968836002976,3,1500.0,0,1500.0,0,1500.0,0
2026-09-29,MG93,Christopher Marquis,1425.5776763454865,1,1425.2741377147584,1,1500.0,0,1500.0,0,1500.0,0
2026-09-29,E804,Simon Ede,1425.5435643484861,2,1409.694665440423,2,1500.0,0,1500.0,0,1500.0,0
2026-09-29,BA26,Juan Beaus-Barquin,1425.5434116633635,2,1500.0,0,1430.0762672761539,2,1500.0,0,1500.0,0
2026-09-29,M531,Gouichi Motomura,1425.52405745462,243,1423.0671285397907,179,1397.5796665680514,4,1458.599606405576,12,1580.9396667882022,42
2026-09-29,T903,Sebastien Tholozan,1425.4919407060343,2,1413.2001700326527,2,1500.0,0,1500.0,0,1500.0,0
2026-09-29,AG30,Ammar Alhogbani,1425.432278017041,1,1425.9544146312396,1,1500.0,0,1500.0,0,1500.0,0
2026-09-29,SN81,Juraj Simcak,1425.405082641357,1,1500.0,0,1428.9341817512764,1,1500.0,0,1500.0,0
2026-09-29,BF28,Ante Bilic,1425.401825923479,2,1448.1156501023856,1,1460.235123974455,1,1500.0,0,1500.0,0
2026-09-29,J0A6,Scott Jones,1425.3369167709677,2,1411.3275149587637,2,1500.0,0,1500.0,0,1500.0,0
2026-09-29,K369,Andreas Kauntz,1425.3335891030556,1,1500.0,0,1500.0,0,1500.0,0,1431.4822850893547,1
2026-09-29,110255,Robert Gustafsson,1425.3116935131643,2,1472.09314207821,1,1444.8168741822503,1,1500.0,0,1500.0,0
2026-09-29,RD32,Timur Razmaitov,1425.2967898746747,1,1425.0548596430467,1,1500.0,0,1500.0,0,1500.0,0
2026-09-29,L802,Alexandru-Raul Lazar,1425.2817210257006,2,1500.0,0,1422.7546233880985,2,1500.0,0,1500.0,0
2026-09-29,F278,Patrik Fredriksson,1425.2389131041743,2,1500.0,0,1430.8359033364686,2,1500.0,0,1500.0,0
2026-09-29,H0HS,Matt Hulme,1425.2299727153486,6,1400.2465265040012,6,1500.0,0,1500.0,0,1500.0,0
2026-09-29,C870,Eddy Chala,1425.1754568182614,3,1444.108995193115,1,1478.3614830450938,2,1500.0,0,1500.0,0
2026-09-29,SB92,Adil Shamasdin,1425.1532002206256,2,1425.4517861472166,2,1500.0,0,1500.0,0,1500.0,0
2026-09-29,H374,Ali Hamadeh,1425.1252492525955,10,1421.2890262074723,5,1565.6631951100942,1,1517.4164140933797,2,1379.8465939156245,2
2026-09-29,P417,Javier Perez-Vazquez,1425.1169653339716,1,1500.0,0,1440.9031244009152,1,1500.0,0,1500.0,0
2026-09-29,P581,Dario Pizzato,1425.091696054295,1,1500.0,0,1500.0,0,1500.0,0,1440.9031244009152,1
2026-09-29,B0EK,Moerani Bouzige,1425.0836732580779,49,1381.381817429524,49,1500.0,0,1500.0,0,1500.0,0
2026-09-29,O373,Revaz Osadze,1425.0736068094773,1,1500.0,0,1434.3368048899058,1,1500.0,0,1500.0,0
2026-09-29,I351,Watcharaphong Iam La-Or,1425.0469533801293,1,1424.8948528767444,1,1500.0,0,1500.0,0,1500.0,0
2026-09-29,AA16,Alejo Apud,1425.0277061790712,2,1409.018038395479,2,1500.0,0,1500.0,0,1500.0,0
2026-09-29,DC22,Pedro Dominguez Alonso,1425.0250115728734,1,1500.0,0,1426.6958001787673,1,1500.0,0,1500.0,0
2026-09-29,B0P4,Tomasz Berkieta,1424.9838574398177,18,1490.2200380910415,9,1346.234261949029,9,1500.0,0,1500.0,0
2026-09-29,W0FH,Benjamin Willwerth,1424.9538480986917,9,1391.8398613922343,8,1500.0,0,1440.9031244009152,1,1500.0,0
2026-09-29,BJ01,Ruslan Bekoev,1424.9523311813243,1,1500.0,0,1500.0,0,1500.0,0,1426.9913451434109,1
2026-09-29,D09V,Ivan Denisov,1424.932739890194,2,1475.9501550177881,1,1433.9023864977498,1,1500.0,0,1500.0,0
2026-09-29,F560,Hiroshi Fukaumi,1424.9147139169909,1,1420.4105954149554,1,1500.0,0,1500.0,0,1500.0,0
2026-09-29,SL50,Ivan Sabanov,1424.8357118620572,1,1500.0,0,1425.1319342859765,1,1500.0,0,1500.0,0
2026-09-29,F364,Mariusz Fyrstenberg,1424.7552490153964,44,1442.1661079912587,16,1426.081480376258,25,1500.0,0,1431.2572585015494,3
2026-09-29,A278,Daniel Andersson,1424.7523474594655,33,1442.330921846528,14,1448.7341214475234,14,1500.0,0,1420.1217372902317,3
2026-09-29,SD28,Harutyun Sofyan,1424.7152957253268,1,1434.3368048899058,1,1500.0,0,1500.0,0,1500.0,0
2026-09-29,BJ51,Drake Bernstein,1424.692118946056,4,1432.9628359100723,4,1500.0,0,1500.0,0,1500.0,0
2026-09-29,KI45,William Kirkman,1424.6508146298213,1,1417.3869673524491,1,1500.0,0,1500.0,0,1500.0,0
2026-09-29,Z09X,Zhao Zhao,1424.6257123376643,2,1413.8765239130357,2,1500.0,0,1500.0,0,1500.0,0
2026-09-29,Z138,Matija Zgaga,1424.6228471131449,4,1440.9031244009152,1,1477.9975757728248,3,1500.0,0,1500.0,0
2026-09-29,RD46,Nicholas Reyes,1424.6213633249977,3,1405.329154118536,3,1500.0,0,1500.0,0,1500.0,0
2026-09-29,N532,Fabricio Neis,1424.5912233583556,27,1468.8934555997778,3,1427.7618901229807,24,1500.0,0,1500.0,0
2026-09-29,104445,Colin Ebelthite,1424.5732962582772,3,1489.8133081967767,2,1435.2964430137556,1,1500.0,0,1500.0,0
2026-09-29,KD47,Warren Kuhn,1424.5580992298276,1,1420.9958970762048,1,1500.0,0,1500.0,0,1500.0,0
2026-09-29,MD60,Alejandro Moreno Figueroa,1424.5550121213419,1,1422.3758415639493,1,1500.0,0,1500.0,0,1500.0,0
2026-09-29,B448,Rafael Avalos-Brenes,1424.5177782777394,6,1424.5177782777394,6,1500.0,0,1500.0,0,1500.0,0
2026-09-29,KB42,Kevin Konfederak,1424.508671922064,2,1500.0,0,1433.147904106729,2,1500.0,0,1500.0,0
2026-09-29,M0X5,Richard Mallory,1424.4191153475017,1,1422.112276884952,1,1500.0,0,1500.0,0,1500.0,0
2026-09-29,E757,Hiroyasu Ehara,1424.4164848747641,30,1381.3990719309882,24,1500.0,0,1485.9172270340835,2,1423.9053026941608,4
2026-09-29,M0HC,Emiliano Maggioli,1424.375736487124,2,1500.0,0,1387.9986324249855,2,1500.0,0,1500.0,0
2026-09-29,104481,Mathieu Montcourt,1424.3638048260796,2,1424.3638048260796,2,1500.0,0,1500.0,0,1500.0,0
2026-09-29,TE43,Kent Tagashira,1424.3357822914681,3,1500.0,0,1412.2104991513277,3,1500.0,0,1500.0,0
2026-09-29,A784,Edward Allinson,1424.3356385120246,1,1413.5958177306418,1,1500.0,0,1500.0,0,1500.0,0
2026-09-29,MG13,Slah Mbarek,1424.3120466633886,1,1500.0,0,1417.35241312101,1,1500.0,0,1500.0,0
2026-09-29,B0X2,Dillon Beckles,1424.3017265921098,1,1500.0,0,1440.9031244009152,1,1500.0,0,1500.0,0
2026-09-29,103554,Andrea Stoppini,1424.2734653497869,7,1487.9012833854924,5,1388.8177370586561,2,1500.0,0,1500.0,0
2026-09-29,C719,James Collieson,1424.2597888387143,2,1500.0,0,1377.1673052689257,2,1500.0,0,1500.0,0
2026-09-29,105837,Lorenzo Giustino,1424.2474374315066,1,1500.0,0,1420.2158838307696,1,1500.0,0,1500.0,0
2026-09-29,BM96,Martin Blasko,1424.1599008159342,3,1489.1642564492827,1,1414.9342429564804,2,1500.0,0,1500.0,0
2026-09-29,GG53,Washi Gervais,1424.0848445418162,1,1429.650523462718,1,1500.0,0,1500.0,0,1500.0,0
2026-09-29,G0EV,Rostislav Galfinger,1424.032889442695,1,1423.4855549319882,1,1500.0,0,1500.0,0,1500.0,0
2026-09-29,I098,Hidekazu Ina,1424.0202717674476,1,1500.0,0,1435.2542983645249,1,1500.0,0,1500.0,0
2026-09-29,C0UQ,Quoc Cuong Tran,1424.0029028321467,1,1415.5571255360558,1,1500.0,0,1500.0,0,1500.0,0
2026-09-29,CA50,Cledson Carvalho,1423.9881058621665,1,1500.0,0,1432.6732314613246,1,1500.0,0,1500.0,0
2026-09-29,J279,Frederic Jeanclaude,1423.8586117158056,6,1467.1551659328584,4,1404.84544217549,2,1500.0,0,1500.0,0
2026-09-29,A706,Syrym Abdukhalikov,1423.8441527411549,13,1404.6245334580185,7,1509.012694006865,4,1500.0,0,1412.4601322565993,2
2026-09-29,O09T,Kosuke Ogura,1423.831123867721,4,1415.200350718861,4,1500.0,0,1500.0,0,1500.0,0
2026-09-29,I218,Charles Irie,1423.8015730256727,1,1500.0,0,1422.3899538207033,1,1500.0,0,1500.0,0
2026-09-29,SD97,Peter Steinberger,1423.7725256154663,2,1500.0,0,1418.5365081836862,2,1500.0,0,1500.0,0
2026-09-29,A967,Vugar Aliev,1423.6266346746074,1,1437.97013378007,1,1500.0,0,1500.0,0,1500.0,0
2026-09-29,HC23,Runhao Hua,1423.6251204866508,8,1371.7171912965161,8,1500.0,0,1500.0,0,1500.0,0
2026-09-29,BF71,David Barclay,1423.6240805015536,1,1420.314347774187,1,1500.0,0,1500.0,0,1500.0,0
2026-09-29,MN25,Marek Marksoo,1423.6060640273722,1,1425.5911109996666,1,1500.0,0,1500.0,0,1500.0,0
2026-09-29,Y123,Chu-Huan Yi,1423.5819992712427,14,1392.7472964125886,8,1510.90924293075,4,1500.0,0,1395.2186683933733,2
2026-09-29,B872,Walter Barahona,1423.5705570262467,1,1423.7120423002825,1,1500.0,0,1500.0,0,1500.0,0
2026-09-29,U131,Andres Urrea,1423.5631444084952,2,1500.0,0,1428.7029598620065,2,1500.0,0,1500.0,0
2026-09-29,108905,Mansur Yakhyaev,1423.541979554988,1,1500.0,0,1453.65888302121,1,1500.0,0,1500.0,0
2026-09-29,W09T,Luca Wiedenmann,1423.5381945997442,3,1485.1396312084757,1,1438.784698548427,2,1500.0,0,1500.0,0
2026-09-29,L517,Igor Levine,1423.4860239533282,1,1421.8514311373904,1,1500.0,0,1500.0,0,1500.0,0
2026-09-29,W603,Max Wennakoski,1423.4792851350571,1,1500.0,0,1428.3848670662055,1,1500.0,0,1500.0,0
2026-09-29,LD81,Korey Lovett,1423.4671946204744,1,1431.069747934937,1,1500.0,0,1500.0,0,1500.0,0
2026-09-29,TA75,Abhijeet Tiwari,1423.4515057089739,2,1423.5734244215362,2,1500.0,0,1500.0,0,1500.0,0
2026-09-29,D323,Gunther Darkey,1423.4498465358515,6,1502.8036160503898,4,1375.1001652873676,2,1500.0,0,1500.0,0
2026-09-29,F282,Damian Furmanski,1423.4175341407065,29,1426.6221958658894,20,1436.1324147134626,9,1500.0,0,1500.0,0
2026-09-29,TC58,Chih-Chun Tang,1423.3161272014231,1,1500.0,0,1500.0,0,1500.0,0,1432.5794880551548,1
2026-09-29,105238,Alexandr Dolgopolov,1423.2876441031076,6,1453.0494231427656,3,1454.5889692431995,3,1500.0,0,1500.0,0
2026-09-29,H448,Mark Hilton,1423.248053782305,70,1265.2080600353256,18,1300.8605240407794,11,1496.734925016831,32,1623.4716676125056,9
2026-09-29,CC23,Giorgi Chantouria,1423.2249697024686,2,1500.0,0,1496.6477530954721,1,1500.0,0,1434.3368048899058,1
2026-09-29,N422,Zibusiso Ncube,1423.1838374903978,2,1453.4071179497123,1,1465.3639671012263,1,1500.0,0,1500.0,0
2026-09-29,P506,Marco Pedrini,1423.1807286233043,30,1439.1270102321794,8,1448.262027098102,21,1500.0,0,1416.769586969914,1
2026-09-29,R703,Andrew Roberts,1423.179002448631,1,1421.760465472327,1,1500.0,0,1500.0,0,1500.0,0
2026-09-29,A701,Benjamin Althaus,1423.1311135276248,2,1465.1914118926206,1,1500.0,0,1500.0,0,1447.1394309569353,1
2026-09-29,CE83,Andres Cabezas,1423.0430290667941,1,1449.200686650874,1,1500.0,0,1500.0,0,1500.0,0
2026-09-29,LA01,Marko Lenz,1423.0314210801248,2,1465.6315063152003,1,1500.0,0,1444.18628415642,1,1500.0,0
2026-09-29,W0ER,Theodore Winegar,1422.9634639789824,1,1500.0,0,1430.4785740421491,1,1500.0,0,1500.0,0
2026-09-29,F376,Alberto Francis,1422.8985164292458,55,1426.5825854786472,48,1383.029561134679,3,1471.680231691176,2,1440.9031244009152,1
2026-09-29,Z183,Hui Zhang,1422.8972894329977,1,1428.892684195462,1,1500.0,0,1500.0,0,1500.0,0
2026-09-29,MC69,Salifu Mohammed,1422.8648585368053,7,1410.0169477364666,5,1499.750968516841,2,1500.0,0,1500.0,0
2026-09-29,SQ87,Ghilherme Scarpelli,1422.8343195613227,2,1500.0,0,1426.5110061029873,2,1500.0,0,1500.0,0
2026-09-29,MH41,Tzvetan Mihov,1422.8253582137306,2,1433.7933052030005,1,1500.0,0,1500.0,0,1485.457453611826,1
2026-09-29,L341,Helder Lopes,1422.8208041864514,7,1364.1628532155196,3,1536.8991338832798,2,1500.0,0,1521.6804998851517,2
2026-09-29,K171,Mark Knowles,1422.7380719454231,24,1456.6049394232075,21,1418.9856808482978,3,1500.0,0,1500.0,0
2026-09-29,SB71,Tomer Suissa,1422.707103831867,1,1440.9031244009152,1,1500.0,0,1500.0,0,1500.0,0
2026-09-29,W654,David Warren,1422.7006734329707,2,1500.0,0,1403.4781807451993,2,1500.0,0,1500.0,0
2026-09-29,K581,Ilia Kushev,1422.6889717861307,21,1454.5497305142358,3,1360.1784394065514,17,1500.0,0,1565.6631951100942,1
2026-09-29,K718,Roman Vogeli,1422.6631953090719,11,1405.5760057717644,2,1472.0161698007503,9,1500.0,0,1500.0,0
2026-09-29,A518,Gunter Austerhuber,1422.660438378418,1,1500.0,0,1440.9031244009152,1,1500.0,0,1500.0,0
2026-09-29,G706,Harshana Godamanna,1422.6134056773906,1,1444.18628415642,1,1500.0,0,1500.0,0,1500.0,0
2026-09-29,N302,Josef Nesticky,1422.6122209380806,2,1500.0,0,1424.9117526392924,2,1500.0,0,1500.0,0
2026-09-29,LD90,Hei Yin Andrew Li,1422.6074833048833,2,1476.8571243272154,1,1500.0,0,1500.0,0,1500.0,0
2026-09-29,M0TE,Pavle Marinkov,1422.5689216148235,20,1393.7195212017705,20,1500.0,0,1500.0,0,1500.0,0
2026-09-29,A798,Iain Atkinson,1422.4777693107076,1,1500.0,0,1500.0,0,1436.5416591248165,1,1500.0,0
2026-09-29,S1CL,Stephen Slocombe,1422.4735029514306,1,1500.0,0,1419.70633005841,1,1500.0,0,1500.0,0
2026-09-29,P462,Paul Podbury,1422.4610804407432,1,1428.105415154231,1,1500.0,0,1500.0,0,1500.0,0
2026-09-29,F810,Gabriel Friedrich,1422.4198920968274,2,1500.0,0,1426.285473825801,2,1500.0,0,1500.0,0
2026-09-29,KG53,Alexander Klintcharov,1422.3751931306026,4,1405.1724392050053,4,1500.0,0,1500.0,0,1500.0,0
2026-09-29,E764,Justin Eleveld,1422.3560393664723,5,1480.0997366069566,1,1400.8797846662596,2,1500.5582617188152,2,1500.0,0
2026-09-29,SA68,Aleksander Slovic,1422.321674492535,2,1500.0,0,1408.9423437492678,2,1500.0,0,1500.0,0
2026-09-29,Z0B7,Richard Zusman,1422.260472277005,3,1447.4919232221555,1,1453.706403466059,1,1500.0,0,1500.0,0
2026-09-29,K814,Davor Kuseta,1422.161005191851,1,1500.0,0,1428.5130041401876,1,1500.0,0,1500.0,0
2026-09-29,W712,Kai Wehnelt,1422.1583150738022,12,1455.1354871338262,2,1425.2480414494225,10,1500.0,0,1500.0,0
2026-09-29,B0JG,Leo Borg,1422.1310592445213,43,1426.4533595835815,26,1340.4823408604213,17,1500.0,0,1500.0,0
2026-09-29,104473,Konstantin Kravchuk,1422.1266445472036,4,1400.5626976644917,2,1500.0,0,1500.0,0,1503.9255357634552,2
2026-09-29,Z0DB,Marwan Zewar,1422.0725382885757,1,1500.0,0,1500.0,0,1500.0,0,1434.3368048899058,1
2026-09-29,T234,Jorge-Minodo Tejada,1422.0725382885757,1,1422.0725382885757,1,1500.0,0,1500.0,0,1500.0,0
2026-09-29,T271,Sacha Thoma,1422.0725382885757,1,1500.0,0,1434.3368048899058,1,1500.0,0,1500.0,0
2026-09-29,U174,Kaito Uesugi,1422.056907116184,18,1402.9549111195158,18,1500.0,0,1500.0,0,1500.0,0
2026-09-29,CJ60,Alexandr Cozbinov,1422.0536747188871,18,1348.5520348636333,16,1500.0,0,1500.0,0,1500.0,0
2026-09-29,D445,Stefano Dolce,1421.9914760620234,2,1500.0,0,1382.3386274065278,2,1500.0,0,1500.0,0
2026-09-29,K0CI,Dong Ju Kim,1421.9897870300654,1,1420.9927255417456,1,1500.0,0,1500.0,0,1500.0,0
2026-09-29,CC78,Ilya Chkoniya,1421.9824133284194,2,1402.2626150611961,2,1500.0,0,1500.0,0,1500.0,0
2026-09-29,M0RU,Cian Maguire,1421.958132704988,1,1420.1899853556629,1,1500.0,0,1500.0,0,1500.0,0
2026-09-29,L0CZ,Young Seok Lee,1421.937788343228,1,1426.2179622225383,1,1500.0,0,1500.0,0,1500.0,0
2026-09-29,G811,Jamie Gresh,1421.9317365208994,1,1500.0,0,1500.0,0,1444.9610057818968,1,1500.0,0
2026-09-29,L856,Christoph Lessiak,1421.9040984538592,2,1500.0,0,1478.4926022187317,1,1500.0,0,1500.0,0
2026-09-29,V0HG,Emon Van Loben Sels,1421.8909626315838,2,1422.3076645830736,2,1500.0,0,1500.0,0,1500.0,0
2026-09-29,AD49,Jordi Arconada,1421.8855867618315,11,1430.740594561517,7,1416.8888629470605,4,1500.0,0,1500.0,0
2026-09-29,GC22,Amaury Gomez,1421.8304704681577,1,1500.0,0,1421.1329919539023,1,1500.0,0,1500.0,0
2026-09-29,V0IN,Marc Van Der Merwe,1421.8237763493646,1,1422.42243708348,1,1500.0,0,1500.0,0,1500.0,0
2026-09-29,B859,Eric Basica,1421.8027871332679,1,1414.312966825064,1,1500.0,0,1500.0,0,1500.0,0
2026-09-29,T291,Mark Thompson,1421.798005748602,1,1500.0,0,1500.0,0,1500.0,0,1500.0,0
2026-09-29,AG22,Peter August Anker,1421.7636564840418,1,1434.3368048899058,1,1500.0,0,1500.0,0,1500.0,0
2026-09-29,L868,Ming Li,1421.7620076161413,1,1441.2898998042285,1,1500.0,0,1500.0,0,1500.0,0
2026-09-29,BD67,Vladislav Bondarenko,1421.7435036676218,1,1500.0,0,1426.5271908206812,1,1500.0,0,1500.0,0
2026-09-29,G744,Josh Goodall,1421.7126198663989,173,1397.9827765300977,95,1298.2156435199495,5,1421.8630348916874,59,1472.4983072326368,11
2026-09-29,V477,Erasmo Vazquez,1421.6340146375187,1,1429.7389928711498,1,1500.0,0,1500.0,0,1500.0,0
2026-09-29,B0ZN,Lincoln Battle,1421.6300376713834,1,1416.5546207564903,1,1500.0,0,1500.0,0,1500.0,0
2026-09-29,O183,Seung Hoon Oh,1421.584875763751,1,1425.512358568645,1,1500.0,0,1500.0,0,1500.0,0
2026-09-29,DA61,Claudio Dias Conduto,1421.5181291156869,1,1500.0,0,1422.5148204198958,1,1500.0,0,1500.0,0
2026-09-29,G0AB,Axel Geller,1421.513463169716,3,1418.9811004533312,3,1500.0,0,1500.0,0,1500.0,0
2026-09-29,K750,David Klier,1421.4903151395854,4,1500.0,0,1419.072091225175,4,1500.0,0,1500.0,0
2026-09-29,108935,Marius Tangen,1421.4474908084514,1,1500.0,0,1500.0,0,1500.0,0,1419.974857011497,1
2026-09-29,SB69,Parsa Samii,1421.4168616545091,1,1412.6063265133885,1,1500.0,0,1500.0,0,1500.0,0
2026-09-29,SP39,Johannes Schretter,1421.3673919063076,2,1408.739209385783,2,1500.0,0,1500.0,0,1500.0,0
2026-09-29,BC62,Enrico Burzi,1421.3607941133166,80,1326.4314036649619,4,1430.2076102392919,76,1500.0,0,1500.0,0
2026-09-29,V0GL,Gray Voelzke,1421.3603963206708,1,1500.0,0,1440.9031244009152,1,1500.0,0,1500.0,0
2026-09-29,B739,Goran Bosalevski,1421.3365415815526,1,1421.3541964109188,1,1500.0,0,1500.0,0,1500.0,0
2026-09-29,MG77,Diego Matos,1421.2299884438912,2,1443.065852868599,1,1484.0867134072505,1,1500.0,0,1500.0,0
2026-09-29,CB51,Bradley Cox,1421.2002475910306,2,1465.329171896661,1,1417.5884682013054,1,1500.0,0,1500.0,0
2026-09-29,C0N9,Miguel Cejudo,1421.1760942806204,1,1423.6174855867969,1,1500.0,0,1500.0,0,1500.0,0
2026-09-29,R510,Torsten Riedel,1421.159249085252,2,1500.0,0,1500.0,0,1500.0,0,1415.7416298739392,2
2026-09-29,BB29,Michael Birzon,1421.1372791539588,2,1500.0,0,1424.8723427652483,2,1500.0,0,1500.0,0
2026-09-29,SX94,Mattias Siimar,1421.0255556782151,2,1479.28394237345,1,1500.0,0,1500.0,0,1500.0,0
2026-09-29,F659,Sean Friedrich,1420.9762367278413,1,1500.0,0,1429.7438089086666,1,1500.0,0,1500.0,0
2026-09-29,K877,Beka Komakhidze,1420.9526513800058,2,1428.438193422402,2,1500.0,0,1500.0,0,1500.0,0
2026-09-29,V765,Jean-Pascal Vernet,1420.9008552908238,2,1424.0577662284518,2,1500.0,0,1500.0,0,1500.0,0
2026-09-29,T816,Clinton Thomson,1420.8869694970144,10,1500.0,0,1453.0186074140254,6,1375.8744812909486,2,1500.0,0
2026-09-29,E680,Rihards Emulins,1420.7775072121399,1,1500.0,0,1500.0,0,1500.0,0,1435.7622812070895,1
2026-09-29,D644,Petar Djukic,1420.7761592302995,1,1500.0,0,1500.0,0,1500.0,0,1437.245139345592,1
2026-09-29,SM22,Stefan Sterland-Markovic,1420.7678171102586,2,1500.0,0,1500.0,0,1417.0535839000665,2,1500.0,0
2026-09-29,I0B3,Karim Ibrahim,1420.7469206186984,1,1500.0,0,1428.9561972855563,1,1500.0,0,1500.0,0
2026-09-29,MN22,Raphael Mori,1420.6957512961728,2,1500.0,0,1418.1896157736064,2,1500.0,0,1500.0,0
2026-09-29,E180,Mikhail Elgin,1420.6850485466753,214,1385.9427709380616,127,1446.7931279189675,70,1389.7093286636443,7,1351.6588453874388,10
2026-09-29,M717,Rodrigo Monte,1420.6748003164817,6,1443.5945958066225,4,1488.837247074467,2,1500.0,0,1500.0,0
2026-09-29,I403,Constantinos Ioannides,1420.6714485237856,1,1500.0,0,1419.1509157236678,1,1500.0,0,1500.0,0
2026-09-29,B0LN,Adrien Burdet,1420.6533025739664,2,1500.0,0,1412.6095648507473,2,1500.0,0,1500.0,0
2026-09-29,BB64,Badr Bouabdellah,1420.5803218057765,1,1500.0,0,1435.4932198397912,1,1500.0,0,1500.0,0
2026-09-29,CO03,Anirudh Chandrasekar,1420.4852913559703,2,1417.1849303617676,1,1471.9190502639037,1,1500.0,0,1500.0,0
2026-09-29,K863,Cheong-Eui Kim,1420.4507699125934,44,1399.669703303317,44,1500.0,0,1500.0,0,1500.0,0
2026-09-29,A636,Shaul Aloni,1420.4009740156557,1,1425.257305116654,1,1500.0,0,1500.0,0,1500.0,0
2026-09-29,AA78,Mohamed Adnaoui,1420.331881939283,3,1477.1904878325981,1,1439.06724398253,2,1500.0,0,1500.0,0
2026-09-29,E628,Ivan Estevez,1420.3160140849168,1,1500.0,0,1440.9031244009152,1,1500.0,0,1500.0,0
2026-09-29,SO41,Ji Hoon Son,1420.2986053528027,4,1407.5389979419904,4,1500.0,0,1500.0,0,1500.0,0
2026-09-29,D577,Oleg Dmitriev,1420.2942190533538,1,1500.0,0,1427.9064479862752,1,1500.0,0,1500.0,0
2026-09-29,W413,Chris Wettengel,1420.263751043771,27,1408.9132172666152,17,1430.930612014789,9,1427.5606488294147,1,1500.0,0
2026-09-29,G649,Marco Gualdi,1420.25928912157,1,1413.5920889365739,1,1500.0,0,1500.0,0,1500.0,0
2026-09-29,I229,Jerome Inzerillo,1420.2386579340302,9,1387.1363322547736,3,1471.8548694439805,6,1500.0,0,1500.0,0
2026-09-29,MC31,Jacob Melskens,1420.2250780488232,2,1466.6921175339712,1,1500.0,0,1500.0,0,1453.165009372481,1
2026-09-29,K512,Ivo Klec,1420.1461276197488,316,1415.3460387776763,154,1458.950593236225,135,1347.962870360917,7,1563.0745775920252,15
2026-09-29,SE40,Guilherme Silveira,1420.1365934866972,1,1423.7521624524168,1,1500.0,0,1500.0,0,1500.0,0
2026-09-29,SI72,Wil Spencer,1420.1355699534881,11,1415.9353542253884,10,1456.1211966841886,1,1500.0,0,1500.0,0
2026-09-29,B966,Rabi Bouhassoun,1420.1003696766486,3,1437.4109617531303,3,1500.0,0,1500.0,0,1500.0,0
2026-09-29,F454,Colin Fleming,1419.9901404883713,38,1461.3835679659069,23,1430.495545270755,3,1344.0165558057838,10,1447.7423980124158,1
2026-09-29,102434,Jim Thomas,1419.968985581277,6,1408.1744727435605,4,1503.9255357634552,2,1500.0,0,1500.0,0
2026-09-29,L615,Daniel Lustig,1419.9664700524427,10,1437.4577267761697,4,1372.7226509205457,3,1500.0,0,1537.9727107600663,3
2026-09-29,CB87,Rafael Camilo,1419.9510529966954,27,1482.9417123280857,14,1372.129065374303,13,1500.0,0,1500.0,0
2026-09-29,N0E5,Isaac Nortey,1419.8724965829188,1,1500.0,0,1424.2164751731752,1,1500.0,0,1500.0,0
2026-09-29,G437,Florian Grewe,1419.871612130265,1,1500.0,0,1430.9468656593367,1,1500.0,0,1500.0,0
2026-09-29,T749,Horia Tecau,1419.7952720752737,46,1501.354073222223,29,1324.2295460726323,14,1451.4144952683841,1,1491.3175792341533,2
2026-09-29,AA25,Odil Akramov,1419.6798388080313,1,1414.475432556158,1,1500.0,0,1500.0,0,1500.0,0
2026-09-29,L709,Christopher Lam,1419.5501021364598,6,1413.7636301134212,6,1500.0,0,1500.0,0,1500.0,0
2026-09-29,L981,Fernando Larrea-Gonzalez,1419.4994633584718,1,1440.7866047635553,1,1500.0,0,1500.0,0,1500.0,0
2026-09-29,C0A0,Alexander Crnokrak,1419.369510870135,7,1396.2726216936478,7,1500.0,0,1500.0,0,1500.0,0
2026-09-29,CB50,Alexander Chen,1419.3504432288462,1,1500.0,0,1429.913070656455,1,1500.0,0,1500.0,0
2026-09-29,H493,Jakub Hasek,1419.3168708997778,8,1353.9130288717695,6,1500.0,0,1500.0,0,1509.5469592147072,2
2026-09-29,D733,Paul Downey,1419.3103360360567,1,1500.0,0,1422.6826397776738,1,1500.0,0,1500.0,0
2026-09-29,A0NJ,Gustavo Albieri,1419.291922293474,1,1500.0,0,1421.6741325779726,1,1500.0,0,1500.0,0
2026-09-29,MF93,Joaquin-Jesus Monteferrario,1419.2918446522447,5,1509.4121134774487,2,1390.7953704538345,3,1500.0,0,1500.0,0
2026-09-29,RB11,Pedro Pablo Ruiz,1419.277768426514,1,1428.9155937285323,1,1500.0,0,1500.0,0,1500.0,0
2026-09-29,PI83,Joel Popov,1419.2399186465768,1,1500.0,0,1410.2451577203026,1,1500.0,0,1500.0,0
2026-09-29,Y222,Magloire Yakpa,1419.2236934683115,1,1421.0024533439985,1,1500.0,0,1500.0,0,1500.0,0
2026-09-29,V399,Matteo Volante,1419.220355566161,2,1500.0,0,1422.6909292693085,2,1500.0,0,1500.0,0
2026-09-29,T195,Michael Tebbutt,1419.2041072510845,15,1419.9344545337933,12,1500.0,0,1440.9031244009152,1,1512.9742530184503,2
2026-09-29,GE29,Julius Gotovskis,1419.1476438148409,1,1500.0,0,1419.5979443832275,1,1500.0,0,1500.0,0
2026-09-29,D214,Martin Damm,1419.1214584806276,55,1439.6902452593567,24,1430.514522056845,13,1481.3063443963276,13,1432.225595465363,4
2026-09-29,SG52,Jonathan Susmozas,1419.0309176310316,2,1500.0,0,1418.618957190705,2,1500.0,0,1500.0,0
2026-09-29,BB47,Goran Belosevic,1418.9984925022547,2,1500.0,0,1433.8600227205834,2,1500.0,0,1500.0,0
2026-09-29,TA18,Alex Theiler,1418.9539204428534,2,1500.0,0,1432.6227055166444,2,1500.0,0,1500.0,0
2026-09-29,V774,Philippe Vadel,1418.851436591202,1,1500.0,0,1500.0,0,1500.0,0,1500.0,0
2026-09-29,AB85,Andrew Adams,1418.7722526796645,1,1418.996140391066,1,1500.0,0,1500.0,0,1500.0,0
2026-09-29,U0A3,Matthias Ujvary,1418.610453304797,3,1426.9119165475336,1,1473.0113389648088,2,1500.0,0,1500.0,0
2026-09-29,V239,Diego Veronelli,1418.6061175141692,101,1460.608154335683,30,1437.4622990208914,71,1500.0,0,1500.0,0
2026-09-29,L694,David Loewenthal,1418.5742202195788,1,1420.8404662370344,1,1500.0,0,1500.0,0,1500.0,0
2026-09-29,A806,Miles Armstrong,1418.5598453663756,20,1440.5569072922967,16,1446.7675754102004,3,1414.1124532776373,1,1500.0,0
2026-09-29,A629,Arsen Asanov,1418.540872594003,4,1484.5350065800328,3,1410.351431781109,1,1500.0,0,1500.0,0
2026-09-29,J136,Pavel Joromsky,1418.5350569073123,1,1429.1287994807708,1,1500.0,0,1500.0,0,1500.0,0
2026-09-29,D861,Graeme Dyce,1418.4855498120246,2,1500.0,0,1500.0,0,1386.6396104317312,2,1500.0,0
2026-09-29,P548,Alessandro Piccari,1418.4849259299863,5,1500.0,0,1428.1030226750015,5,1500.0,0,1500.0,0
2026-09-29,G659,Alberto Giraudo,1418.4783712453805,15,1500.0,0,1415.7667597573125,15,1500.0,0,1500.0,0
2026-09-29,N462,Volodymyr Nikolenko,1418.3822567125283,2,1500.0,0,1416.1777441917627,2,1500.0,0,1500.0,0
2026-09-29,H811,Abel Hernandez-Aguila,1418.3757593932944,2,1500.0,0,1410.068062235491,2,1500.0,0,1500.0,0
2026-09-29,M847,Yasuo Miyazaki,1418.3533761097651,2,1500.0,0,1500.0,0,1500.0,0,1399.5102631559284,2
2026-09-29,000001,Kodjo Charles Alipoe-Tchotchodji,1418.3132986028966,1,1434.3368048899058,1,1500.0,0,1500.0,0,1500.0,0
2026-09-29,J321,Roman Jebavy,1418.2817868458183,27,1504.825773546725,8,1391.1980039791247,18,1444.18628415642,1,1500.0,0
2026-09-29,T323,Nicolas Tourte,1418.2298156057668,56,1442.3770872886118,43,1440.030418292502,3,1383.0709434016908,5,1371.914910857815,5
2026-09-29,H609,Shahab Hassani-Nafez,1418.192588615582,12,1441.0622353573513,3,1513.3665618545547,9,1500.0,0,1500.0,0
2026-09-29,BF72,Andre Baran,1418.0801945837052,2,1500.0,0,1425.5884483572452,2,1500.0,0,1500.0,0
2026-09-29,O455,Patrick Ofner,1417.9770622565152,2,1469.3292180566086,1,1437.453624487371,1,1500.0,0,1500.0,0
2026-09-29,S535,Razvan Sabau,1417.946214029716,309,1544.25507504554,99,1423.1101911066703,179,1377.9734237066928,11,1365.5844944761134,19
2026-09-29,D856,Silvio Dadic,1417.902100914101,2,1462.51837366693,1,1448.3093866591014,1,1500.0,0,1500.0,0
2026-09-29,S0BB,Alan Raul Sau Franco,1417.8374388455775,2,1412.0698536944342,2,1500.0,0,1500.0,0,1500.0,0
2026-09-29,D934,Marin Draganja,1417.833711833283,16,1374.1375380282007,11,1413.2613311226585,3,1500.0,0,1500.0,0
2026-09-29,SL92,Shuichi Sekiguchi,1417.8063160776273,121,1372.1948639479392,111,1523.344421265994,2,1500.0,0,1502.1552559780837,8
2026-09-29,L432,Minh Le,1417.7720187730085,1,1418.6990344696549,1,1500.0,0,1500.0,0,1500.0,0
2026-09-29,104542,John Isner,1417.721532399893,1,1428.6345266362732,1,1500.0,0,1500.0,0,1500.0,0
2026-09-29,CB11,Dane Chuntraruk,1417.6711010969855,6,1409.3498374920975,4,1500.0,0,1500.0,0,1500.0,0
2026-09-29,M0EY,Alex Marti Pujolras,1417.6523116667827,32,1498.605477569118,3,1392.9201603796373,29,1500.0,0,1500.0,0
2026-09-29,B0OI,Billy Blaydes,1417.6335241381246,2,1421.6559211918309,2,1500.0,0,1500.0,0,1500.0,0
2026-09-29,V781,Luis Valero,1417.5624933246334,3,1448.6199945751564,2,1449.1058861147055,1,1500.0,0,1500.0,0
2026-09-29,RH73,Frazier Rengifo,1417.5339562857052,2,1500.0,0,1410.8534339575745,2,1500.0,0,1500.0,0
2026-09-29,W722,Colin Wei Ming Wong,1417.5063451383592,1,1420.2144532948641,1,1500.0,0,1500.0,0,1500.0,0
2026-09-29,R762,Rupesh Roy,1417.4519358367347,2,1415.8305957609955,2,1500.0,0,1500.0,0,1500.0,0
2026-09-29,K731,Kiran Nandkumar,1417.418706170186,1,1417.4483886712487,1,1500.0,0,1500.0,0,1500.0,0
2026-09-29,K875,Roman Kislianskii,1417.413280490359,1,1436.3244578518572,1,1500.0,0,1500.0,0,1500.0,0
2026-09-29,DB34,Steven De Waard,1417.3922518973113,5,1397.4533004361656,5,1500.0,0,1500.0,0,1500.0,0
2026-09-29,H0HN,Henri Haupt,1417.359082040396,2,1500.0,0,1421.9822958167836,2,1500.0,0,1500.0,0
2026-09-29,F522,Andrea Falgheri,1417.2842379834997,5,1428.109148895562,2,1474.093946060831,3,1500.0,0,1500.0,0
2026-09-29,KE36,Dominik Kellovsky,1417.2515324897286,23,1470.0723046879664,6,1347.9693131063477,17,1500.0,0,1500.0,0
2026-09-29,BJ92,Gabor Borsos,1417.231968317074,9,1471.2892201763023,7,1382.5583283922313,2,1500.0,0,1500.0,0
2026-09-29,Z326,Daniyal Zagidullin,1417.1544786587451,3,1409.3275056537582,3,1500.0,0,1500.0,0,1500.0,0
2026-09-29,KD71,Jonathan Kanar,1417.1268987210497,2,1433.6120767676866,1,1468.4585658518072,1,1500.0,0,1500.0,0
2026-09-29,S427,Martin Stringari,1417.1024237848426,2,1500.0,0,1418.397515507388,2,1500.0,0,1500.0,0
2026-09-29,K0BU,Palaphoom Kovapitukted,1417.0324479102735,11,1364.5904244186263,10,1554.7987431183665,1,1500.0,0,1500.0,0
2026-09-29,MB60,Leandro Migani,1417.0294822121743,34,1473.4340292910467,1,1424.2242664652229,33,1500.0,0,1500.0,0
2026-09-29,E0AI,Soufiane El Mesbahi,1416.9839140574868,1,1425.1239738652832,1,1500.0,0,1500.0,0,1500.0,0
2026-09-29,PC58,Javier Padilla,1416.9460738697037,2,1449.7260085381477,1,1454.3063475815536,1,1500.0,0,1500.0,0
2026-09-29,SP93,Dawood Sayed Hashim,1416.9451251361422,1,1500.0,0,1407.7659227714887,1,1500.0,0,1500.0,0
2026-09-29,LD05,Pietro Licciardi,1416.8742734908142,9,1514.7161323416826,4,1370.707004828571,5,1500.0,0,1500.0,0
2026-09-29,G653,Armen Gomktsian,1416.8352942773747,2,1357.4224869154953,2,1500.0,0,1500.0,0,1500.0,0
2026-09-29,U053,Cagdas Ulukan,1416.806240051804,1,1423.6761278952174,1,1500.0,0,1500.0,0,1500.0,0
2026-09-29,MD84,Emiliano Massa,1416.7734109011158,2,1500.0,0,1415.4517367976853,2,1500.0,0,1500.0,0
2026-09-29,HA90,Roy Hobbs,1416.7676812472434,2,1403.1078247304524,2,1500.0,0,1500.0,0,1500.0,0
2026-09-29,G493,Catalin-Ionut Gard,1416.664222186106,86,1354.846841681535,21,1434.1867719724921,64,1500.0,0,1500.0,0
2026-09-29,KC41,Wesley Koolhof,1416.6424449562205,14,1456.9663608967408,2,1512.5630167948361,9,1384.6123319977257,3,1500.0,0
2026-09-29,F776,Thomas Jun Facchini Takemoto,1416.616050438601,2,1500.0,0,1407.6689681881749,2,1500.0,0,1500.0,0
2026-09-29,R960,Fernando Romboli,1416.5688586354318,106,1380.6568217912823,26,1433.3682365784027,79,1422.6392741910875,1,1500.0,0
2026-09-29,KB38,Jakhongir Khaydarov,1416.4724365534032,1,1414.23061112495,1,1500.0,0,1500.0,0,1500.0,0
2026-09-29,L0AI,Alex Lawson,1416.4246115706974,2,1400.3634388867638,2,1500.0,0,1500.0,0,1500.0,0
2026-09-29,TB05,Alexandre Tsuchiya,1416.4086770721294,5,1500.0,0,1421.9643399595518,5,1500.0,0,1500.0,0
2026-09-29,A0KH,Rodrigo Alujas,1416.4080130251548,8,1428.60162921345,1,1449.1550354104183,7,1500.0,0,1500.0,0
2026-09-29,L988,Whit Livingston,1416.3993222918564,1,1422.0920617852726,1,1500.0,0,1500.0,0,1500.0,0
2026-09-29,SY55,Dalwinder Singh,1416.3321510258127,1,1421.410939300174,1,1500.0,0,1500.0,0,1500.0,0
2026-09-29,111440,Dmitry Popko,1416.27942623463,1,1500.0,0,1416.27942623463,1,1500.0,0,1500.0,0
2026-09-29,105615,Marcelo Arevalo,1416.27942623463,1,1416.27942623463,1,1500.0,0,1500.0,0,1500.0,0
2026-09-29,SC33,Gvidas Sabeckis,1416.2671662701414,2,1419.1611255479243,1,1484.3884059249026,1,1500.0,0,1500.0,0
2026-09-29,CC57,Keith-Patrick Crowley,1416.2475668190439,2,1409.776947368689,2,1500.0,0,1500.0,0,1500.0,0
2026-09-29,D841,Sergei Dergunov,1416.2453879492816,1,1423.7163514603858,1,1500.0,0,1500.0,0,1500.0,0
2026-09-29,BE18,Antoine Breikeh,1416.0451631084736,1,1500.0,0,1456.0927891054432,1,1500.0,0,1500.0,0
2026-09-29,R638,Oscar Rodriguez-Sanchez,1416.0154719040947,4,1500.0,0,1396.2278393949894,4,1500.0,0,1500.0,0
2026-09-29,LB54,Jannick Lupescu,1416.0099276847666,3,1461.5667400180112,2,1500.0,0,1444.18628415642,1,1500.0,0
2026-09-29,D0HS,Dinko Dinev,1415.9720685141592,6,1450.4887870416019,3,1372.7541042723406,3,1500.0,0,1500.0,0
2026-09-29,D226,Diego Del Rio,1415.9647882291906,4,1466.1440499635712,1,1440.5726698087724,3,1500.0,0,1500.0,0
2026-09-29,A677,Evan Angelopoulos,1415.8996418628124,2,1439.6237241713047,1,1467.0398390927576,1,1500.0,0,1500.0,0
2026-09-29,I339,Luiz Inaimo,1415.887267302266,1,1418.6250569996596,1,1500.0,0,1500.0,0,1500.0,0
2026-09-29,S903,Gavin Sontag,1415.8851679034376,1,1418.8036999218682,1,1500.0,0,1500.0,0,1500.0,0
2026-09-29,G0MH,Benjamin Thomas George,1415.764733171036,5,1440.6036572388316,4,1434.7981889534678,1,1500.0,0,1500.0,0
2026-09-29,BF82,Jan Blecha,1415.7644173601848,3,1500.0,0,1364.358405914237,3,1500.0,0,1500.0,0
2026-09-29,AB49,Aydin Akhmetshin,1415.7500386726251,2,1391.0435631109706,2,1500.0,0,1500.0,0,1500.0,0
2026-09-29,A0F3,Fabrizio Andaloro,1415.7479880031826,13,1425.5796409636323,11,1424.646074789134,2,1500.0,0,1500.0,0
2026-09-29,D0CF,Savriyan Danilov,1415.689480769949,2,1464.6944010338884,1,1438.1037759132234,1,1500.0,0,1500.0,0
2026-09-29,CD94,Jarryd Chaplin,1415.6726577836005,6,1400.1116705740085,6,1500.0,0,1500.0,0,1500.0,0
2026-09-29,CC21,Reid Carleton,1415.587591988519,3,1414.1351348816481,2,1478.995439084875,1,1500.0,0,1500.0,0
2026-09-29,LB20,John Lamble,1415.5390407668476,3,1407.5732989278667,3,1500.0,0,1500.0,0,1500.0,0
2026-09-29,R202,Alfredo Rivera,1415.5379090298677,1,1500.0,0,1417.0815125073757,1,1500.0,0,1500.0,0
2026-09-29,T971,Andrew Thomas,1415.475590166526,2,1396.826134718929,2,1500.0,0,1500.0,0,1500.0,0
2026-09-29,O635,Jules Okala,1415.43814854951,4,1500.0,0,1401.5898059549863,4,1500.0,0,1500.0,0
2026-09-29,R616,Travis Rettenmaier,1415.4353693632536,67,1351.9724752022785,38,1381.110277274822,5,1666.416914450916,19,1564.192933653934,3
2026-09-29,D434,Jordane Doble,1415.4101282913982,2,1500.0,0,1415.2184522270616,2,1500.0,0,1500.0,0
2026-09-29,ME58,Valter Mori-Filho,1415.40861449997,1,1500.0,0,1426.0084633326483,1,1500.0,0,1500.0,0
2026-09-29,W0F8,Alan Wazny,1415.389784032057,4,1500.0,0,1399.5037288071426,4,1500.0,0,1500.0,0
2026-09-29,E196,Rainer Eitzinger,1415.3759885225654,145,1388.4853781310137,31,1441.9248476673267,104,1468.4001470351802,3,1400.8579998351213,6
2026-09-29,A0AT,Sebastian Arcila,1415.2691802430886,3,1412.1872843933224,3,1500.0,0,1500.0,0,1500.0,0
2026-09-29,L704,Carlos Lozano,1415.2525497714162,1,1417.2458019113085,1,1500.0,0,1500.0,0,1500.0,0
2026-09-29,R641,Idan Rosenberg,1415.2340142050427,1,1418.4097966311153,1,1500.0,0,1500.0,0,1500.0,0
2026-09-29,F0BV,Tomas Farjat,1415.2324300335904,27,1434.8086230791769,1,1422.1595785319328,26,1500.0,0,1500.0,0
2026-09-29,H371,Jan Hermansson,1415.1915057793885,4,1500.0,0,1402.0315565310582,2,1500.0,0,1504.1564496318938,2
2026-09-29,H366,Markus Hantschk,1415.1406595460062,201,1465.9086152870498,59,1366.5799494275514,108,1354.041566500026,4,1617.6478182329288,28
2026-09-29,P0IN,Oskar Brostrom Poulsen,1415.1323087066085,2,1414.2712439466538,2,1500.0,0,1500.0,0,1500.0,0
2026-09-29,N831,Jirat Navasirisomboon,1415.1077226658285,14,1420.7022679619777,9,1416.3347056982095,4,1500.0,0,1500.0,0
2026-09-29,RB73,Pietro Rondoni,1415.0183219767018,5,1500.0,0,1407.0920350820256,5,1500.0,0,1500.0,0
2026-09-29,G528,Daniele Giorgini,1414.9901041593407,95,1325.6030495738232,12,1412.0534789717428,79,1500.0,0,1416.682934516431,2
2026-09-29,I083,Igor Ibrisbegovic,1414.9831156083653,1,1500.0,0,1419.5378384489368,1,1500.0,0,1500.0,0
2026-09-29,K0JY,Matic Kriznik,1414.980297340447,4,1434.9384567725028,2,1527.7141055222983,1,1500.0,0,1500.0,0
2026-09-29,R965,Jonathan Rioux,1414.9357316028859,1,1500.0,0,1500.0,0,1500.0,0,1440.9031244009152,1
2026-09-29,DH57,Alex Diaz,1414.917205901588,4,1421.8005613642936,4,1500.0,0,1500.0,0,1500.0,0
2026-09-29,HB55,Gustav Hansson,1414.7863678320614,1,1500.0,0,1428.072449099971,1,1500.0,0,1500.0,0
2026-09-29,PF14,Stanislav Poplavskyy,1414.6882526000848,8,1393.5974242552445,8,1500.0,0,1500.0,0,1500.0,0
2026-09-29,L858,Michael Leong,1414.683570808349,22,1431.1250034677305,21,1500.0,0,1500.0,0,1437.3488600701387,1
2026-09-29,R0BC,Lorenzo Joaquin Rodriguez,1414.6831470594648,39,1440.9031244009152,1,1406.7497514276897,38,1500.0,0,1500.0,0
2026-09-29,CO01,Andrey Chepelev,1414.5934216949915,25,1474.0843868802895,2,1393.7021928968736,23,1500.0,0,1500.0,0
2026-09-29,CA72,David Canudas-Fernandez,1414.570147228607,2,1393.7575448787143,2,1500.0,0,1500.0,0,1500.0,0
2026-09-29,M778,David Martin,1414.5635401303182,46,1387.8487526246713,33,1469.2919265524881,12,1450.7436457252875,1,1500.0,0
2026-09-29,S0DD,Nick Stachowiak,1414.548417563814,2,1408.2607594781582,2,1500.0,0,1500.0,0,1500.0,0
2026-09-29,P104,Valentino Pest,1414.489267939172,2,1463.0232066108529,1,1444.18628415642,1,1500.0,0,1500.0,0
2026-09-29,WA96,Jakub Wojcik,1414.4845328440206,1,1444.18628415642,1,1500.0,0,1500.0,0,1500.0,0
2026-09-29,K889,Gerald Kamitz,1414.3682824553157,2,1438.407990260694,1,1500.0,0,1500.0,0,1500.0,0
2026-09-29,KC74,Jacob Kahoun,1414.2132415839574,2,1500.0,0,1398.6974239104,2,1500.0,0,1500.0,0
2026-09-29,R0H6,Leonardo Rossi,1414.2045930976867,2,1462.6145716395592,1,1500.0,0,1432.426314402174,1,1500.0,0
2026-09-29,CG42,Zhaoyi Cao,1414.1986324870604,4,1412.3577948870661,3,1470.4381848219607,1,1500.0,0,1500.0,0
2026-09-29,G330,Efe Ustundag,1413.990154777483,4,1391.2635576498456,4,1500.0,0,1500.0,0,1500.0,0
2026-09-29,C990,Boris Conkic,1413.85891652901,2,1463.4766065287845,1,1437.1172496723375,1,1500.0,0,1500.0,0
2026-09-29,AB76,Timur Alshin,1413.8247794646516,1,1414.0282224819712,1,1500.0,0,1500.0,0,1500.0,0
2026-09-29,C938,Dawid Celt,1413.6525762474394,2,1500.0,0,1411.4860189567025,2,1500.0,0,1500.0,0
2026-09-29,V691,George Von Massow,1413.643784112247,3,1500.0,0,1403.6980659247763,3,1500.0,0,1500.0,0
2026-09-29,M1A5,Denis Maijorov,1413.6253201451777,1,1500.0,0,1423.4587374296605,1,1500.0,0,1500.0,0
2026-09-29,V164,Taso Vasiliadis,1413.6133285162457,2,1500.0,0,1500.0,0,1500.0,0,1433.626050000954,1
2026-09-29,BA38,Niklas Bucht,1413.5771902449674,2,1426.4764792868548,2,1500.0,0,1500.0,0,1500.0,0
2026-09-29,MF91,Almog Mashiach,1413.5494859340072,2,1427.3613706068722,2,1500.0,0,1500.0,0,1500.0,0
2026-09-29,R959,Ismael Rodriguez-Ramos,1413.546411953255,2,1500.0,0,1418.485623449843,2,1500.0,0,1500.0,0
2026-09-29,FB18,Ben Patael,1413.525074437124,17,1414.4438855012645,8,1413.5766223761668,9,1500.0,0,1500.0,0
2026-09-29,D468,Thomas Drouet,1413.5237927255625,3,1434.3368048899058,1,1415.4453263413016,2,1500.0,0,1500.0,0
2026-09-29,GB07,Rafal Gozdur,1413.475062448229,4,1500.0,0,1411.2589989132189,4,1500.0,0,1500.0,0
2026-09-29,C439,Marcello Craca,1413.4407694829754,84,1376.984029116228,22,1472.6941378026638,60,1500.0,0,1409.0552211378288,2
2026-09-29,L884,Luca Leonardi,1413.3892254167527,2,1500.0,0,1418.4897606965144,2,1500.0,0,1500.0,0
2026-09-29,T980,Rodrigo Traldi,1413.3724204060595,1,1500.0,0,1432.2461025352263,1,1500.0,0,1500.0,0
2026-09-29,G0GK,Anthony Genov,1413.2761893043912,2,1500.0,0,1391.7109754882713,2,1500.0,0,1500.0,0
2026-09-29,P0MJ,Dante Pagani,1413.244309834658,2,1500.0,0,1402.6562232719632,2,1500.0,0,1500.0,0
2026-09-29,CN08,Jordan Correia,1413.158244732658,2,1444.18628415642,1,1469.9931843361164,1,1500.0,0,1500.0,0
2026-09-29,SY35,Amal Sultanbekov,1413.149885686602,1,1412.0006629634581,1,1500.0,0,1500.0,0,1500.0,0
2026-09-29,K0OY,Ronit Karki,1413.1318262532345,1,1410.809410704912,1,1500.0,0,1500.0,0,1500.0,0
2026-09-29,C616,Ronaldo Carvalho,1413.1235917831666,18,1506.1449128279548,10,1334.7546603530443,6,1500.0,0,1470.608676106998,2
2026-09-29,SP05,Evan Song,1413.10017322881,56,1393.4306847089815,49,1416.9131132325876,7,1500.0,0,1500.0,0
2026-09-29,TC19,Marcelo Tebet Filho,1413.0678192512912,4,1449.4553394556306,3,1450.8416689408637,1,1500.0,0,1500.0,0
2026-09-29,SD75,Ashkan Shokoofi,1413.0631648068784,16,1496.5843453264295,2,1428.549225064827,12,1500.0,0,1506.7834088358159,2
2026-09-29,A478,Jae-Sung An,1413.057043454709,36,1383.196126719836,31,1445.7889005277907,2,1500.0,0,1550.2003358953561,3
2026-09-29,MJ82,Jeffrey Mira Svensson,1412.9521240410195,1,1410.8460979476954,1,1500.0,0,1500.0,0,1500.0,0
2026-09-29,C0B1,Alessandro Coppini,1412.9497161538507,2,1500.0,0,1408.0517335501456,2,1500.0,0,1500.0,0
2026-09-29,J0B6,Jan Jermar,1412.912009051378,3,1500.0,0,1384.0300871971604,3,1500.0,0,1500.0,0
2026-09-29,TB71,Chaleechan Tanasugarn,1412.909462331537,2,1416.227788445742,2,1500.0,0,1500.0,0,1500.0,0
2026-09-29,MC86,Daniel Muller,1412.9034139283413,2,1500.0,0,1443.4154091177063,1,1500.0,0,1474.5822133927127,1
2026-09-29,T974,Yannick Thomet,1412.8651187621622,3,1462.9627711465482,1,1440.799460556161,2,1500.0,0,1500.0,0
2026-09-29,P0I5,Ignacio Parisca Romera,1412.8550005225493,5,1377.4590106900987,2,1466.6902957039165,3,1500.0,0,1500.0,0
2026-09-29,V626,Tim Van Terheijden,1412.8388047340893,2,1500.0,0,1419.937011924529,2,1500.0,0,1500.0,0
2026-09-29,G0C0,Rafael Eduardo Gonzalez Retana,1412.8287286614213,1,1427.8546137244998,1,1500.0,0,1500.0,0,1500.0,0
2026-09-29,K609,Raven Klaasen,1412.815066580244,101,1405.263111800569,89,1500.0,0,1603.3052574562448,7,1406.04436139887,2
2026-09-29,W0B3,Xiaofei Wang,1412.7325150339182,3,1406.0051073305838,3,1500.0,0,1500.0,0,1500.0,0
2026-09-29,G235,Sander Groen,1412.7181750461766,2,1500.0,0,1500.0,0,1449.3821588406904,1,1458.9056502186143,1
2026-09-29,E195,Julian Edwards,1412.709678039376,1,1469.8859226557825,1,1500.0,0,1500.0,0,1500.0,0
2026-09-29,RC31,Eduardo Russi Assumpcao,1412.6893816561462,2,1500.0,0,1409.8711574944814,2,1500.0,0,1500.0,0
2026-09-29,SP26,Henry Steer,1412.6463542962724,2,1476.7545792262454,1,1500.0,0,1431.015037118765,1,1500.0,0
2026-09-29,P733,Paulo Passold,1412.6351833232645,1,1419.5154926670368,1,1500.0,0,1500.0,0,1500.0,0
2026-09-29,CB73,Francoise Castejon,1412.594107768244,1,1500.0,0,1415.2443965704906,1,1500.0,0,1500.0,0
2026-09-29,P0E9,Dominik Palan,1412.5930406130917,55,1385.3490862932667,54,1454.1097469452434,1,1500.0,0,1500.0,0
2026-09-29,S367,Martin Sinner,1412.5902644698233,4,1500.0,0,1479.9266156356512,3,1500.0,0,1440.9031244009152,1
2026-09-29,T951,Alexey Tikhonov,1412.4617929460596,1,1500.0,0,1415.3172261481159,1,1500.0,0,1500.0,0
2026-09-29,Z301,Alexander Zhurbin,1412.3837030399875,33,1356.286449150109,14,1408.1179123007112,19,1500.0,0,1500.0,0
2026-09-29,BE40,Cristhian Ignacio Benedetti,1412.3827316468994,13,1367.9694926939776,5,1477.0132522128704,8,1500.0,0,1500.0,0
2026-09-29,K465,Jalil Khan,1412.2533859476948,7,1369.2401887397925,5,1495.679322995586,2,1500.0,0,1500.0,0
2026-09-29,RB15,Luciano Ramazzini,1412.2028787137926,4,1431.743841975187,4,1500.0,0,1500.0,0,1500.0,0
2026-09-29,F823,Stefan Fiacan,1412.1974990481951,2,1500.0,0,1420.8332110749543,2,1500.0,0,1500.0,0
2026-09-29,BL05,Romain Barbosa,1412.193492432489,7,1482.1177856654797,3,1410.2747753975334,4,1500.0,0,1500.0,0
2026-09-29,L580,Scott Lipsky,1412.181832065046,95,1386.3253499238447,60,1387.7209342142937,16,1531.732953203214,17,1500.0,0
2026-09-29,PB98,Patrick Prader,1412.1349070417102,4,1370.6521185869115,4,1500.0,0,1500.0,0,1500.0,0
2026-09-29,CH84,Felipe Cunha-Silva,1412.0764962554115,4,1500.0,0,1411.1665225359327,4,1500.0,0,1500.0,0
2026-09-29,PG13,Jaume Pla Malfeito,1412.0659234896214,3,1446.0495654131385,2,1438.007595207212,1,1500.0,0,1500.0,0
2026-09-29,R588,Nicolas Renavand,1411.9798557523634,77,1468.4738437490355,36,1334.1111752925926,31,1352.0695226332814,4,1462.7419590954278,1
2026-09-29,BE17,Georgio Bedran,1411.9476421269167,1,1500.0,0,1423.601844225057,1,1500.0,0,1500.0,0
2026-09-29,SK86,Matthew Short,1411.923292180632,2,1500.0,0,1500.0,0,1424.2160934551243,2,1500.0,0
2026-09-29,MB61,Gabriel Montenegro,1411.9008145547925,1,1500.0,0,1425.9203408016374,1,1500.0,0,1500.0,0
2026-09-29,G949,Nicola Ghedin,1411.8769918870419,3,1500.0,0,1420.6112953807299,3,1500.0,0,1500.0,0
2026-09-29,A0CH,Muhammad Althaf Dhaifullah,1411.8093310415427,1,1404.8182766619484,1,1500.0,0,1500.0,0,1500.0,0
2026-09-29,E225,Jason Engelhardt,1411.7608874234793,1,1434.3368048899058,1,1500.0,0,1500.0,0,1500.0,0
2026-09-29,N616,Catalin-Petre Nedelescu,1411.7516078546846,2,1500.0,0,1413.040838359512,2,1500.0,0,1500.0,0
2026-09-29,N587,Mahmoud-Nader Al Baloushi,1411.7234099383204,4,1399.2422147659674,4,1500.0,0,1500.0,0,1500.0,0
2026-09-29,V619,Ashwin Vijayragavan,1411.7097842949395,1,1416.0732688690252,1,1500.0,0,1500.0,0,1500.0,0
2026-09-29,MM46,Juan Jose Mateus Rubiano,1411.6911316626786,1,1431.631334335504,1,1500.0,0,1500.0,0,1500.0,0
2026-09-29,SD26,Rob Searle,1411.6812829649925,2,1500.0,0,1500.0,0,1400.4837240926831,2,1500.0,0
2026-09-29,H962,Mousheg Hovhannisyan,1411.6560874006373,1,1410.3225135204657,1,1500.0,0,1500.0,0,1500.0,0
2026-09-29,O364,Juan Pablo Ortiz,1411.5726785215436,2,1500.0,0,1420.6098087412436,2,1500.0,0,1500.0,0
2026-09-29,HB13,Chih-Jen Ho,1411.4948476138097,3,1417.4712371535145,2,1500.0,0,1500.0,0,1479.6051822924157,1
2026-09-29,S340,Roger Smith,1411.4788224724846,1,1422.0725382885757,1,1500.0,0,1500.0,0,1500.0,0
2026-09-29,Z248,Dzmitry Zhyrmont,1411.4727449574127,100,1373.1094946477617,82,1376.5335899132338,9,1540.5793155793021,9,1500.0,0
2026-09-29,W0DE,Ben Weintraub,1411.4572346558841,1,1500.0,0,1406.067025102888,1,1500.0,0,1500.0,0
2026-09-29,MK59,Javier Munoz,1411.3099715171784,2,1500.0,0,1412.9230447793416,2,1500.0,0,1500.0,0
2026-09-29,N0BF,Thabo Ncube,1411.3019820535324,1,1500.0,0,1434.3368048899058,1,1500.0,0,1500.0,0
2026-09-29,K647,Daniel Krajnovic,1411.288444523291,2,1500.0,0,1387.7056606550425,2,1500.0,0,1500.0,0
2026-09-29,104437,Dekel Valtzer,1411.2878760517938,1,1500.0,0,1500.0,0,1395.8845565921092,1,1500.0,0
2026-09-29,R601,Max Raditschnigg,1411.158994826791,14,1453.2024543167402,1,1391.4627479008125,10,1500.0,0,1483.4387924204084,2
2026-09-29,O111,Carlos Oliveira,1411.1537975423353,2,1500.0,0,1421.5135140369257,2,1500.0,0,1500.0,0
2026-09-29,PA07,Sergio Perez-Perez,1411.1519693326813,2,1500.0,0,1413.5553059339545,2,1500.0,0,1500.0,0
2026-09-29,SD06,Jan Stancik,1411.072674239344,9,1410.2584283377792,4,1490.9713736390058,5,1500.0,0,1500.0,0
2026-09-29,R840,Raul-Isaias Rosas-Zarur,1411.0492017079093,2,1385.3520169157969,2,1500.0,0,1500.0,0,1500.0,0
2026-09-29,B562,Jean-Francois Bachelot,1411.0104429907917,143,1451.2024810245605,67,1289.465132202491,19,1555.7902374560933,34,1522.6470169471686,22
2026-09-29,K803,Adam Kellner,1411.007263229648,36,1427.4673296361714,8,1404.2120715546118,23,1408.6235330384018,1,1503.17872776165,4
2026-09-29,MA79,Felipe Montenegro,1410.9861630406576,1,1413.4789772989552,1,1500.0,0,1500.0,0,1500.0,0
2026-09-29,L861,Cristian Lopez,1410.9286277257404,2,1500.0,0,1415.149849753728,2,1500.0,0,1500.0,0
2026-09-29,MF70,Luis David Martinez,1410.8204942361674,29,1414.0996349587801,17,1372.1220077524893,11,1500.0,0,1500.0,0
2026-09-29,K612,Adam Kennedy,1410.8173723145621,7,1436.5215332624932,6,1500.0,0,1411.884533806727,1,1500.0,0
2026-09-29,G287,James Greenhalgh,1410.8069787620825,6,1434.3368048899058,1,1451.0947675420362,1,1500.0,0,1500.0,0
2026-09-29,104214,Jan Hajek,1410.7992205614846,5,1412.4314705130469,2,1462.4862624101174,3,1500.0,0,1500.0,0
2026-09-29,F0AF,Lautaro Agustin Falabella,1410.7403006011746,2,1500.0,0,1410.3279258418652,2,1500.0,0,1500.0,0
2026-09-29,S949,Trevor Spracklin,1410.6868381986944,1,1415.0944999138846,1,1500.0,0,1500.0,0,1500.0,0
2026-09-29,PE00,Nathan Pasha,1410.624670405219,11,1400.261322738487,11,1500.0,0,1500.0,0,1500.0,0
2026-09-29,Z111,Marwan Ziwar,1410.5948673296086,2,1500.0,0,1411.385710143475,2,1500.0,0,1500.0,0
2026-09-29,K684,Edwin Kerkhoven,1410.5321590296028,2,1416.4241675185506,2,1500.0,0,1500.0,0,1500.0,0
2026-09-29,KE25,Hamza Karmoussi,1410.4923570815886,2,1434.3368048899058,1,1483.6524475573367,1,1500.0,0,1500.0,0
2026-09-29,G571,Jose-Manuel Garcia-Rodriguez,1410.4894202259854,4,1500.0,0,1403.3325472637644,4,1500.0,0,1500.0,0
2026-09-29,O0CG,Gillian Osmont,1410.4841271293326,1,1434.3368048899058,1,1500.0,0,1500.0,0,1500.0,0
2026-09-29,O410,Julien Obry,1410.452749980934,30,1347.9197846976983,11,1415.4310327019948,17,1500.0,0,1501.6123034312989,2
2026-09-29,K836,Wael Kilani,1410.447513971356,3,1500.0,0,1398.9529249337963,3,1500.0,0,1500.0,0
2026-09-29,KI91,Koray Kirci,1410.351166667411,12,1378.9616036894292,11,1500.0,0,1451.0493802209132,1,1500.0,0
2026-09-29,BF17,Devin Britton,1410.2959681990815,26,1367.5483856368562,22,1500.0,0,1509.9439981452426,2,1500.0,0
2026-09-29,SB42,Bojan Szumanski,1410.2532514346983,6,1463.7076495063006,3,1419.572067237403,3,1500.0,0,1500.0,0
2026-09-29,O145,Michihisa Onoda,1410.245408135335,27,1345.2365950919343,19,1500.0,0,1500.0,0,1532.7546991958848,8
2026-09-29,MM31,Alexander Merino,1410.2139484958618,2,1500.0,0,1478.9626471833951,1,1500.0,0,1500.0,0
2026-09-29,MB07,Darko Madjarovski,1410.1710947798656,34,1569.2881237235617,12,1352.2844192258508,17,1500.0,0,1484.6322028295367,4
2026-09-29,A752,Hassan Al Mousa,1410.1704381178738,1,1417.355784010847,1,1500.0,0,1500.0,0,1500.0,0
2026-09-29,K0A5,Natthasith Kunsuwan,1410.1703023683801,1,1411.719683680886,1,1500.0,0,1500.0,0,1500.0,0
2026-09-29,K592,Eduard Koifman,1410.1503608449232,1,1500.0,0,1430.9469055397637,1,1500.0,0,1500.0,0
2026-09-29,I241,Alexey Iremashvili,1410.0572144332914,4,1417.6886138872178,4,1500.0,0,1500.0,0,1500.0,0
2026-09-29,H0EI,Millen Hurrion,1410.0325901122067,8,1396.8956020845155,8,1500.0,0,1500.0,0,1500.0,0
2026-09-29,S0BW,Ondrej Styler,1409.925120118947,2,1431.7162564950165,1,1470.2795715547607,1,1500.0,0,1500.0,0
2026-09-29,PD86,Roman Piftor,1409.9202451967503,2,1458.2894512742582,1,1438.1592195392327,1,1500.0,0,1500.0,0
2026-09-29,C0KE,Mihai Alexandru Coman,1409.8288451267665,2,1500.0,0,1393.8644598140436,2,1500.0,0,1500.0,0
2026-09-29,800569301,Matiej Reiter,1409.7652924366782,1,1402.7409083660652,1,1500.0,0,1500.0,0,1500.0,0
2026-09-29,K846,Thomas Kromann,1409.749980623574,7,1370.478013178652,5,1493.0458600379538,2,1500.0,0,1500.0,0
2026-09-29,B967,Juan Barboza,1409.7478866120869,1,1500.0,0,1420.7848609627754,1,1500.0,0,1500.0,0
2026-09-29,D344,Relja Fiser-Dulic,1409.6982599704475,6,1500.0,0,1412.5030367356908,6,1500.0,0,1500.0,0
2026-09-29,M511,Filippo Messori,1409.6829268188096,41,1360.1276494679432,3,1466.0429470085373,28,1432.9638053475296,1,1530.3208668698455,7
2026-09-29,G608,Javier Genaro-Martinez,1409.6741723799764,59,1443.6657180120787,6,1405.7070562861427,53,1500.0,0,1500.0,0
2026-09-29,T389,Adam Thompson,1409.6468930570918,10,1383.9251308709013,8,1428.3722159949143,1,1500.0,0,1565.6631951100942,1
2026-09-29,CN70,Nicholas Campbell,1409.602024205724,1,1500.0,0,1500.0,0,1500.0,0,1500.0,0
2026-09-29,D760,Clay Donato,1409.5981795884832,2,1446.594085414002,1,1446.0110181092812,1,1500.0,0,1500.0,0
2026-09-29,M794,Jason Marshall,1409.4999519037494,5,1410.623079044643,2,1469.8427724357477,3,1500.0,0,1500.0,0
2026-09-29,SE37,Florent Scaccianoce,1409.4655188227696,2,1390.880987888112,2,1500.0,0,1500.0,0,1500.0,0
2026-09-29,F323,Sebastian Fitz,1409.4480070826091,30,1445.4462751796866,13,1334.5770397961398,10,1468.1326894245424,3,1543.089574327129,4
2026-09-29,A0EY,Walid Ahouda,1409.4020773299014,2,1420.6764146732585,1,1477.0908807845751,1,1500.0,0,1500.0,0
2026-09-29,B0A0,Maxence Beauge,1409.3544051178455,4,1453.2733542554392,2,1410.785319046219,2,1500.0,0,1500.0,0
2026-09-29,V424,Jorge Villanueva,1409.2947432864396,1,1500.0,0,1419.2352730376708,1,1500.0,0,1500.0,0
2026-09-29,G660,Rodrigo Cataldi,1409.2655577632306,2,1448.6038202653867,1,1442.2109117674897,1,1500.0,0,1500.0,0
2026-09-29,105128,Stanislav Vovk,1409.2602182100193,2,1453.9476920452435,1,1500.0,0,1500.0,0,1444.18628415642,1
2026-09-29,D766,Robert Dee,1409.2438803614011,2,1403.781806967593,2,1500.0,0,1500.0,0,1500.0,0
2026-09-29,G826,Tristan Gabriel,1409.216834967634,2,1390.8686022072502,2,1500.0,0,1500.0,0,1500.0,0
2026-09-29,S887,Mike Scheidweiler,1409.210055691783,37,1309.9518782345624,13,1524.1775117489913,21,1500.0,0,1429.2576238087847,3
2026-09-29,RH87,Rishi Reddy,1409.2071379633835,2,1404.5768306420352,2,1500.0,0,1500.0,0,1500.0,0
2026-09-29,L719,Tushar Liberhan,1409.1715004327696,4,1408.9751456539923,4,1500.0,0,1500.0,0,1500.0,0
2026-09-29,AG25,Gonzalo Achondo,1409.0469035033675,2,1500.0,0,1414.6750983172226,2,1500.0,0,1500.0,0
2026-09-29,B591,Boris Borgula,1408.993942233132,21,1472.0772934706079,14,1400.232338978899,5,1440.9031244009152,1,1500.0,0
2026-09-29,HB07,Vaughn Hunter,1408.9576244009706,3,1384.2712413873369,3,1500.0,0,1500.0,0,1500.0,0
2026-09-29,126139,Alvaro Lopez San Martin,1408.9514293513537,1,1500.0,0,1404.659664198847,1,1500.0,0,1500.0,0
2026-09-29,M620,Charles-Edouard Maria,1408.9330411374397,2,1458.7731077251756,1,1500.0,0,1500.0,0,1440.9031244009152,1
2026-09-29,J200,Lesley Joseph,1408.863820137036,58,1439.688808523373,49,1322.5723037856787,8,1500.0,0,1449.661851002427,1
2026-09-29,K445,Tobias Koeck,1408.8036383027318,3,1500.0,0,1396.3490193782097,3,1500.0,0,1500.0,0
2026-09-29,KE69,Mariano Kestelboim,1408.7909324209834,41,1407.5647207421082,2,1408.6285588224932,39,1500.0,0,1500.0,0
2026-09-29,HA03,Liang-Chi Huang,1408.7217201339333,77,1371.1679752536584,66,1530.1263799862156,6,1500.0,0,1380.7407464234448,5
2026-09-29,SG95,Bumpei Sato,1408.7074089542614,11,1398.957341121222,11,1500.0,0,1500.0,0,1500.0,0
2026-09-29,MK08,James Marsalek,1408.6953192045905,11,1481.4426099639402,1,1420.1719784734917,1,1433.8185384646733,8,1442.9019088185505,1
2026-09-29,CD61,Jordan Cox,1408.6379473348406,19,1368.3265398820104,14,1500.0,0,1475.851745506817,3,1500.0,0
2026-09-29,F351,Cesar Ferrer-Victoria,1408.616577688733,3,1500.0,0,1416.8062973715378,3,1500.0,0,1500.0,0
2026-09-29,110257,Jeffrey Mira Svensson,1408.503373039536,2,1444.18628415642,1,1453.1748277365273,1,1500.0,0,1500.0,0
2026-09-29,LH70,Kuan-Yi Lee,1408.4474648990897,17,1418.4142972001564,15,1500.0,0,1500.0,0,1500.0,0
2026-09-29,103912,Sonchat Ratiwatana,1408.4183345105425,2,1408.4183345105425,2,1500.0,0,1500.0,0,1500.0,0
2026-09-29,Z367,Mousa Shanan Zayed,1408.395346605953,9,1372.5068341793904,9,1500.0,0,1500.0,0,1500.0,0
2026-09-29,L681,Jing-Yi Li,1408.3916451792425,3,1467.5945159203034,2,1431.6576775846686,1,1500.0,0,1500.0,0
2026-09-29,T0GF,JJ Tracy,1408.350376196262,6,1397.594671738199,6,1500.0,0,1500.0,0,1500.0,0
2026-09-29,B899,Vinicius Bortolatto,1408.31560750755,4,1433.0985823863064,4,1500.0,0,1500.0,0,1500.0,0
2026-09-29,T0LZ,Thanh Minh Truong,1408.24512616244,2,1401.9706758898926,2,1500.0,0,1500.0,0,1500.0,0
2026-09-29,MG25,Jacopo Marchegiani,1408.2328165220874,2,1500.0,0,1397.4136994791452,2,1500.0,0,1500.0,0
2026-09-29,PB23,Milan Pokrajac,1408.2240122992425,20,1419.686628373446,18,1500.0,0,1500.0,0,1428.3710021008853,2
2026-09-29,PD10,Alexander Perfilov,1408.2121384681698,3,1422.7195851339663,2,1443.3525328010087,1,1500.0,0,1500.0,0
2026-09-29,CC04,Ricardo Corrente,1408.2012530938414,3,1500.0,0,1413.5407222785666,3,1500.0,0,1500.0,0
2026-09-29,PC09,Jose Pereira,1408.1240179492117,124,1415.0352215907465,18,1395.6288537992266,106,1500.0,0,1500.0,0
2026-09-29,MI09,Brendan Mckenzie,1407.997550690012,3,1393.7908104433134,3,1500.0,0,1500.0,0,1500.0,0
2026-09-29,G672,Robert Gustafsson,1407.9616007571678,2,1500.0,0,1403.5866248709642,2,1500.0,0,1500.0,0
2026-09-29,105194,Daniel Dutra da Silva,1407.834206695445,2,1500.0,0,1422.0057311966355,2,1500.0,0,1500.0,0
2026-09-29,S860,Ryan Sachire,1407.8298155913778,8,1417.8487045158165,8,1500.0,0,1500.0,0,1500.0,0
2026-09-29,VA31,Stefan Vujic,1407.7794272982908,2,1410.140822197659,2,1500.0,0,1500.0,0,1500.0,0
2026-09-29,G326,Michal Gawlowski,1407.59420042262,6,1394.0127991280226,2,1416.478461136313,4,1500.0,0,1500.0,0
2026-09-29,A0IN,Adrian Arcon,1407.5924755813853,2,1431.0044980272592,1,1437.6805774784623,1,1500.0,0,1500.0,0
2026-09-29,DB93,Matias Franco Descotte,1407.5895793996708,59,1421.656006055923,32,1401.4973153051224,27,1500.0,0,1500.0,0
2026-09-29,RC60,Jorman Reyes,1407.5631747249383,2,1450.729682943813,1,1435.0111654551729,1,1500.0,0,1500.0,0
2026-09-29,M867,Jeroen Masson,1407.5609524238187,55,1458.8400064400098,19,1396.6394292679097,26,1500.0,0,1647.1399010821171,10
2026-09-29,R895,Florian Reynet,1407.5501503962541,18,1409.7088694491722,6,1401.4814386971289,12,1500.0,0,1500.0,0
2026-09-29,C0DP,Jayden Court,1407.5489362686103,2,1396.9848316213277,2,1500.0,0,1500.0,0,1500.0,0
2026-09-29,B976,David Brewer,1407.4620087527092,2,1500.0,0,1500.0,0,1367.1219555208615,2,1500.0,0
2026-09-29,R843,Vitor Requiao,1407.4321013687536,2,1500.0,0,1409.2784453872175,2,1500.0,0,1500.0,0
2026-09-29,CM82,Long Chen,1407.3546012489537,2,1390.8060155843045,2,1500.0,0,1500.0,0,1500.0,0
2026-09-29,MB94,Abdullah Maqdes,1407.3299581162778,26,1459.2455897669583,17,1597.860543099385,7,1500.0,0,1500.0,0
2026-09-29,PC43,Costin Paval,1407.2728581304757,3,1486.889958483526,1,1411.3103963031617,2,1500.0,0,1500.0,0
2026-09-29,D450,Fabio Docche,1407.220354722571,7,1500.0,0,1406.0527160835636,7,1500.0,0,1500.0,0
2026-09-29,MN08,Nico Matic,1407.20776655304,3,1500.0,0,1397.7204488715672,3,1500.0,0,1500.0,0
2026-09-29,K314,Dong-Hyun Kim,1407.1638340855538,13,1400.0568228402412,9,1604.6734213892669,2,1500.0,0,1426.954111363388,2
2026-09-29,Z412,Zhicheng Zhu,1407.1169945222375,3,1407.8600733366934,3,1500.0,0,1500.0,0,1500.0,0
2026-09-29,T0A8,Danny Thomas,1407.102445591186,6,1401.858730321392,5,1481.786402541979,1,1500.0,0,1500.0,0
2026-09-29,C839,Eleftherios Christou,1407.0295995579104,2,1500.0,0,1411.281427565514,2,1500.0,0,1500.0,0
2026-09-29,L660,Hao Lu,1406.9409418825708,8,1395.6757635932267,5,1609.010135225206,2,1426.5046100434447,1,1500.0,0
2026-09-29,K628,Nemanja Kontic,1406.905145544277,1,1500.0,0,1402.4275761714441,1,1500.0,0,1500.0,0
2026-09-29,BE64,Mohammed-Faizal Bin Othman,1406.9021264782682,2,1398.3339528355255,2,1500.0,0,1500.0,0,1500.0,0
2026-09-29,Y047,Sergei Yaroshenko,1406.892509747477,20,1446.2228022964955,10,1393.5827226798413,6,1500.0,0,1566.7647162067547,3
2026-09-29,V230,Tero Vilen,1406.8604444261666,2,1422.343415133058,1,1447.8615710236063,1,1500.0,0,1500.0,0
2026-09-29,KF71,Aljaz Jakob Kaplja,1406.7539107170187,3,1408.6343968531512,3,1500.0,0,1500.0,0,1500.0,0
2026-09-29,ME52,Roberto Maytin,1406.7255258265513,1,1399.2513715193911,1,1500.0,0,1500.0,0,1500.0,0
2026-09-29,A0B6,Jaimee Floyd Angele,1406.724922756073,6,1432.9310704193438,3,1455.0744419489556,2,1448.0389318621233,1,1500.0,0
2026-09-29,BU34,Jeremy Beale,1406.6990003789028,10,1373.3548735206227,10,1500.0,0,1500.0,0,1500.0,0
2026-09-29,S0CD,Rocco Savin,1406.6597536084544,2,1500.0,0,1396.118610190759,2,1500.0,0,1500.0,0
2026-09-29,TB70,Wishaya Trongcharoenchaikul,1406.6439795165822,57,1339.5699101525468,44,1594.3618938752552,9,1519.3977867880171,2,1500.0,0
2026-09-29,P435,Antonio Prieto,1406.467784154237,2,1461.4169673398699,1,1436.4517397869427,1,1500.0,0,1500.0,0
2026-09-29,I207,Mikk Irdoja,1406.4600535700329,1,1500.0,0,1398.1033842114634,1,1500.0,0,1500.0,0
2026-09-29,R184,Juan Rios,1406.4300949124395,1,1407.2065902470254,1,1500.0,0,1500.0,0,1500.0,0
2026-09-29,BG48,Patrik Brydolf,1406.3721424564587,5,1474.0636090343364,1,1416.9948205852095,4,1500.0,0,1500.0,0
2026-09-29,P0IG,Martyn Pawelski,1406.3410135714234,5,1376.5740137850778,5,1500.0,0,1500.0,0,1500.0,0
2026-09-29,CA31,Lorenzo Cava,1406.3040298000446,2,1413.6912314139176,2,1500.0,0,1500.0,0,1500.0,0
2026-09-29,X01A,Linang Xiao,1406.2993776790308,20,1377.8700172376505,20,1500.0,0,1500.0,0,1500.0,0
2026-09-29,W0DP,Jaden Weekes,1406.2529410726042,4,1405.6851632225641,4,1500.0,0,1500.0,0,1500.0,0
2026-09-29,R650,Branislav Repa,1406.2372610568902,2,1500.0,0,1500.0,0,1500.0,0,1422.921159092708,1
2026-09-29,104889,Alex Kuznetsov,1406.210353665943,4,1406.4116425672553,4,1500.0,0,1500.0,0,1500.0,0
2026-09-29,L0GB,Alejandro Lopez Escribano,1406.1974363355087,2,1402.714913110218,2,1500.0,0,1500.0,0,1500.0,0
2026-09-29,A0N6,Patrick Agbo-Panzo,1406.1092312165729,4,1408.1620767748414,4,1500.0,0,1500.0,0,1500.0,0
2026-09-29,BM45,Domagoj Biljesko,1406.0535230735452,3,1452.9368406587255,1,1433.7801930678072,2,1500.0,0,1500.0,0
2026-09-29,N966,Nour Nehme,1405.9044015604788,1,1406.301092257356,1,1500.0,0,1500.0,0,1500.0,0
2026-09-29,RC83,Simeon Rossier,1405.8573051651063,2,1500.0,0,1403.0542666536671,2,1500.0,0,1500.0,0
2026-09-29,S658,Manuel Sala,1405.8222093057616,5,1500.0,0,1400.6190259953075,5,1500.0,0,1500.0,0
2026-09-29,E0AU,John Echeverria,1405.7854428493508,6,1388.5446638588385,6,1500.0,0,1500.0,0,1500.0,0
2026-09-29,SD68,Kile Sherry,1405.7618529923977,4,1455.6032070029864,1,1491.4723655606083,2,1500.0,0,1466.2131884138,1
2026-09-29,MD98,Thomas Mangold,1405.749788300578,2,1500.0,0,1500.0,0,1500.0,0,1394.8571751623438,2
2026-09-29,G743,Jonathan Gonzalia,1405.7274536752993,2,1500.0,0,1405.9085814133457,2,1500.0,0,1500.0,0
2026-09-29,SK26,Sudanwa Sitaram,1405.684352535417,2,1438.7055096767713,1,1500.0,0,1444.18628415642,1,1500.0,0
2026-09-29,O322,Adem Ozmeral,1405.6202461100913,3,1406.5815927138005,3,1500.0,0,1500.0,0,1500.0,0
2026-09-29,L876,Benjamin Lankenau,1405.5635223743543,2,1407.2780465264095,2,1500.0,0,1500.0,0,1500.0,0
2026-09-29,800496619,Tariq Simons,1405.5270223052685,1,1414.9369816295168,1,1500.0,0,1500.0,0,1500.0,0
2026-09-29,CC36,Tyler Chin,1405.524059093615,1,1418.3558903581516,1,1500.0,0,1500.0,0,1500.0,0
2026-09-29,R836,Juan-Carlos Ramirez,1405.51296893679,16,1469.0413834836068,5,1411.0827055566747,11,1500.0,0,1500.0,0
2026-09-29,B0H1,Dimitri Badra,1405.453614721979,1,1402.657438273658,1,1500.0,0,1500.0,0,1500.0,0
2026-09-29,W617,Zachary White,1405.4486602015825,3,1406.1207735386108,3,1500.0,0,1500.0,0,1500.0,0
2026-09-29,SA77,Jose Pedro Silva,1405.4166287511948,3,1500.0,0,1370.6844049229671,3,1500.0,0,1500.0,0
2026-09-29,W679,Chieh-Fu Wang,1405.4067353817638,15,1449.8962026198203,12,1436.5675020469837,1,1500.0,0,1412.7698461583896,2
2026-09-29,C508,Daniel Caracciolo,1405.403776531709,2,1500.0,0,1412.4746525186038,2,1500.0,0,1500.0,0
2026-09-29,SG78,Mikal Statham,1405.3366419351175,8,1430.5944418268869,7,1421.7671512980626,1,1500.0,0,1500.0,0
2026-09-29,CA82,Yu Chang,1405.3015942106294,16,1326.086712410268,13,1522.5536645902478,3,1500.0,0,1500.0,0
2026-09-29,RC33,Mateo Andres Ruiz Naranjo,1405.181707965442,5,1403.3978100866032,4,1468.7270829042325,1,1500.0,0,1500.0,0
2026-09-29,B0LO,Matheus Bueres,1405.1646141341055,2,1500.0,0,1408.3213601289995,2,1500.0,0,1500.0,0
2026-09-29,R979,Philip Riise-Hansen,1405.1217801396626,1,1422.0725382885757,1,1500.0,0,1500.0,0,1500.0,0
2026-09-29,P0CV,Marek Podlesak,1405.0805891415698,2,1500.0,0,1407.4832623509285,2,1500.0,0,1500.0,0
2026-09-29,LI16,Jack Mingjie Lin,1404.9637057350083,4,1402.3796905050172,4,1500.0,0,1500.0,0,1500.0,0
2026-09-29,MM78,Jonathan Mridha,1404.9348188489005,19,1365.7594137197136,10,1447.6186385140122,9,1500.0,0,1500.0,0
2026-09-29,M711,Zbynek Mlynarik,1404.9342969331892,77,1479.0455211812537,48,1300.3859518186205,16,1500.0,0,1649.099123197642,8
2026-09-29,104618,Adrian Menendez-Maceiras,1404.8415395459547,2,1500.0,0,1396.2003390152988,2,1500.0,0,1500.0,0
2026-09-29,SN72,Mac Styslinger,1404.8262409575302,9,1390.0751776135362,7,1433.5415814461687,2,1500.0,0,1500.0,0
2026-09-29,HE18,Daniel Hobart,1404.7578165640773,2,1400.0740507176251,2,1500.0,0,1500.0,0,1500.0,0
2026-09-29,N238,Eduardo Nicolas,1404.7065175270882,10,1500.0,0,1415.5534470751156,10,1500.0,0,1500.0,0
2026-09-29,H354,Paul Harsanyi,1404.512883559999,2,1364.5770369765487,2,1500.0,0,1500.0,0,1500.0,0
2026-09-29,V505,Vishnu Vardhan,1404.4965392422846,82,1406.1805563290254,72,1307.988194125248,6,1371.7238196158194,1,1355.4282975310143,3
2026-09-29,H768,Matus Horecny,1404.4922653256936,4,1430.7344040092837,1,1405.673963053641,3,1500.0,0,1500.0,0
2026-09-29,M667,Miguel Miranda,1404.4501298616146,6,1418.3909675940272,2,1417.985443412429,4,1500.0,0,1500.0,0
2026-09-29,P479,Giorgio Prouse,1404.4169996941016,2,1406.2991774938835,2,1500.0,0,1500.0,0,1500.0,0
2026-09-29,LA10,Yang Lu,1404.3957178870764,2,1390.6113713463146,2,1500.0,0,1500.0,0,1500.0,0
2026-09-29,H538,Bo Hodge,1404.3148274631158,2,1407.9843401412568,2,1500.0,0,1500.0,0,1500.0,0
2026-09-29,BB19,Tarek Ben Soltane,1404.2493531894677,1,1500.0,0,1420.5366628078925,1,1500.0,0,1500.0,0
2026-09-29,T289,Josh Tuckfield,1404.1471519603826,2,1429.6868956397684,1,1500.0,0,1500.0,0,1500.0,0
2026-09-29,BM28,Anvit Bendre,1404.1447896291056,2,1414.7617505848348,2,1500.0,0,1500.0,0,1500.0,0
2026-09-29,S938,Bruno Soares,1404.0850597876997,66,1341.794528600954,42,1446.2821748182046,21,1438.2848900939046,1,1500.0,0
2026-09-29,GC32,Jose Gilbert Gomez,1404.0790455509912,3,1500.0,0,1410.329063475398,3,1500.0,0,1500.0,0
2026-09-29,M0FX,Minjong Park,1404.044231309975,1,1500.0,0,1500.0,0,1434.3368048899058,1,1500.0,0
2026-09-29,S0CN,Vazha Shubladze,1403.961007384361,1,1406.671533402233,1,1500.0,0,1500.0,0,1500.0,0
2026-09-29,SC75,Troy Stone,1403.9127845870703,2,1398.2835240661793,2,1500.0,0,1500.0,0,1500.0,0
2026-09-29,G931,Carlos Gonzalez-De Cueto,1403.8633899054744,2,1460.574896217922,1,1419.2263344465196,1,1500.0,0,1500.0,0
2026-09-29,PD44,Nicolas Pastor,1403.8339766107283,28,1326.5826690318395,5,1502.1441344626685,22,1442.9217156351326,1,1500.0,0
2026-09-29,W123,David Wheaton,1403.7744046023286,20,1315.8026363586498,7,1552.7589180622754,11,1492.0706391211081,2,1500.0,0
2026-09-29,T724,Tiago Sousa,1403.744909514763,3,1500.0,0,1453.7286773217754,1,1500.0,0,1381.7655670622107,2
2026-09-29,N598,Takuto Niki,1403.7246342637113,71,1366.370723666258,63,1500.0,0,1500.0,0,1411.5259339650488,8
2026-09-29,S0LF,Leonid Sheyngezikht,1403.717897048463,2,1443.6183150227773,1,1432.383868832581,1,1500.0,0,1500.0,0
2026-09-29,GC49,Piotr Gadomski,1403.7155303616516,15,1487.4787033069945,5,1350.9564598193606,8,1444.18628415642,1,1438.3449388909373,1
2026-09-29,J182,Sebastian Jaeger,1403.5998904018231,14,1584.0215682580783,3,1298.8259227070682,5,1500.4316974474616,2,1429.7609945865343,4
2026-09-29,C0GK,Thiago Cigarran,1403.5917270474215,10,1500.0,0,1398.0263829458609,10,1500.0,0,1500.0,0
2026-09-29,K501,Vasilly Kazhera,1403.5341562959184,1,1500.0,0,1500.0,0,1500.0,0,1435.1223109088621,1
2026-09-29,E168,Todor Enev,1403.4985264398795,63,1345.6573556399696,18,1415.256305906857,37,1500.0,0,1632.8259413779201,8
2026-09-29,BK52,Dekel Bar,1403.4724872410538,3,1429.361753274835,2,1453.4714978349664,1,1500.0,0,1500.0,0
2026-09-29,R835,Cesar Ramirez,1403.446821642441,41,1317.1792005196955,17,1458.5626746451521,23,1500.0,0,1453.221686215943,1
2026-09-29,B585,Matthew Breen,1403.3256945806704,33,1398.586377263981,29,1500.0,0,1500.0,0,1500.0,0
2026-09-29,K0HS,Benjamin Kittay,1403.1208552023554,2,1396.7810025587564,2,1500.0,0,1500.0,0,1500.0,0
2026-09-29,BC78,Roman Bicek,1403.0632882886175,2,1500.0,0,1451.0654967481876,1,1500.0,0,1430.245110380862,1
2026-09-29,U044,Vishal Uppal,1403.0519698206974,9,1376.8265817688828,7,1500.0,0,1504.1564496318938,2,1500.0,0
2026-09-29,D051,Girts Dzelde,1403.050693039457,2,1500.0,0,1455.3626687075819,1,1500.0,0,1434.3368048899058,1
2026-09-29,KF15,Young Seok Kim,1402.773024157139,14,1390.0963075578588,13,1466.3760516621394,1,1500.0,0,1500.0,0
2026-09-29,K833,Jiri Kosler,1402.6937001780932,8,1460.1511613625487,1,1421.300496889119,6,1442.7108855257845,1,1500.0,0
2026-09-29,SR71,Vitalii Shcherba,1402.6492089698866,4,1384.565355012367,2,1500.0,0,1526.0318569648807,2,1500.0,0
2026-09-29,B19W,Filipe Bullamah,1402.6001824648454,1,1500.0,0,1404.856102889475,1,1500.0,0,1500.0,0
2026-09-29,N605,Jose-Ricardo Nunes,1402.5736746961118,8,1500.0,0,1394.2133148702028,8,1500.0,0,1500.0,0
2026-09-29,VA15,Duarte Vale,1402.477737906715,14,1421.2752360678198,4,1411.7588800344342,10,1500.0,0,1500.0,0
2026-09-29,N0GN,Zangar Nurlanuly,1402.4624767396654,4,1434.6898272969381,2,1413.2434296410952,2,1500.0,0,1500.0,0
2026-09-29,H335,Jerome Hanquez,1402.4269339064385,11,1456.4797246800078,5,1475.4052068110354,3,1427.053437778378,1,1418.373287408345,2
2026-09-29,K283,Tung Yi Kho,1402.3783939305745,2,1383.271637038619,2,1500.0,0,1500.0,0,1500.0,0
2026-09-29,J0CT,William Jansen,1402.3158363741343,3,1459.0420449307246,1,1500.0,0,1352.9662700688932,2,1500.0,0
2026-09-29,M0D8,Timur Maulenov,1402.234749329552,3,1390.5320512288881,3,1500.0,0,1500.0,0,1500.0,0
2026-09-29,L729,Tai-Wei Liu,1402.212298867595,4,1423.1325606132373,3,1500.0,0,1500.0,0,1443.9050644684296,1
2026-09-29,SA10,Michael Staniak,1402.150186757435,2,1396.2175164746511,2,1500.0,0,1500.0,0,1500.0,0
2026-09-29,S619,Mark Sibilla,1402.1280299547925,4,1376.9813886905522,2,1500.0,0,1500.0,0,1500.0,0
2026-09-29,MU08,Daniel Mora,1402.0851144401347,2,1420.5800228951398,1,1465.083073627278,1,1500.0,0,1500.0,0
2026-09-29,F571,Rafael Farias,1402.0330635252087,5,1460.0070889659003,1,1441.7469596524447,4,1500.0,0,1500.0,0
2026-09-29,V537,Aleksander Vasin,1402.016470789009,2,1377.987735570088,2,1500.0,0,1500.0,0,1500.0,0
2026-09-29,C531,Ivan Cinkus,1401.9655255211005,5,1500.0,0,1394.1299842527126,5,1500.0,0,1500.0,0
2026-09-29,SK81,Shogafur Shofayziev,1401.8533830743877,1,1397.8714761219983,1,1500.0,0,1500.0,0,1500.0,0
2026-09-29,W700,Joshua Ward Hibbert,1401.7780772565213,4,1500.0,0,1500.0,0,1288.6054154287986,4,1500.0,0
2026-09-29,Z349,Anton Zaitcev,1401.7277681207088,33,1391.6649546574813,24,1414.9881530508335,9,1500.0,0,1500.0,0
2026-09-29,H939,Cheng-Peng Hsieh,1401.7248397957912,3,1397.521539998488,2,1485.8502566233167,1,1500.0,0,1500.0,0
2026-09-29,C855,Mat Cloer,1401.6906413725408,7,1409.7769448431084,7,1500.0,0,1500.0,0,1500.0,0
2026-09-29,S0S9,Dimitris Sakellaridis,1401.5613069748963,3,1409.2974006199224,2,1453.1907979105035,1,1500.0,0,1500.0,0
2026-09-29,PM28,Joshua Peck,1401.5331114340954,2,1392.832210324056,2,1500.0,0,1500.0,0,1500.0,0
2026-09-29,S869,Thomas Schreyer,1401.5210379945077,2,1500.0,0,1446.40465817499,1,1500.0,0,1421.6709779642974,1
2026-09-29,H454,Ouassel Hared,1401.4585278181664,2,1500.0,0,1405.7705102640623,2,1500.0,0,1500.0,0
2026-09-29,C0N2,John Chin,1401.4533475155597,2,1391.7414438352598,2,1500.0,0,1500.0,0,1500.0,0
2026-09-29,G323,Eric Gomes,1401.4262451548746,22,1315.2305016927494,8,1466.7616109879527,11,1500.0,0,1500.0,0
2026-09-29,E928,Alexander Erler,1401.4019316897459,34,1349.6213141522603,13,1421.4375941653998,21,1500.0,0,1500.0,0
2026-09-29,F462,Kean Feeder,1401.3846480903808,2,1402.327340543427,2,1500.0,0,1500.0,0,1500.0,0
2026-09-29,SM14,Dominik Schulz,1401.3689162307812,7,1500.0,0,1418.4839231974631,5,1500.0,0,1438.9965729756846,1
2026-09-29,A270,Charles Auffray,1401.3601655574269,2,1447.2136846586693,1,1446.2092712877006,1,1500.0,0,1500.0,0
2026-09-29,Z0D1,Tianhui Zhang,1401.3568840910152,5,1385.0535037753984,5,1500.0,0,1500.0,0,1500.0,0
2026-09-29,V520,Alejandro Vargas-Garcia,1401.214413602887,2,1500.0,0,1412.074319521695,2,1500.0,0,1500.0,0
2026-09-29,BE03,Maxime Bonami,1401.1907980851665,5,1430.9244403184857,1,1457.74964232945,1,1449.0311429390615,3,1500.0,0
2026-09-29,MI74,Pascal Meis,1401.1625205795203,3,1451.479611230473,1,1426.5532360119746,2,1500.0,0,1500.0,0
2026-09-29,Z0C7,Yaojie Zeng,1401.1364702001226,3,1391.69682930258,3,1500.0,0,1500.0,0,1500.0,0
2026-09-29,G881,Rohan Gide,1401.1161511498606,3,1402.217092824895,3,1500.0,0,1500.0,0,1500.0,0
2026-09-29,106198,Pedro Sakamoto,1401.1143980113793,2,1444.18628415642,1,1444.18628415642,1,1500.0,0,1500.0,0
2026-09-29,103986,Sergei Krotiouk,1401.1014742047334,2,1444.18628415642,1,1444.18628415642,1,1500.0,0,1500.0,0
2026-09-29,TB90,Adam Thornton-Brown,1401.1007696297397,3,1500.0,0,1500.0,0,1371.0941444905661,3,1500.0,0
2026-09-29,T964,Patrick Taubert,1401.0929382405177,5,1500.0,0,1385.7153150465194,4,1500.0,0,1500.0,0
2026-09-29,L950,Alexandar Lazov,1401.022629483416,32,1413.338257360369,12,1375.1890313890913,11,1478.6212621869595,9,1500.0,0
2026-09-29,W481,Kittipong Wachiramanowong,1401.0094377997987,66,1414.8599078664881,58,1490.064947945716,3,1401.3380645360673,2,1392.6406942312312,2
2026-09-29,SO93,Rizo Saidkhodjaev,1400.9852890117102,1,1405.1634556344682,1,1500.0,0,1500.0,0,1500.0,0
2026-09-29,N729,Peter Nagy,1400.9719547912734,17,1420.4160335515733,5,1391.0270035800431,12,1500.0,0,1500.0,0
2026-09-29,N365,Jochen Nufer,1400.9337832993745,2,1500.0,0,1392.9744756531254,2,1500.0,0,1500.0,0
2026-09-29,A503,Musaad Al Jazzaf,1400.8475924157117,9,1450.9093253455949,7,1365.3509495532342,2,1500.0,0,1500.0,0
2026-09-29,PB69,Dominik Pfeiffer,1400.826697951481,2,1500.0,0,1500.0,0,1384.755318069886,2,1500.0,0
2026-09-29,C667,Miguel-Angel Casal-Arantes,1400.8167755615862,1,1500.0,0,1413.75480982544,1,1500.0,0,1500.0,0
2026-09-29,P518,Felipe Parada,1400.7965615754297,14,1429.6189132055783,1,1442.508354393097,13,1500.0,0,1500.0,0
2026-09-29,A703,Adnan Al Mahmoud,1400.5626976644917,2,1444.18628415642,1,1444.18628415642,1,1500.0,0,1500.0,0
2026-09-29,103130,Konstantinos Economidis,1400.5626976644917,2,1444.18628415642,1,1500.0,0,1444.18628415642,1,1500.0,0
2026-09-29,104771,Martin Fischer,1400.5626976644917,2,1444.18628415642,1,1500.0,0,1500.0,0,1444.18628415642,1
2026-09-29,104273,Josko Topic,1400.5626976644917,2,1500.0,0,1400.5626976644917,2,1500.0,0,1500.0,0
2026-09-29,104847,Adrien Bossel,1400.5626976644917,2,1500.0,0,1444.18628415642,1,1444.18628415642,1,1500.0,0
2026-09-29,103102,Olivier Mutis,1400.5626976644917,2,1444.18628415642,1,1444.18628415642,1,1500.0,0,1500.0,0
2026-09-29,D891,Jared Drucker,1400.5626976644917,2,1400.5626976644917,2,1500.0,0,1500.0,0,1500.0,0
2026-09-29,P643,Henrique Pinto-Silva,1400.5521554513166,2,1456.2208491454687,1,1440.9031244009152,1,1500.0,0,1500.0,0
2026-09-29,J473,Deivids Juksa,1400.5174910193768,2,1400.2204636622398,2,1500.0,0,1500.0,0,1500.0,0
2026-09-29,K0HN,Bruno Kuzuhara,1400.508245139482,57,1383.8974592005425,27,1373.1815279796886,30,1500.0,0,1500.0,0
2026-09-29,M896,Antonello Magris,1400.3002720970414,2,1455.1717249863736,1,1456.091852639405,1,1500.0,0,1500.0,0
2026-09-29,SO36,Henrique Sousa,1400.2940186084775,3,1500.0,0,1371.024940367116,3,1500.0,0,1500.0,0
2026-09-29,FA50,Thomas Fancutt,1400.2666874753133,33,1391.0313204967904,29,1443.2983022328679,4,1500.0,0,1500.0,0
2026-09-29,J195,Aleksandar Jerinkic,1400.2315306382593,2,1500.0,0,1437.4512331393473,1,1500.0,0,1455.0854363343597,1
2026-09-29,K656,Kyle Kliegerman,1400.2050794825311,3,1410.5373567582933,3,1500.0,0,1500.0,0,1500.0,0
2026-09-29,BE29,Mehdi Bouabbane,1400.0739434550555,1,1500.0,0,1392.3678631244368,1,1500.0,0,1500.0,0
2026-09-29,H933,Kaden Hensel,1400.0354508827427,18,1413.8342847775748,14,1514.4796371856962,2,1404.71137432369,2,1500.0,0
2026-09-29,SA81,Dmitri Sitak,1399.9065246496964,52,1403.5902217811115,30,1456.248136039455,20,1500.0,0,1440.1651129811246,1
2026-09-29,K555,Byung-Kook Kang,1399.7578976231846,2,1400.8289631336022,2,1500.0,0,1500.0,0,1500.0,0
2026-09-29,L557,Chul-Hee Lee,1399.5526145453707,2,1408.7443879827508,2,1500.0,0,1500.0,0,1500.0,0
2026-09-29,O0A6,Benjamin O'Connell,1399.5381274199533,2,1392.6081814756042,2,1500.0,0,1500.0,0,1500.0,0
2026-09-29,DE12,Karol Drzewiecki,1399.4532226250528,4,1500.0,0,1392.086799856067,4,1500.0,0,1500.0,0
2026-09-29,MH86,Roman Margoulis,1399.3795061760677,2,1388.23232108331,2,1500.0,0,1500.0,0,1500.0,0
2026-09-29,PM27,Jayesh Pungliya,1399.3644272981476,2,1401.1047125989105,2,1500.0,0,1500.0,0,1500.0,0
2026-09-29,MF02,Dmitri Marfinsky,1399.3549479995118,3,1393.749463928176,3,1500.0,0,1500.0,0,1500.0,0
2026-09-29,A912,M. Abid Ali Khan Akbar,1399.3495150908118,6,1347.8083591135392,4,1436.6024098899493,1,1565.6631951100942,1,1500.0,0
2026-09-29,SG29,Nicolas Santos,1399.335431679376,13,1409.683127406299,4,1401.1149056015602,8,1500.0,0,1500.0,0
2026-09-29,A877,Fredrik Ask,1399.3004412763314,2,1442.381641003907,1,1437.1268985731356,1,1500.0,0,1500.0,0
2026-09-29,SD66,Tommaso Sanna,1399.1971678699758,4,1445.514644938696,3,1459.684288134732,1,1500.0,0,1500.0,0
2026-09-29,KI34,Hao Sheng Koay,1399.1925582380304,2,1394.8231850899772,2,1500.0,0,1500.0,0,1500.0,0
2026-09-29,LA77,Ristomatti Lanne,1399.1834347535155,2,1500.0,0,1381.277656539103,2,1500.0,0,1500.0,0
2026-09-29,A260,Timothy Aerts,1399.1457714213263,14,1357.3244617263108,5,1400.9830128043557,5,1500.0,0,1544.6194015456986,4
2026-09-29,I0BV,Emanuel Ivanisevic,1399.0879100984598,3,1500.0,0,1400.4824587115677,3,1500.0,0,1500.0,0
2026-09-29,G711,Tiago Godinho,1399.0720879970766,3,1500.0,0,1444.9866013548178,2,1500.0,0,1421.0234879284874,1
2026-09-29,W612,Sam Weissborn,1398.9648425445191,6,1459.1471423457706,1,1411.6232982861804,5,1500.0,0,1500.0,0
2026-09-29,S0LR,John Sperle,1398.791970732585,6,1500.0,0,1380.0796684951301,6,1500.0,0,1500.0,0
2026-09-29,H950,Dinko Halachev,1398.7859889436525,1,1500.0,0,1398.3771806410837,1,1500.0,0,1500.0,0
2026-09-29,I163,Denis Isaev,1398.6832300585638,2,1380.914808918566,2,1500.0,0,1500.0,0,1500.0,0
2026-09-29,D679,David Diaz-Ventura,1398.6563947180198,2,1436.8428704714422,1,1442.3009185021726,1,1500.0,0,1500.0,0
2026-09-29,SO96,Ronald Slobodchikov,1398.6255301573449,2,1441.0015158800295,1,1441.584232712447,1,1500.0,0,1500.0,0
2026-09-29,TC00,Issam Haitham Taweel,1398.5611684387698,7,1377.601150373166,5,1489.8420958202994,2,1500.0,0,1500.0,0
2026-09-29,BE44,Jose Daniel Bendeck,1398.5292680242844,3,1447.2290826902145,1,1417.40469409811,2,1500.0,0,1500.0,0
2026-09-29,MM54,Vladyslav Manafov,1398.486831129652,18,1452.2176824917751,11,1397.354268753274,7,1500.0,0,1500.0,0
2026-09-29,105553,Jeremy Jahn,1398.3625424224872,2,1444.18628415642,1,1453.0761252990844,1,1500.0,0,1500.0,0
2026-09-29,J240,Jerry Joseph,1398.3391565012037,2,1500.0,0,1414.4989267897727,2,1500.0,0,1500.0,0
2026-09-29,SN94,Maciej Smola,1398.329263305448,4,1500.0,0,1367.4203328424076,4,1500.0,0,1500.0,0
2026-09-29,PC39,Vasco Pascoal,1398.3250144102694,5,1500.0,0,1395.6249448018214,5,1500.0,0,1500.0,0
2026-09-29,O168,Vladimir Obradovic,1398.2062799480448,31,1418.5873529349262,17,1464.495572574316,9,1400.5626976644917,2,1492.1982046960652,2
2026-09-29,K338,Kepler Orellana,1398.1573217880268,28,1467.4563244606375,17,1332.65777074818,8,1417.166565053188,3,1500.0,0
2026-09-29,SM23,Lakshit Sood,1398.1549929138555,3,1390.3286750121254,3,1500.0,0,1500.0,0,1500.0,0
2026-09-29,GA03,Antoni Gomez,1398.0540004976835,2,1500.0,0,1398.1757467214622,2,1500.0,0,1500.0,0
2026-09-29,ME20,Sinisa Markovic,1398.0472090104574,2,1387.1454799406486,2,1500.0,0,1500.0,0,1500.0,0
2026-09-29,M555,David Miketa,1398.016488469052,28,1389.553985653077,2,1406.5852273810622,22,1500.0,0,1417.860331987985,4
2026-09-29,V850,Alexander Vasilenko,1398.0099880456175,15,1418.1375630272385,11,1406.8766671003493,4,1500.0,0,1500.0,0
2026-09-29,J09F,Hendrik Jebens,1398.0097564557182,4,1500.0,0,1375.7271563471522,4,1500.0,0,1500.0,0
2026-09-29,L989,Juan Jose Leal-Gomez,1397.9976687767012,4,1342.5807147575063,4,1500.0,0,1500.0,0,1500.0,0
2026-09-29,L850,Patrick Linke,1397.995342511985,2,1500.0,0,1470.4852457519821,1,1500.0,0,1440.9031244009152,1
2026-09-29,M343,Oren Motevassel,1397.9765479675355,21,1385.0991340741548,16,1500.0,0,1473.2649719388155,5,1500.0,0
2026-09-29,N611,Sang-Woo Noh,1397.969334037919,3,1387.5024704875946,3,1500.0,0,1500.0,0,1500.0,0
2026-09-29,R728,Christoph Radecke,1397.9581488741594,2,1500.0,0,1418.3041228075563,1,1500.0,0,1434.2490365958668,1
2026-09-29,H482,Hisham Hemeda,1397.8866304138874,2,1500.0,0,1453.5308084213634,1,1500.0,0,1434.3368048899058,1
2026-09-29,BB25,Robin Brage,1397.8214301839098,2,1460.90735597635,1,1421.2707266445555,1,1500.0,0,1500.0,0
2026-09-29,SC51,Aliaksandr Skrypko,1397.8097742535526,7,1433.7900844961437,2,1431.3290702314903,2,1500.0,0,1430.9388726013358,3
2026-09-29,HA95,Karim Hossam,1397.795723244794,4,1476.6628259283925,2,1391.886608951508,2,1500.0,0,1500.0,0
2026-09-29,DG65,Michal Dembek,1397.695622764897,13,1412.9632961852712,2,1411.628709769011,11,1500.0,0,1500.0,0
2026-09-29,Y105,Xin-Yuan Yu,1397.6494267066405,22,1377.6228215578656,18,1531.714605993782,2,1500.0,0,1552.7155645191197,2
2026-09-29,M0E4,Wojciech Marek,1397.6003521851092,3,1450.6051045225208,1,1399.5455825243039,2,1500.0,0,1500.0,0
2026-09-29,E832,Neeraj Elangovan,1397.5714057565526,2,1367.8260416601408,2,1500.0,0,1500.0,0,1500.0,0
2026-09-29,BP44,Gage Brymer,1397.5481542277628,15,1348.2890708190778,12,1500.0,0,1422.1485964229385,3,1500.0,0
2026-09-29,SG86,Vedran Siljegovic,1397.5044920572911,2,1500.0,0,1372.451033977392,2,1500.0,0,1500.0,0
2026-09-29,AC76,Jay Andrijic,1397.4497196770762,5,1403.8959095865716,4,1500.0,0,1463.2513441820743,1,1500.0,0
2026-09-29,G474,Christian Grunes,1397.3899972492648,4,1500.0,0,1401.830596240673,2,1500.0,0,1493.01134699764,2
2026-09-29,N433,Pongsiri Niroj,1397.3083831814658,6,1342.256864541832,4,1500.0,0,1500.0,0,1500.0,0
2026-09-29,TG67,Kristjan Tamm,1397.2451858558804,9,1552.4304040197824,4,1402.8742678335254,3,1500.0,0,1500.0,0
2026-09-29,D249,Hendrik Dreekmann,1397.233735930526,4,1500.0,0,1397.2617220014774,2,1418.2748304050563,2,1500.0,0
2026-09-29,B0BY,Juan Ignacio Batalla,1397.227332170765,2,1399.022992288112,2,1500.0,0,1500.0,0,1500.0,0
2026-09-29,GF24,Artur Gusev,1397.1734554678362,2,1403.2458069815048,2,1500.0,0,1500.0,0,1500.0,0
2026-09-29,A824,Guillermo Alcorta-Olarra,1397.020170913542,3,1459.6995575109147,1,1410.4274074007603,2,1500.0,0,1500.0,0
2026-09-29,H507,Levar Harper-Griffith,1396.8420988951214,39,1405.3731180159568,38,1434.3368048899058,1,1500.0,0,1500.0,0
2026-09-29,MN23,Aleksandre Metreveli,1396.7920255961933,34,1360.0939574689346,23,1417.999422306348,11,1500.0,0,1500.0,0
2026-09-29,O148,Janne Ojala,1396.6999800222882,11,1428.728044655271,1,1437.0572971209765,10,1500.0,0,1500.0,0
2026-09-29,BH22,Sam Barry,1396.6655258651974,48,1384.9735654801839,45,1406.6006487704071,2,1500.0,0,1578.6739516058783,1
2026-09-29,Z080,Kobi Ziv,1396.629195556073,2,1438.1439109005046,1,1427.8047662864935,1,1500.0,0,1500.0,0
2026-09-29,H637,Tobias Huelsen,1396.6053569249766,2,1445.0016567001571,1,1422.7021777403177,1,1500.0,0,1500.0,0
2026-09-29,E09U,Hernando Jose Escurra Isnardi,1396.573399960782,10,1434.3368048899058,1,1449.2056609975969,8,1500.0,0,1500.0,0
2026-09-29,KA77,Shahin Khaledan,1396.559199628181,10,1357.6680876608489,7,1584.0066062424091,3,1500.0,0,1500.0,0
2026-09-29,G499,Emmanuel Greff,1396.5227477850044,2,1403.4432138998864,2,1500.0,0,1500.0,0,1500.0,0
2026-09-29,K690,Alberto Koffman,1396.4765466448287,2,1440.9031244009152,1,1416.4790374448455,1,1500.0,0,1500.0,0
2026-09-29,Y211,Ching-Mou Yu,1396.4151547648662,5,1384.9051045352787,3,1500.0,0,1500.0,0,1433.4113548394869,2
2026-09-29,PL53,Matthieu Perchicot,1396.3615445084322,9,1500.0,0,1391.6341112472512,9,1500.0,0,1500.0,0
2026-09-29,PH67,Nathan Ponwith,1396.2558144483737,11,1353.0958078860954,9,1500.0,0,1500.0,0,1500.0,0
2026-09-29,E162,Baris Ergun,1396.2450817562226,7,1376.6514044333362,7,1500.0,0,1500.0,0,1500.0,0
2026-09-29,M0L1,Ismael Changawa Ruwa Mzai,1396.2096255984748,1,1395.1171071545998,1,1500.0,0,1500.0,0,1500.0,0
2026-09-29,DB49,Andre Dome,1396.1778440298149,4,1381.1514542614552,4,1500.0,0,1500.0,0,1500.0,0
2026-09-29,Z346,Robert Ziganshin,1396.1064412897442,2,1395.7841762061198,2,1500.0,0,1500.0,0,1500.0,0
2026-09-29,SJ47,Jae-Min Seol,1396.0951125415504,2,1392.4207362865716,2,1500.0,0,1500.0,0,1500.0,0
2026-09-29,G952,Troy Gillham,1396.088477177473,1,1392.8606896787044,1,1500.0,0,1500.0,0,1500.0,0
2026-09-29,PB27,Todd Paul,1396.0558824339994,10,1401.664148631666,9,1500.0,0,1455.641865894483,1,1500.0,0
2026-09-29,BG61,Jesus Bandres,1396.0266027175323,3,1373.452583351679,3,1500.0,0,1500.0,0,1500.0,0
2026-09-29,A610,Carlos Alvarez,1395.83332842781,2,1500.0,0,1397.8295559322187,2,1500.0,0,1500.0,0
2026-09-29,J263,Woong-Sun Jun,1395.8099090414507,171,1409.3357248398636,110,1469.0328076592277,47,1419.7488338549012,9,1372.2714436155857,5
2026-09-29,B547,Bart Beks,1395.78190131046,8,1465.1493294019272,3,1383.490209646266,3,1511.727711151987,2,1500.0,0
2026-09-29,F312,Andy Fahlke,1395.7617712212136,55,1376.5207815374076,5,1402.6798442899656,26,1500.0,0,1603.6036429943654,24
2026-09-29,J0CS,Petar Jovanovic,1395.725033672139,2,1389.8102672706696,2,1500.0,0,1500.0,0,1500.0,0
2026-09-29,S0Y7,Matthew Summers,1395.6144163704334,4,1462.0743142776682,1,1449.045685036852,1,1387.9790237758982,2,1500.0,0
2026-09-29,D0A2,Matthew Dellavedova,1395.5207547523958,34,1375.0363452228262,30,1433.4973403529914,4,1500.0,0,1500.0,0
2026-09-29,PA43,Andrew Piotrowski,1395.4279095863697,3,1402.62607402763,3,1500.0,0,1500.0,0,1500.0,0
2026-09-29,L599,Alexandre Lichtchenko,1395.2186683933733,2,1440.9031244009152,1,1500.0,0,1500.0,0,1440.9031244009152,1
2026-09-29,R748,Felipe Rojas,1395.194617120402,2,1396.3399273991838,2,1500.0,0,1500.0,0,1500.0,0
2026-09-29,A646,Pedro Alves,1395.1714413869656,2,1423.394772029994,2,1500.0,0,1500.0,0,1500.0,0
2026-09-29,KC68,Mohamed Nazim Khan,1395.1406414092403,2,1394.9457119049619,2,1500.0,0,1500.0,0,1500.0,0
2026-09-29,Z242,Marko Zelch,1395.0634927600079,2,1500.0,0,1500.0,0,1500.0,0,1464.978511369241,1
2026-09-29,104993,Ryan Sweeting,1394.9957504915174,2,1500.0,0,1394.082472179964,2,1500.0,0,1500.0,0
2026-09-29,BP48,Jad Ballout,1394.9661558927514,2,1421.8558349874918,1,1456.585806146496,1,1500.0,0,1500.0,0
2026-09-29,J185,Vukasin Jankovic,1394.930761579448,2,1500.0,0,1500.0,0,1500.0,0,1375.371926479752,2
2026-09-29,HB28,Muhammet Haylaz,1394.825385360135,7,1357.9598271725265,7,1500.0,0,1500.0,0,1500.0,0
2026-09-29,P690,Matt Prentice,1394.8150349117511,2,1393.7138433119064,2,1500.0,0,1500.0,0,1500.0,0
2026-09-29,V213,Alti Vahkal,1394.7754405684634,4,1434.3368048899058,1,1422.0725382885757,1,1500.0,0,1476.2970079903716,2
2026-09-29,PF52,Sebastian Padure,1394.7386745737772,2,1500.0,0,1422.9345514742877,1,1500.0,0,1500.0,0
2026-09-29,L0DK,Joshua Lapadat,1394.7298069396504,3,1387.5406992355338,3,1500.0,0,1500.0,0,1500.0,0
2026-09-29,KE43,Chayanon Kaewsuto,1394.7191740644064,5,1396.0636487557097,5,1500.0,0,1500.0,0,1500.0,0
2026-09-29,Z0DA,Carlos Maria Zarate,1394.576127735319,22,1503.4522186953257,2,1380.7180231899129,20,1500.0,0,1500.0,0
2026-09-29,SW51,Pavel Staubert,1394.555977800217,2,1432.6175075416747,1,1439.9664892558424,1,1500.0,0,1500.0,0
2026-09-29,F874,Charles Force,1394.4650964848847,4,1500.0,0,1380.5026182322563,4,1500.0,0,1500.0,0
2026-09-29,W208,Nir Welgreen,1394.3680988925205,21,1410.4944633807947,15,1500.0,0,1519.552164135091,6,1500.0,0
2026-09-29,RB89,Nik Razborsek,1394.342147132662,10,1395.7930284291645,5,1479.5032795082489,4,1445.879824048758,1,1500.0,0
2026-09-29,G880,Wan Gao,1394.228553732982,4,1435.3592201938234,3,1410.1454724189175,1,1500.0,0,1500.0,0
2026-09-29,H362,Martin Hromec,1394.1966411887327,4,1423.6017838453602,1,1499.563045515593,2,1500.0,0,1461.548205896069,1
2026-09-29,O276,Joshua Olivas,1394.1637391276677,2,1500.0,0,1397.7197516362692,2,1500.0,0,1500.0,0
2026-09-29,106426,Nicolas Jarry,1394.1333083068716,2,1500.0,0,1439.3009446711435,1,1444.18628415642,1,1500.0,0
2026-09-29,HA89,Jui-Chen Hung,1394.072486154887,15,1391.0373305638038,13,1500.0,0,1500.0,0,1415.709384798491,2
2026-09-29,GF33,Nikita Gudozhnikov,1394.0412132185688,2,1404.6582256158977,2,1500.0,0,1500.0,0,1500.0,0
2026-09-29,BK43,Enrique Bogo,1394.0062858157216,3,1500.0,0,1376.0737154072478,3,1500.0,0,1500.0,0
2026-09-29,S0LD,Keisuke Saitoh,1394.0030238901234,3,1381.968317864688,3,1500.0,0,1500.0,0,1500.0,0
2026-09-29,M815,Toshihide Matsui,1394.0001810979632,165,1390.1950840323002,127,1422.929346143609,8,1415.108228547154,8,1405.865288325284,22
2026-09-29,V0AS,Louis Van Herck,1393.9844338298544,2,1487.7090411667557,1,1396.8766465564818,1,1500.0,0,1500.0,0
2026-09-29,TG10,Christophe Tholl,1393.9538163757145,5,1451.2392691857035,4,1391.8696922662464,1,1500.0,0,1500.0,0
2026-09-29,D555,Sergei Demekhine,1393.930804675391,7,1436.2790290417008,3,1434.7787572993723,4,1500.0,0,1500.0,0
2026-09-29,B0NF,Valentin Basel,1393.744503117178,2,1500.0,0,1393.4107566968999,2,1500.0,0,1500.0,0
2026-09-29,F494,Philippe Frayssinoux,1393.6487672527155,3,1385.262304390042,3,1500.0,0,1500.0,0,1500.0,0
2026-09-29,L0CK,Younes Lalami,1393.6173417494156,8,1420.3743338993877,2,1400.069156379981,6,1500.0,0,1500.0,0
2026-09-29,BC14,Marin Bradaric,1393.6135849354375,7,1456.6495783428322,1,1405.3031955875174,6,1500.0,0,1500.0,0
2026-09-29,P470,Travis Parrott,1393.573048834301,9,1405.9834864214913,6,1446.1854990673141,3,1500.0,0,1500.0,0
2026-09-29,K602,Jiri Krkoska,1393.5707613406216,2,1440.9031244009152,1,1436.7674710596868,1,1500.0,0,1500.0,0
2026-09-29,H632,Rickard Holmstrom,1393.557951088686,3,1500.0,0,1437.0945471408536,2,1500.0,0,1500.0,0
2026-09-29,108599,Ivo Lagzdins,1393.5438450304773,2,1500.0,0,1446.6010714912359,1,1500.0,0,1434.3368048899058,1
2026-09-29,SQ86,Hugo Schott,1393.4976125209998,6,1383.2498088737818,6,1500.0,0,1500.0,0,1500.0,0
2026-09-29,B0I0,Alexander Bernard,1393.4798824325153,6,1397.2522058154188,6,1500.0,0,1500.0,0,1500.0,0
2026-09-29,CC84,Daniel Chu,1393.4514225438822,2,1411.0521400094296,2,1500.0,0,1500.0,0,1500.0,0
2026-09-29,E720,Adam El Mihdawy,1393.4478574466923,57,1394.486691505164,42,1394.7940854423723,15,1500.0,0,1500.0,0
2026-09-29,ML59,Mateo Nicolas Martinez,1393.340544962482,3,1451.2941694045585,1,1401.1811012034725,2,1500.0,0,1500.0,0
2026-09-29,GB41,Juan Sebastian Gomez,1393.3331992598062,56,1420.5653779740705,10,1384.5850051607667,46,1500.0,0,1500.0,0
2026-09-29,J347,Yannick Jankovits,1393.1836351805923,32,1385.465363320218,29,1413.414816783916,3,1500.0,0,1500.0,0
2026-09-29,P465,Evghenii Plugariov,1393.1658291817193,5,1500.0,0,1423.0581882046417,5,1500.0,0,1500.0,0
2026-09-29,P597,Tomislav Peric,1393.1073889192842,17,1429.0869141701983,4,1502.2639906598642,9,1423.8052374248807,3,1461.9003674225187,1
2026-09-29,M844,Marcin Matkowski,1393.049613464651,26,1332.0298469356087,5,1423.4966672143405,18,1478.848733731194,2,1565.6631951100942,1
2026-09-29,K405,Denis Kurmatov,1393.005202322928,2,1437.8629396564418,1,1429.669159539559,1,1500.0,0,1500.0,0
2026-09-29,C782,Gwen-Arne Corches,1393.0037966131144,3,1500.0,0,1402.1265349465762,3,1500.0,0,1500.0,0
2026-09-29,103138,Jurek Stasiak,1392.9613065347046,2,1435.2964430137556,1,1444.18628415642,1,1500.0,0,1500.0,0
2026-09-29,Q017,Michael Quintero,1392.868713402216,128,1435.5980801403614,54,1350.2751486437799,72,1440.9031244009152,1,1500.0,0
2026-09-29,F526,Francisco Franco,1392.8541493399975,3,1500.0,0,1394.9449106579493,3,1500.0,0,1500.0,0
2026-09-29,K906,Michal Konecny,1392.7296736905485,67,1432.0102028445367,37,1278.5332610980283,26,1407.6093654863162,4,1500.0,0
2026-09-29,D0BE,Jesse Delaney,1392.6515119992644,3,1391.568452346331,3,1500.0,0,1500.0,0,1500.0,0
2026-09-29,S0IV,Paulo Andre Saraiva Dos Santos,1392.5638850162593,23,1474.0721013862444,4,1360.8645984854954,19,1500.0,0,1500.0,0
2026-09-29,CA46,Joshua Crowe,1392.5044001065883,2,1373.8306641664453,2,1500.0,0,1500.0,0,1500.0,0
2026-09-29,ME91,Rafael Millon,1392.4698295482904,2,1500.0,0,1414.5915051730396,2,1500.0,0,1500.0,0
2026-09-29,104860,Mehdi Ziadi,1392.2981040762952,2,1500.0,0,1444.18628415642,1,1500.0,0,1444.18628415642,1
2026-09-29,104514,Florin Mergea,1392.2981040762952,2,1500.0,0,1400.5626976644917,2,1500.0,0,1500.0,0
2026-09-29,BA29,Aaron Badart,1392.261596651514,2,1440.9031244009152,1,1435.2021251966466,1,1500.0,0,1500.0,0
2026-09-29,N718,Ugo Nastasi,1392.0612430112324,20,1412.3159987582962,17,1331.1731871430652,3,1500.0,0,1500.0,0
2026-09-29,B457,Scott Barron,1392.035238398714,25,1335.472323957903,8,1441.5364721135452,10,1434.3368048899058,1,1500.0,0
2026-09-29,SC92,Peng Sun,1392.030445922654,40,1454.684033424193,31,1400.978498609582,2,1349.817371817181,2,1308.141112928092,5
2026-09-29,AG57,Leonardo Aboian,1391.975792023527,21,1500.0,0,1382.6676006028454,21,1500.0,0,1500.0,0
2026-09-29,K830,Tamas Krafcsik,1391.9018849150186,2,1500.0,0,1392.3761560430069,2,1500.0,0,1500.0,0
2026-09-29,T897,David Thurner,1391.8455201877957,11,1424.5031317519583,2,1460.2108117891323,5,1408.3608102651433,4,1500.0,0
2026-09-29,B670,Chemseddine Belal,1391.8386741413176,3,1500.0,0,1403.0562858967103,3,1500.0,0,1500.0,0
2026-09-29,C0Q4,Charles Chen,1391.7933468884542,6,1377.297544701244,6,1500.0,0,1500.0,0,1500.0,0
2026-09-29,SH46,Alexander Somogyi,1391.6194255166934,2,1500.0,0,1399.4290866408717,2,1500.0,0,1500.0,0
2026-09-29,V329,Juan-Pablo Villar,1391.5525865768118,23,1407.9718660678725,8,1494.3710033107598,13,1500.0,0,1440.9031244009152,1
2026-09-29,Z185,Danilo Zivanovic,1391.5314547122382,3,1405.6333873841663,2,1472.936392584807,1,1500.0,0,1500.0,0
2026-09-29,W664,Hufu Wang,1391.526637155208,2,1392.3888834594736,2,1500.0,0,1500.0,0,1500.0,0
2026-09-29,TG30,Rigele Te,1391.5141868619353,70,1341.2233062408948,60,1575.6135551511504,8,1500.0,0,1500.0,0
2026-09-29,A397,Ytai Abougzir,1391.4786158948957,2,1388.6436614270563,2,1500.0,0,1500.0,0,1500.0,0
2026-09-29,F453,Declan Friesberg,1391.446729569016,2,1355.9121547071804,2,1500.0,0,1500.0,0,1500.0,0
2026-09-29,V473,Martijn Van Haasteren,1391.4407255026588,22,1578.172982871653,17,1328.3430710860487,3,1442.9875928410338,1,1500.0,0
2026-09-29,E632,John El Khoury,1391.4060731793168,2,1427.1553866676013,1,1452.1008483632227,1,1500.0,0,1500.0,0
2026-09-29,104926,Fabio Fognini,1391.284829337815,5,1379.824294400219,3,1503.9255357634552,2,1500.0,0,1500.0,0
2026-09-29,SQ24,David Simunek,1391.2070552618848,2,1500.0,0,1383.2945685398531,2,1500.0,0,1500.0,0
2026-09-29,GA01,Gregory Gumbs,1391.10127848157,2,1440.9031244009152,1,1457.7612802096469,1,1500.0,0,1500.0,0
2026-09-29,O09L,Christian Oliveira,1391.0726703258692,2,1500.0,0,1392.0809168499952,2,1500.0,0,1500.0,0
2026-09-29,F320,Cary Franklin,1391.0559096009038,2,1400.2852987767417,2,1500.0,0,1500.0,0,1500.0,0
2026-09-29,DB32,Yurii Dzhavakian,1391.0187828645448,2,1439.2215694988188,1,1440.9031244009152,1,1500.0,0,1500.0,0
2026-09-29,G705,Ivor Grazette,1390.9715205209632,2,1382.4330585835723,2,1500.0,0,1500.0,0,1500.0,0
2026-09-29,PC76,Bjorn Propst,1390.950235840601,3,1457.1065081770862,1,1414.8877589181143,2,1500.0,0,1500.0,0
2026-09-29,SB23,Vjekoslav Skenderovic,1390.8673932333445,29,1428.679211892601,13,1390.1642082859291,16,1500.0,0,1500.0,0
2026-09-29,H723,Mislav Hizak,1390.848585599484,3,1388.267518167916,3,1500.0,0,1500.0,0,1500.0,0
2026-09-29,B848,Andrew Banks,1390.7358248266985,7,1484.314676787105,4,1500.0,0,1379.8059643972806,2,1454.590701980043,1
2026-09-29,C770,Alessandro Camarco,1390.7215369440278,9,1395.5101793521687,8,1434.3368048899058,1,1500.0,0,1500.0,0
2026-09-29,I201,Yassine Idmbarek,1390.6556800474254,40,1526.794585202807,3,1382.6084045590778,37,1500.0,0,1500.0,0
2026-09-29,104755,Tobias Kamke,1390.634228915283,2,1500.0,0,1390.1726242103543,2,1500.0,0,1500.0,0
2026-09-29,G798,David Gonzalez,1390.615322998879,3,1488.4445474595623,1,1393.3451404012026,2,1500.0,0,1500.0,0
2026-09-29,SA20,Daigo Sakuri,1390.544374652437,2,1439.1545128408793,1,1430.1331206031343,1,1500.0,0,1500.0,0
2026-09-29,H281,Mark Hlawaty,1390.5366004118823,2,1427.9283069719959,1,1500.0,0,1500.0,0,1500.0,0
2026-09-29,S998,Denis Salimsakov,1390.525800763673,2,1440.9031244009152,1,1440.9031244009152,1,1500.0,0,1500.0,0
2026-09-29,PJ10,Andrei Patrui,1390.3484487729577,3,1500.0,0,1390.1478495527838,3,1500.0,0,1500.0,0
2026-09-29,M021,Pablo Martin-Adalia,1390.325089504087,22,1345.4669449823382,6,1436.2808806627281,15,1442.8750077621216,1,1500.0,0
2026-09-29,SU23,Jan Oliver Sadlowski,1390.2637924944172,2,1446.1420953469187,1,1430.847217782983,1,1500.0,0,1500.0,0
2026-09-29,SY50,Nitin Kumar Sinha,1390.2549759438512,3,1388.7606035407944,3,1500.0,0,1500.0,0,1500.0,0
2026-09-29,PD83,Martin Prikryl,1390.24471053683,8,1500.0,0,1380.9490706378026,8,1500.0,0,1500.0,0
2026-09-29,S818,David Sherwood,1390.1537437037246,29,1426.1974921481178,18,1402.669423951574,2,1413.0436218679351,7,1424.8043146019245,2
2026-09-29,N321,Rouslan Nourmatov,1390.0187986048866,2,1377.4140458446323,2,1500.0,0,1500.0,0,1500.0,0
2026-09-29,KA46,Yuya Kibi,1390.0181972170083,71,1371.0577767607108,64,1500.0,0,1500.0,0,1510.780766433038,7
2026-09-29,105202,Andrei Karatchenia,1389.9972013363817,2,1395.0647760282855,2,1500.0,0,1500.0,0,1500.0,0
2026-09-29,T0AA,Dan Alexandru Tomescu,1389.9815782358994,3,1500.0,0,1376.8305407112616,3,1500.0,0,1500.0,0
2026-09-29,V369,Alexander Vasquez,1389.9634894676376,2,1392.2384625868608,2,1500.0,0,1500.0,0,1500.0,0
2026-09-29,G742,Albano Galan,1389.8060688888388,2,1381.6152768948773,2,1500.0,0,1500.0,0,1500.0,0
2026-09-29,MA36,Gabriel Moraru,1389.7869374978702,109,1500.0,0,1391.3690065708201,108,1467.4060787088856,1,1500.0,0
2026-09-29,S959,Sanjin Sadovich,1389.7615402530507,4,1397.6976197580548,4,1500.0,0,1500.0,0,1500.0,0
2026-09-29,RH88,Alan Fernando Rubio Fierros,1389.6798341606998,17,1447.6157578115865,12,1330.7444910298595,5,1500.0,0,1500.0,0
2026-09-29,R607,Bruno Rosa,1389.592560664635,19,1276.9855627898085,6,1470.3495508942458,13,1500.0,0,1500.0,0
2026-09-29,BS17,William Bushamuka,1389.5298965547436,3,1416.9374262201748,2,1500.0,0,1500.0,0,1500.0,0
2026-09-29,S408,Donavan September,1389.458617389354,7,1452.3874587017795,5,1500.0,0,1500.0,0,1440.9031244009152,1
2026-09-29,MI41,George Morgan,1389.457249393698,9,1500.0,0,1500.0,0,1330.1365123417113,9,1500.0,0
2026-09-29,S688,Andrei Stoliarov,1389.393237683857,226,1366.2778344735498,86,1491.854249458632,77,1400.5868119940171,19,1495.1787057683582,43
2026-09-29,K697,Sky Kim,1389.3840782009636,2,1392.6078846295109,2,1500.0,0,1500.0,0,1500.0,0
2026-09-29,K401,Toshiharu Kato,1389.3281640217558,2,1421.0153172853502,1,1500.0,0,1500.0,0,1438.3292994083733,1
2026-09-29,K0D6,Yousaf Khalil,1389.3057670026603,2,1414.9599657211174,2,1500.0,0,1500.0,0,1500.0,0
2026-09-29,J607,Martin Joyce,1389.270277192345,7,1373.2350611828151,7,1500.0,0,1500.0,0,1500.0,0
2026-09-29,V390,Yoann Villar,1389.2330645380196,3,1500.0,0,1390.8319469712637,3,1500.0,0,1500.0,0
2026-09-29,CF10,Nick Chappell,1389.1821310010791,79,1394.2116935443912,63,1319.7606937071585,14,1469.6431546777278,1,1500.0,0
2026-09-29,I054,Satoshi Iwabuchi,1389.1056019801565,98,1355.1962704662933,70,1365.0452793154413,2,1491.9025953387645,12,1539.7461698239035,14
2026-09-29,W613,Chung Hyo Woo,1389.0628074905046,2,1394.9454586651325,2,1500.0,0,1500.0,0,1500.0,0
2026-09-29,PC32,Vitaley Pavlov,1389.034796843987,2,1393.0287077639039,2,1500.0,0,1500.0,0,1500.0,0
2026-09-29,E736,Joss Espasandin,1388.9893248634992,2,1500.0,0,1392.3917488068373,2,1500.0,0,1500.0,0
2026-09-29,L563,Xavier Luscan,1388.9418788053847,2,1404.2644613986745,2,1500.0,0,1500.0,0,1500.0,0
2026-09-29,A365,Carlos Avellan,1388.9104347706038,48,1419.2798080862908,21,1400.3777583910862,27,1500.0,0,1500.0,0
2026-09-29,V0D4,Eric Vanshelboim,1388.8052025639463,18,1453.36120468225,8,1342.3450723776634,10,1500.0,0,1500.0,0
2026-09-29,O639,Giovanni Oradini,1388.7753208216952,28,1461.1618212459316,13,1374.81281279745,15,1500.0,0,1500.0,0
2026-09-29,CA42,Carlos Calderon-Rodriguez,1388.6897332649942,2,1500.0,0,1360.4663202855265,2,1500.0,0,1500.0,0
2026-09-29,CC07,Hendrik Coertzen,1388.670832483511,2,1386.492501479338,2,1500.0,0,1500.0,0,1500.0,0
2026-09-29,Z307,Muhammad-Ashaari Bin Zainal Abidin,1388.5965044110653,4,1393.2487979871673,4,1500.0,0,1500.0,0,1500.0,0
2026-09-29,D946,Marcos Vinicius Dias,1388.5772330240509,2,1500.0,0,1398.6630893716424,2,1500.0,0,1500.0,0
2026-09-29,V0DO,Martin Antonio Vergara del Puerto,1388.4888035083559,4,1500.0,0,1354.4174462940293,4,1500.0,0,1500.0,0
2026-09-29,CA60,Andrei Ciumac,1388.478933500247,11,1401.7845539304572,4,1489.3128249248045,5,1500.0,0,1436.161040010407,1
2026-09-29,A203,Karim Alami,1388.4587932948166,93,1437.5665669893983,38,1378.5664094763647,48,1440.7973259806522,5,1375.7845760519442,2
2026-09-29,F461,Luca Fereghino,1388.4290374740388,2,1500.0,0,1391.2962823466198,2,1500.0,0,1500.0,0
2026-09-29,SI74,Henrik Sillanpaa,1388.409213357023,10,1500.0,0,1379.1775133282326,10,1500.0,0,1500.0,0
2026-09-29,SG37,Pawel Syrewicz,1388.2742068242017,4,1368.5239428481436,3,1483.8344010458914,1,1500.0,0,1500.0,0
2026-09-29,D939,Daniiar Duldaev,1388.2202884019728,8,1368.4164138036758,8,1500.0,0,1500.0,0,1500.0,0
2026-09-29,G427,Miha Gregorc,1388.1799089605954,2,1500.0,0,1395.4229486281358,2,1500.0,0,1500.0,0
2026-09-29,Y011,Yasufumi Yamamoto,1387.98409878182,2,1500.0,0,1500.0,0,1500.0,0,1395.2186683933733,2
2026-09-29,MK39,Vasco Mensurado,1387.9606668971485,6,1500.0,0,1371.309399224538,6,1500.0,0,1500.0,0
2026-09-29,BE60,Andres Bucaro,1387.9260069978734,2,1459.929295677629,1,1431.3950837365946,1,1500.0,0,1500.0,0
2026-09-29,GD91,Juan Ignacio Galarza,1387.877616982198,28,1500.0,0,1375.8620202588536,28,1500.0,0,1500.0,0
2026-09-29,F824,Connor Farren,1387.8461996987285,3,1402.1353191264072,3,1500.0,0,1500.0,0,1500.0,0
2026-09-29,L775,Bertrand Lescure,1387.7062063164633,2,1396.253771303225,2,1500.0,0,1500.0,0,1500.0,0
2026-09-29,L0FW,Hanwen Li,1387.6813285823084,7,1381.6576920649159,6,1488.2595161489917,1,1500.0,0,1500.0,0
2026-09-29,DG51,Sharmal Dissanayake,1387.6051339774635,9,1437.0250906210706,3,1387.1731915318446,6,1500.0,0,1500.0,0
2026-09-29,A805,Sho Aida,1387.6006203329302,2,1389.209638063747,2,1500.0,0,1500.0,0,1500.0,0
2026-09-29,I286,Temur Ismailov,1387.593227488553,48,1421.7197556967787,37,1235.5812598351113,10,1473.1364868576297,1,1500.0,0
2026-09-29,BI21,Bar Tzuf Botzer,1387.5670612029282,7,1359.7592590665477,6,1440.9031244009152,1,1500.0,0,1500.0,0
2026-09-29,LB78,Jea Moon Lee,1387.5380780183282,8,1348.8845542597837,8,1500.0,0,1500.0,0,1500.0,0
2026-09-29,T965,Sean Thornley,1387.5163463778185,9,1500.0,0,1500.0,0,1344.2807271107586,8,1440.9031244009152,1
2026-09-29,KD43,Arjun Kadhe,1387.3387323246488,31,1410.6402708800567,27,1305.059950291045,4,1500.0,0,1500.0,0
2026-09-29,MF82,Jorge Montoya,1387.3272636640509,2,1424.7403493993233,1,1450.4204893080164,1,1500.0,0,1500.0,0
2026-09-29,H021,Gregg Hill,1387.275276667219,9,1394.2972208879708,8,1457.711464662504,1,1500.0,0,1500.0,0
2026-09-29,I166,Daniel Isaza,1387.0351270069568,2,1389.2769469356167,2,1500.0,0,1500.0,0,1500.0,0
2026-09-29,SH34,Elbert Sie,1387.0253594899368,12,1374.9798158062804,12,1500.0,0,1500.0,0,1500.0,0
2026-09-29,MB81,Russell Moseley,1386.951770516934,2,1390.3536366544138,2,1500.0,0,1500.0,0,1500.0,0
2026-09-29,D987,Jakhongir Jalalov,1386.924769764581,2,1500.0,0,1402.5378806996039,2,1500.0,0,1500.0,0
2026-09-29,S765,Luke Smith,1386.889328066443,3,1434.592534549309,2,1500.0,0,1500.0,0,1500.0,0
2026-09-29,H879,Eric Hechtman,1386.8185235882822,3,1378.2418977105515,3,1500.0,0,1500.0,0,1500.0,0
2026-09-29,DA01,Patrick Davidson,1386.7313128562619,4,1437.850368752653,2,1479.8862551145724,1,1434.8848544570897,1,1500.0,0
2026-09-29,SL56,Ilia Starkov,1386.7028170536296,5,1366.5279298274045,5,1500.0,0,1500.0,0,1500.0,0
2026-09-29,S579,Thomas Shimada,1386.6500668652131,3,1408.723740558684,2,1500.0,0,1422.0725382885757,1,1500.0,0
2026-09-29,T0IZ,Alvin Nicholas Tudorica,1386.5997899854326,6,1426.5489898315507,3,1390.259102972585,3,1500.0,0,1500.0,0
2026-09-29,H0AG,Ray Ho,1386.3980553570016,3,1371.4453103449964,3,1500.0,0,1500.0,0,1500.0,0
2026-09-29,R701,Juan Carlos Rebaza-Lozano,1386.2681199287113,2,1445.8945254310652,1,1500.0,0,1500.0,0,1455.3626687075819,1
2026-09-29,PE19,Francesco Picco,1386.2234118758502,3,1500.0,0,1384.4551305868079,3,1500.0,0,1500.0,0
2026-09-29,KB47,Vitaliy Kachanovskiy,1386.20689770194,3,1366.4482371797687,3,1500.0,0,1500.0,0,1500.0,0
2026-09-29,SK08,Dovydas Sakinis,1386.1466530468936,7,1514.7618059330912,3,1388.260603536387,3,1500.0,0,1413.0068904495297,1
2026-09-29,C0O4,Fernando Cavallo,1385.9539405688613,3,1500.0,0,1375.9885117764402,3,1500.0,0,1500.0,0
2026-09-29,F663,Stephan Fransen,1385.908286297554,10,1484.5087503493921,1,1411.5066153152322,7,1410.7467500888104,2,1500.0,0
2026-09-29,H622,Heinrich Heyl,1385.8624453674752,2,1394.062139527942,2,1500.0,0,1500.0,0,1500.0,0
2026-09-29,C880,Stephane Courtade,1385.728172813853,2,1383.0728255253134,2,1500.0,0,1500.0,0,1500.0,0
2026-09-29,KB34,Christoffer Konigsfeldt,1385.6930045639742,3,1396.5040307321883,3,1500.0,0,1500.0,0,1500.0,0
2026-09-29,BH04,Sean Berman,1385.6354550080475,5,1386.54148605624,5,1500.0,0,1500.0,0,1500.0,0
2026-09-29,S920,Dirk Stegmann,1385.6213678349854,6,1393.5709029952848,6,1500.0,0,1500.0,0,1500.0,0
2026-09-29,C526,Peter Clarke,1385.62102770608,50,1431.8709425478519,20,1413.5977424041455,12,1429.9732449327448,3,1443.4258144729454,10
2026-09-29,C371,Tetsuya Chaen,1385.6006334724577,8,1369.4344507710377,3,1500.0,0,1500.0,0,1461.1377290153532,5
2026-09-29,P648,Petar Popovic,1385.588624023345,12,1474.3114572436245,5,1352.8727051784292,7,1500.0,0,1500.0,0
2026-09-29,N413,Quang-Huy Ngo,1385.5694622725357,2,1375.955060646718,2,1500.0,0,1500.0,0,1500.0,0
2026-09-29,V0AE,Tomas Vaise,1385.5572443400938,2,1428.958782504803,1,1500.0,0,1500.0,0,1500.0,0
2026-09-29,A725,Vadim Alekseenko,1385.5406733535797,5,1403.8681211142048,3,1432.4496873000955,2,1500.0,0,1500.0,0
2026-09-29,SB64,Muhammad Khaliq Siddiq,1385.4486700839504,2,1385.0188572123773,2,1500.0,0,1500.0,0,1500.0,0
2026-09-29,E806,Michael Eibl,1385.415029416966,2,1435.2964430137556,1,1449.8570448457688,1,1500.0,0,1500.0,0
2026-09-29,D363,Dejan Djokic,1385.1626236144637,2,1390.5659914567375,2,1500.0,0,1500.0,0,1500.0,0
2026-09-29,E0BO,Nino Ehrenschneider,1385.1225179771377,3,1407.103038523512,2,1440.9031244009152,1,1500.0,0,1500.0,0
2026-09-29,SK13,Sergey Strelkov,1385.0449043066583,8,1381.0679118894277,8,1500.0,0,1500.0,0,1500.0,0
2026-09-29,SP25,Fred Simonsson,1385.0151717666079,15,1379.566933306036,5,1441.505402350615,10,1500.0,0,1500.0,0
2026-09-29,B541,Ivo Bratanov,1384.9330975996695,3,1391.35435355022,2,1480.5687542805676,1,1500.0,0,1500.0,0
2026-09-29,A245,Naoki Arimoto,1384.797734879964,2,1500.0,0,1500.0,0,1500.0,0,1390.8217906942382,2
2026-09-29,I091,Stefan Imielski,1384.784915235176,2,1500.0,0,1395.438204684077,2,1500.0,0,1500.0,0
2026-09-29,L521,Daniel Lesske,1384.7467344433053,2,1500.0,0,1398.481469185359,2,1500.0,0,1500.0,0
2026-09-29,M818,Dentry Mortimer,1384.693573353169,2,1500.0,0,1384.693573353169,2,1500.0,0,1500.0,0
2026-09-29,LI14,Franz Luna Lavidalie,1384.4237225949225,2,1393.5540788231883,2,1500.0,0,1500.0,0,1500.0,0
2026-09-29,V692,Johannes Robert Van Overbeek,1384.1230711512053,1,1396.1117905260614,1,1500.0,0,1500.0,0,1500.0,0
2026-09-29,N510,Goncalo Nicau,1384.0980638894491,2,1429.3341164324331,1,1434.3368048899058,1,1500.0,0,1500.0,0
2026-09-29,V409,Olivier Vandewiele,1383.8436828954993,2,1449.8238055626396,1,1500.0,0,1500.0,0,1440.9031244009152,1
2026-09-29,GB94,Omar Giacalone,1383.6989184028307,13,1500.0,0,1364.1647496918647,13,1500.0,0,1500.0,0
2026-09-29,Z334,Pedro Zerbini,1383.6759370638092,4,1387.6981242221145,3,1483.641623421313,1,1500.0,0,1500.0,0
2026-09-29,R651,Rajeev Rajapakse,1383.6330910255497,2,1500.0,0,1359.4916065437178,2,1500.0,0,1500.0,0
2026-09-29,V0DR,Ha Minh Duc Vu,1383.615133061284,3,1377.4735690222574,3,1500.0,0,1500.0,0,1500.0,0
2026-09-29,O157,Alejandro Olivera,1383.5110803736375,2,1383.5110803736375,2,1500.0,0,1500.0,0,1500.0,0
2026-09-29,SM82,Abduvoris Saitmukhamedov,1383.3977326874888,2,1423.2093286403658,1,1445.4984254445133,1,1500.0,0,1500.0,0
2026-09-29,M865,Henrique Mello,1383.2893769807147,2,1435.1022837538324,1,1430.3366981137729,1,1500.0,0,1500.0,0
2026-09-29,A630,Ali El Alaoui,1383.2002529388435,2,1500.0,0,1400.5626976644917,2,1500.0,0,1500.0,0
2026-09-29,R560,Leonardo Ramirez,1383.1897574989052,2,1500.0,0,1387.3734026032985,2,1500.0,0,1500.0,0
2026-09-29,H298,Abdelhak Hameurlaine,1383.1129684489724,6,1500.0,0,1374.2599104278904,6,1500.0,0,1500.0,0
2026-09-29,A499,Omar Alawadhi,1383.0928891068652,16,1353.3339474090621,16,1500.0,0,1500.0,0,1500.0,0
2026-09-29,M999,Nils Muschiol,1383.0801432873875,3,1500.0,0,1391.2966968246812,3,1500.0,0,1500.0,0
2026-09-29,VA16,Quinton Vega,1383.0471929053876,3,1384.880641728436,3,1500.0,0,1500.0,0,1500.0,0
2026-09-29,R814,Guillermo Rivera-Aranguiz,1382.981963248725,51,1403.6157883366425,9,1407.2947563209277,42,1500.0,0,1500.0,0
2026-09-29,M963,Jerry Makowski,1382.8938763694312,2,1391.4832839035762,2,1500.0,0,1500.0,0,1500.0,0
2026-09-29,G349,Iurie Gorban,1382.8886401809216,2,1500.0,0,1434.3368048899058,1,1500.0,0,1426.302645975054,1
2026-09-29,C447,Stefano Cobolli,1382.740830140521,46,1422.9304505002194,6,1406.8846629574784,37,1440.9031244009152,1,1374.9081703268293,2
2026-09-29,E858,Franco Emanuel Egea,1382.718495679214,3,1500.0,0,1379.4839739078718,3,1500.0,0,1500.0,0
2026-09-29,C407,David Caldwell,1382.709834586529,2,1391.1743232190388,2,1500.0,0,1500.0,0,1500.0,0
2026-09-29,P339,Philippe Pasquier,1382.6208597417096,2,1378.0508884036383,2,1500.0,0,1500.0,0,1500.0,0
2026-09-29,A316,Diego Ayala,1382.6181464759927,7,1366.9697465090055,7,1500.0,0,1500.0,0,1500.0,0
2026-09-29,C644,Tom Chicoine,1382.6175722440134,12,1437.0279204905637,7,1385.3182854875529,2,1503.6883992323556,2,1451.4014164782534,1
2026-09-29,L596,Komlavi Loglo,1382.6080717743985,12,1412.3462665465277,9,1461.5123072916247,3,1500.0,0,1500.0,0
2026-09-29,P0K5,Theo Papamalamis,1382.5285906431693,11,1379.1591626096315,8,1430.3202080772292,3,1500.0,0,1500.0,0
2026-09-29,BD05,Luka Belic,1382.5145468927535,9,1533.020742003281,2,1372.3589223530066,4,1500.0,0,1398.2548268198288,3
2026-09-29,L0G5,Joao Victor Couto Loureiro,1382.5093620001694,3,1500.0,0,1382.1656331676372,3,1500.0,0,1500.0,0
2026-09-29,BU63,Maxim Bulat,1382.2540612011649,2,1377.0025389913776,2,1500.0,0,1500.0,0,1500.0,0
2026-09-29,ML29,Sebastian Moreno,1382.1540455512452,2,1500.0,0,1383.8847447401374,2,1500.0,0,1500.0,0
2026-09-29,BJ56,Johan Backstrom,1382.1521653531252,2,1500.0,0,1388.453258823838,2,1500.0,0,1500.0,0
2026-09-29,D502,Yann Dupuy,1382.1054405466127,3,1422.5742100325547,2,1444.18628415642,1,1500.0,0,1500.0,0
2026-09-29,O0E7,Amir Omarkhanov,1382.0669055406568,9,1402.9716266078153,6,1420.0555698937253,3,1500.0,0,1500.0,0
2026-09-29,D727,Jeffrey Das,1382.0073769539777,2,1400.5525175886403,2,1500.0,0,1500.0,0,1500.0,0
2026-09-29,M600,Ion Moldovan,1381.9495089781678,49,1462.5244962934146,5,1395.7836807592455,40,1500.0,0,1413.201148625009,4
2026-09-29,K822,Konstantin Kremeshkov,1381.845142143671,2,1500.0,0,1394.3806297981043,2,1500.0,0,1500.0,0
2026-09-29,T881,Gonzalo Tur,1381.8389579550437,3,1500.0,0,1384.7642560420172,3,1500.0,0,1500.0,0
2026-09-29,S0HP,Muhammad Shoaib,1381.8332840902901,8,1377.7995567164235,3,1462.191628520286,1,1438.4495116681833,3,1500.0,0
2026-09-29,N632,Marco Aurelio Nunez,1381.7703214711764,3,1500.0,0,1383.6294213173517,3,1500.0,0,1500.0,0
2026-09-29,HB24,Roman Khassanov,1381.757859135848,7,1363.6237014362769,3,1456.6927845804012,4,1500.0,0,1500.0,0
2026-09-29,RB49,Lucas Renard,1381.730814779962,16,1397.2898333561736,8,1395.7251774437493,6,1500.0,0,1500.0,0
2026-09-29,R0KK,Alexander Rozin,1381.714077952775,2,1381.2473624388786,2,1500.0,0,1500.0,0,1500.0,0
2026-09-29,P738,Eduardo Portal,1381.7104040240306,3,1357.223563519885,3,1500.0,0,1500.0,0,1500.0,0
2026-09-29,C480,Joseph Correa,1381.6840737928387,3,1500.0,0,1387.7317364422727,3,1500.0,0,1500.0,0
2026-09-29,K0D9,Wai Yu Kai,1381.6225658289054,2,1391.0925455465065,2,1500.0,0,1500.0,0,1500.0,0
2026-09-29,J0D5,Hayden Jones,1381.6091335902431,7,1336.0406689202068,7,1500.0,0,1500.0,0,1500.0,0
2026-09-29,W460,William Ward,1381.5058836843614,3,1379.2941328503327,3,1500.0,0,1500.0,0,1500.0,0
2026-09-29,PG86,Darren K. Polkinghorne,1381.4819076774277,6,1373.9761962827556,6,1500.0,0,1500.0,0,1500.0,0
2026-09-29,N586,Pablo Nunez,1381.4198467348729,2,1406.7828424653617,2,1500.0,0,1500.0,0,1500.0,0
2026-09-29,BK25,Jean Marc Bazanne,1381.3660581419297,2,1377.1245045803973,2,1500.0,0,1500.0,0,1500.0,0
2026-09-29,MP24,Michael Massih,1381.358153972176,2,1376.4191789752153,2,1500.0,0,1500.0,0,1500.0,0
2026-09-29,S0RI,Karan Singh,1381.348551490116,34,1297.5393867996256,28,1612.337190750197,6,1500.0,0,1500.0,0
2026-09-29,D834,Martin Durdik,1381.1128977606402,3,1500.0,0,1375.9766804997448,3,1500.0,0,1500.0,0
2026-09-29,SD83,Matt Simpson,1381.1000116652706,4,1391.2084748201742,2,1460.793967817413,1,1500.0,0,1434.3368048899058,1
2026-09-29,GK25,Aryan Goveas,1381.0875743626327,3,1367.7953570968039,3,1500.0,0,1500.0,0,1500.0,0
2026-09-29,R757,Amador Romero-Torres,1381.032223718065,2,1429.0114539637716,1,1444.18628415642,1,1500.0,0,1500.0,0
2026-09-29,M694,Mario Munoz-Bejarano,1380.9963946945174,5,1500.0,0,1390.5215715634847,5,1500.0,0,1500.0,0
2026-09-29,B799,Antonio Baldellou-Esteva,1380.8352484204502,2,1500.0,0,1386.9173320241173,2,1500.0,0,1500.0,0
2026-09-29,104595,Chris Guccione,1380.76767938339,3,1415.3801189807034,2,1444.18628415642,1,1500.0,0,1500.0,0
2026-09-29,DH53,Vlad Andrei Dancu,1380.6762630095695,4,1500.0,0,1382.623844481748,4,1500.0,0,1500.0,0
2026-09-29,W238,Talal Ouahabi,1380.587094146496,15,1500.0,0,1358.4470305350749,15,1500.0,0,1500.0,0
2026-09-29,HB17,Jens Hauser,1380.5869481051573,2,1500.0,0,1390.8570496061502,2,1500.0,0,1500.0,0
2026-09-29,Q949,Zhuoyang Qiu,1380.547574387174,7,1362.4007709794669,7,1500.0,0,1500.0,0,1500.0,0
2026-09-29,A0G8,Amr Elsayed,1380.5343632949625,2,1500.0,0,1370.7182307953578,2,1500.0,0,1500.0,0
2026-09-29,M935,Philipp Marx,1380.4687733517799,13,1472.1210895560514,1,1338.4118399277243,6,1433.911432527147,5,1444.4040624511133,1
2026-09-29,M793,David Mullins,1380.4516777992,2,1425.301057520888,1,1421.6596586072951,1,1500.0,0,1500.0,0
2026-09-29,R186,Guillaume Raoux,1380.4401173210913,2,1406.4962969911073,1,1473.1455651513616,1,1500.0,0,1500.0,0
2026-09-29,H365,Ignacio Hirigoyen,1380.4109498768673,88,1446.3791446683072,56,1358.6500950475086,32,1500.0,0,1500.0,0
2026-09-29,E660,Ernest Erkeev,1380.3777155372054,2,1385.1976624088013,2,1500.0,0,1500.0,0,1500.0,0
2026-09-29,V330,Walter Valarezo,1380.3592042400805,2,1500.0,0,1366.449645040204,2,1500.0,0,1500.0,0
2026-09-29,E730,Omar Erramy,1380.3526451918763,3,1500.0,0,1381.7098737035676,3,1500.0,0,1500.0,0
2026-09-29,K773,Rouzbeh Kamran,1380.2680243018353,5,1379.8481981777063,2,1490.299104683026,3,1500.0,0,1500.0,0
2026-09-29,V475,Daniel Vallverdu,1380.1822773837105,10,1495.8663925297824,6,1346.845806377456,4,1500.0,0,1500.0,0
2026-09-29,M467,Guillaume Marx,1380.1401948198854,7,1446.1855446167403,1,1462.1632046768789,3,1443.199668259331,3,1500.0,0
2026-09-29,SB34,Alexander Satschko,1380.0734697294272,56,1471.7056550063821,22,1321.0499365963744,34,1500.0,0,1500.0,0
2026-09-29,F775,Patrik Fabian,1380.0477614515194,5,1470.3679416856262,1,1379.085049414267,4,1500.0,0,1500.0,0
2026-09-29,L0G8,Victor Lilov,1380.0140226029027,4,1456.601622449024,2,1403.4226630575129,2,1500.0,0,1500.0,0
2026-09-29,RB55,Jacob Rasolondrazana,1379.949690915724,4,1491.1967674546295,1,1369.9426851675007,2,1500.0,0,1447.0469492869445,1
2026-09-29,BE66,Gilad Ben Zvi,1379.7434194255022,3,1355.855191966917,3,1500.0,0,1500.0,0,1500.0,0
2026-09-29,KA69,Stepan Khotulev,1379.7009573549433,3,1371.9121460443587,3,1500.0,0,1500.0,0,1500.0,0
2026-09-29,BJ40,Sam Barnett,1379.5934548174796,2,1451.7246385938347,1,1416.137703389408,1,1500.0,0,1500.0,0
2026-09-29,N481,Mohammed-Noor Noordin,1379.5646010320438,2,1428.7487585082624,1,1434.3368048899058,1,1500.0,0,1500.0,0
2026-09-29,F719,Harry Fowler,1379.3792130760705,3,1500.0,0,1378.623836382613,3,1500.0,0,1500.0,0
2026-09-29,I062,Yaoki Ishii,1379.245470937181,62,1365.0384008273504,45,1500.0,0,1467.3342400679985,3,1530.573138188102,13
2026-09-29,V642,Mark Verryth,1379.2261290130566,9,1334.3437854853657,7,1500.0,0,1497.8179245299802,2,1500.0,0
2026-09-29,K0HO,Orel Kimhi,1379.1919298004989,13,1379.6240140860614,12,1427.9652832977704,1,1500.0,0,1500.0,0
2026-09-29,SN70,MinKyu Song,1379.0774452812755,7,1371.568420362851,7,1500.0,0,1500.0,0,1500.0,0
2026-09-29,J552,Osni Junior,1378.9585007326475,3,1426.7244455032467,1,1434.0697988175073,2,1500.0,0,1500.0,0
2026-09-29,SA18,Frederick Sundsten,1378.9057745232046,2,1367.7780451411807,2,1500.0,0,1500.0,0,1500.0,0
2026-09-29,SD39,Janis Skroderis,1378.875295341644,2,1500.0,0,1426.902415395842,1,1500.0,0,1423.050023636019,1
2026-09-29,H999,Gabriel Alejandro Hidalgo,1378.8342827741546,4,1500.0,0,1385.2574990240487,4,1500.0,0,1500.0,0
2026-09-29,PA99,Kamil Pajkowski,1378.812432303469,5,1335.406847132589,3,1500.0,0,1500.0,0,1486.2455641696579,2
2026-09-29,103843,Conor Niland,1378.7509044185274,2,1378.7509044185274,2,1500.0,0,1500.0,0,1500.0,0
2026-09-29,L747,Adam Lownsbrough,1378.7405098039237,3,1393.8040715679736,2,1476.6529868976654,1,1500.0,0,1500.0,0
2026-09-29,SO47,Justin S. Shane,1378.7344689189472,2,1369.356305553373,2,1500.0,0,1500.0,0,1500.0,0
2026-09-29,MA73,Eduardo Magadan-Castro,1378.674803878348,2,1431.2066024137537,1,1443.2720198914944,1,1500.0,0,1500.0,0
2026-09-29,G464,Philip Gubenco,1378.6649103898383,15,1364.5505053193376,10,1473.5068081743643,5,1500.0,0,1500.0,0
2026-09-29,AA23,Jack Anton,1378.602905685572,3,1427.1911572494516,2,1424.3539578276034,1,1500.0,0,1500.0,0
2026-09-29,D0DB,Pierre Delage,1378.397859469468,4,1447.9513128317121,1,1407.1620464138132,3,1500.0,0,1500.0,0
2026-09-29,C864,Harry Cicma,1378.3907643106768,2,1500.0,0,1500.0,0,1380.2564840090192,2,1500.0,0
2026-09-29,P728,Morgan Phillips,1378.3805242796009,14,1457.9112652063493,3,1397.0936748419642,8,1412.0371309298234,2,1500.0,0
2026-09-29,J465,Mohit Mayur Jayaprakash,1378.3395284737535,8,1378.0116463322443,8,1500.0,0,1500.0,0,1500.0,0
2026-09-29,CB67,Matias Castro,1378.3040464886026,3,1453.6260194203694,1,1384.071519451643,2,1500.0,0,1500.0,0
2026-09-29,F631,James Feaver,1378.2877828420203,2,1500.0,0,1500.0,0,1372.7152573912922,2,1500.0,0
2026-09-29,S465,Davide Scala,1378.1513289925088,6,1500.0,0,1435.7738801348723,5,1500.0,0,1440.9031244009152,1
2026-09-29,F723,Mark Fynn,1378.0596393766893,4,1370.2240221141892,4,1500.0,0,1500.0,0,1500.0,0
2026-09-29,K719,Gero Kretschmer,1378.0479838983804,33,1388.4276091320169,8,1396.4609953060356,23,1500.0,0,1395.2186683933733,2
2026-09-29,DC38,Jake Delaney,1377.9903256864081,33,1354.532136403639,32,1439.2583695095009,1,1500.0,0,1500.0,0
2026-09-29,A207,Roberto Alvarez,1377.962080132521,5,1500.0,0,1384.1407764301534,5,1500.0,0,1500.0,0
2026-09-29,M938,Philipp Mukhometov,1377.9496244755826,14,1434.7543073050454,12,1395.7534609480995,2,1500.0,0,1500.0,0
2026-09-29,M468,Hector Moretti,1377.9374040573423,18,1424.4928670844522,4,1374.4387153747286,14,1500.0,0,1500.0,0
2026-09-29,C579,Tim Crichton,1377.919989940805,2,1447.134825221681,1,1500.0,0,1500.0,0,1441.610079817976,1
2026-09-29,W291,Yu Jr. Wang,1377.8425127357757,37,1496.1306045430551,29,1357.1934935923516,2,1329.56242698092,3,1366.1992061405065,3
2026-09-29,L922,Daniel-Alejandro Lopez Cassaccia,1377.8118356243585,17,1602.305219842922,4,1246.6132441111022,13,1500.0,0,1500.0,0
2026-09-29,E200,Lucas Engel,1377.7552187698393,37,1335.1604390973903,15,1413.540990229132,22,1500.0,0,1500.0,0
2026-09-29,W480,Frank Wintermantel,1377.7240682475986,4,1427.6502281622127,2,1389.7918893731041,2,1500.0,0,1500.0,0
2026-09-29,M886,Sandor Martinez,1377.5767747334894,9,1472.6277871584443,6,1346.1939961413352,3,1500.0,0,1500.0,0
2026-09-29,MF04,Marc Meigel,1377.5129312613105,3,1500.0,0,1374.8317001733683,3,1500.0,0,1500.0,0
2026-09-29,P440,Andres Pedroso,1377.4308029257268,44,1327.8122714370727,38,1549.7050341618972,4,1504.1564496318938,2,1500.0,0
2026-09-29,LA49,Sven Lalic,1377.2590592524207,3,1500.0,0,1380.6812511358055,3,1500.0,0,1500.0,0
2026-09-29,VA22,Matej Vocel,1377.2076286623583,4,1426.5192366291806,1,1391.0848235112335,3,1500.0,0,1500.0,0
2026-09-29,HH08,Sergio Luis Hernandez Ramirez,1377.1785809113026,6,1500.0,0,1374.8413045184425,6,1500.0,0,1500.0,0
2026-09-29,MI33,Petr Michnev,1377.1688311426633,28,1405.9497555897365,14,1402.878998399794,13,1358.1196517778035,1,1500.0,0
2026-09-29,W0F3,Tsz Fu Wong,1377.038989994176,4,1390.032871830529,3,1474.2595932019258,1,1500.0,0,1500.0,0
2026-09-29,M461,Kentaro Masuda,1376.970514503225,9,1408.0671065752306,4,1500.0,0,1500.0,0,1462.7677979354341,5
2026-09-29,K585,Dusan Karol,1376.952277086879,15,1500.0,0,1365.1352556473255,14,1500.0,0,1500.0,0
2026-09-29,SF29,Ajai Selvaraj,1376.9328932445821,3,1376.0376374888037,3,1500.0,0,1500.0,0,1500.0,0
2026-09-29,N570,Justin Diao Natale,1376.9307744290104,3,1479.4574891224574,1,1440.9031244009152,1,1444.18628415642,1,1500.0,0
2026-09-29,T802,Nicolas Tholozan,1376.8166066865087,3,1350.212964477127,3,1500.0,0,1500.0,0,1500.0,0
2026-09-29,W723,Pol Wattanakul,1376.8010050785294,15,1369.924196099915,15,1500.0,0,1500.0,0,1500.0,0
2026-09-29,B971,Rachid Baba-Aisa,1376.6693096564604,2,1500.0,0,1376.5810087692373,2,1500.0,0,1500.0,0
2026-09-29,B675,Marc Bauer,1376.330637298427,2,1500.0,0,1500.0,0,1400.2576673615006,2,1500.0,0
2026-09-29,J247,Kevin Jonckheer,1376.3148822652615,2,1500.0,0,1427.2414881116222,1,1500.0,0,1425.0882678389364,1
2026-09-29,A367,Diego Acuna,1376.2566045695103,2,1500.0,0,1452.8286795914137,1,1500.0,0,1432.009630710636,1
2026-09-29,104868,Sergei Bubka,1376.2025625914762,3,1392.9613065347046,2,1500.0,0,1444.18628415642,1,1500.0,0
2026-09-29,D808,Julien Dubail,1376.17593088133,11,1386.2313878861455,10,1453.2415784630632,1,1500.0,0,1500.0,0
2026-09-29,D458,Taras Demyanekno,1376.135726779478,3,1441.4673123496627,1,1395.0691818448772,2,1500.0,0,1500.0,0
2026-09-29,AB23,Abdulhameed Alshatti,1376.1241499396763,2,1384.8693129744502,2,1500.0,0,1500.0,0,1500.0,0
2026-09-29,C289,Owen Casey,1376.0478055748972,2,1500.0,0,1500.0,0,1381.466628590763,2,1500.0,0
2026-09-29,F698,Taylor Fogleman,1376.0417063070686,2,1367.5754513907443,2,1500.0,0,1500.0,0,1500.0,0
2026-09-29,A679,Ivan Anikanov,1376.0291121667851,2,1383.978939823574,2,1500.0,0,1500.0,0,1500.0,0
2026-09-29,CL84,Francisco Cabral,1375.9770825903065,6,1490.5399884625804,1,1365.9860641267994,4,1500.0,0,1500.0,0
2026-09-29,B09A,Trent Bryde,1375.9117619327694,8,1436.703794932383,6,1369.8251289739496,2,1500.0,0,1500.0,0
2026-09-29,M0QE,Clement Mainguy,1375.874499848649,2,1500.0,0,1500.0,0,1500.0,0,1500.0,0
2026-09-29,I047,Jose Imaz-Ruiz,1375.8246752704501,2,1413.6304604559548,1,1416.9169207195014,1,1500.0,0,1500.0,0
2026-09-29,T731,Zsolt Tatar,1375.7867926272158,2,1434.3368048899058,1,1454.096159494004,1,1500.0,0,1500.0,0
2026-09-29,C757,Juan-Enrique Crosa,1375.7739679309668,5,1404.5770146353689,2,1444.824649897029,3,1500.0,0,1500.0,0
2026-09-29,D852,Valentin Dimov,1375.6470560416283,2,1500.0,0,1359.9948106626514,2,1500.0,0,1500.0,0
2026-09-29,G942,Leonard Gullan,1375.6144550374513,2,1500.0,0,1368.5746129081388,2,1500.0,0,1500.0,0
2026-09-29,R350,Steven Randjelovic,1375.6024581132187,5,1431.688514723086,1,1423.650663915115,4,1500.0,0,1500.0,0
2026-09-29,TB20,Maxime Tabatruong,1375.5993850780003,9,1391.8653033978005,7,1417.1708830056969,2,1500.0,0,1500.0,0
2026-09-29,ME45,Borja Malo,1375.5678835038439,4,1471.4515630327676,1,1354.5711173017955,3,1500.0,0,1500.0,0
2026-09-29,F774,Lorenzo Frigerio,1375.529695974489,7,1367.8238557007357,6,1456.893394007576,1,1500.0,0,1500.0,0
2026-09-29,C940,Tommaso Cafferata,1375.312328689895,3,1500.0,0,1364.8430062201655,3,1500.0,0,1500.0,0
2026-09-29,BM05,Bogdan Bobrov,1375.2882444133763,23,1353.400406878787,10,1432.3202211659857,13,1500.0,0,1500.0,0
2026-09-29,R828,Sergio Rojas,1375.2800260812896,2,1380.4108656345616,2,1500.0,0,1500.0,0,1500.0,0
2026-09-29,LC50,Goncalo Loureiro,1375.2086050813248,2,1500.0,0,1376.7882565522364,2,1500.0,0,1500.0,0
2026-09-29,F345,Andreas Fasching,1375.1830535553268,3,1444.2102360622287,1,1412.723163633444,2,1500.0,0,1500.0,0
2026-09-29,S519,Orlin Stanoytchev,1375.1379094506788,95,1511.56302348974,23,1332.5687882918198,57,1434.3368048899058,1,1502.1867463938268,13
2026-09-29,N712,Wisnu Adi Nugroho,1375.016514164358,6,1373.510755057097,6,1500.0,0,1500.0,0,1500.0,0
2026-09-29,D900,Vladislav Dubinsky,1374.9752705225692,3,1410.558180010402,2,1423.3244238335785,1,1500.0,0,1500.0,0
2026-09-29,SH51,Sven Swinnen,1374.8917336889597,3,1500.0,0,1406.531400470276,2,1444.18628415642,1,1500.0,0
2026-09-29,F706,Tiago Fernandes,1374.7270346791672,43,1537.2219362069084,16,1271.2399367291112,23,1428.893053998197,2,1494.7528610006,2
2026-09-29,MJ03,Teodor Nicolae Marin,1374.7087766698028,2,1500.0,0,1376.9821642080042,2,1500.0,0,1500.0,0
2026-09-29,T362,Federico Torresi,1374.6178835038327,23,1432.1675186792734,14,1359.3500594155146,8,1452.4708569006507,1,1500.0,0
2026-09-29,RA24,Ruan Roelofse,1374.5695456391388,43,1359.9898983337023,35,1439.449325497158,7,1438.0534734547055,1,1500.0,0
2026-09-29,K606,Yordan Kanev,1374.5546744272874,17,1336.8145481851,5,1473.826082506045,10,1500.0,0,1474.0726314529318,2
2026-09-29,B0HF,Diego Augusto Barreto Sanchez,1374.5323990072284,8,1500.0,0,1364.163248313204,8,1500.0,0,1500.0,0
2026-09-29,F952,Nicolae Frunza,1374.4349862197785,5,1403.7201146203756,1,1439.4718976275615,4,1500.0,0,1500.0,0
2026-09-29,E234,Yusuke Egawa,1374.4235494876045,4,1500.0,0,1500.0,0,1500.0,0,1344.549094246029,4
2026-09-29,T353,Kiantki Thomas,1374.409376683973,4,1432.6985588604502,2,1402.7454156593674,2,1500.0,0,1500.0,0
2026-09-29,B0IY,Alec Beckley,1374.4079872848654,10,1435.9634920606188,6,1411.4588560818302,3,1500.0,0,1500.0,0
2026-09-29,T387,Agustin Tarantino,1374.3810818551724,14,1331.3286225085676,6,1491.456616657913,7,1500.0,0,1500.0,0
2026-09-29,P634,Damian Patriarca,1374.3604877429996,38,1370.3467160321597,3,1404.1917799740584,35,1500.0,0,1500.0,0
2026-09-29,M642,Vince Mellino,1374.288078595549,2,1375.2241789434806,2,1500.0,0,1500.0,0,1500.0,0
2026-09-29,M0QQ,Tomas Martinez,1374.1960854758481,4,1500.0,0,1368.7805325338227,4,1500.0,0,1500.0,0
2026-09-29,HB94,Aron Hiltzik,1374.1105959471395,4,1367.2518121458183,4,1500.0,0,1500.0,0,1500.0,0
2026-09-29,E740,Nicholas Edlefsen,1374.0056228390997,3,1424.631033392338,2,1425.4522014895897,1,1500.0,0,1500.0,0
2026-09-29,H644,Kevin Hawke,1373.821733863975,3,1375.4198816007608,3,1500.0,0,1500.0,0,1500.0,0
2026-09-29,105423,Yannick Maden,1373.8090330084071,3,1400.5626976644917,2,1444.18628415642,1,1500.0,0,1500.0,0
2026-09-29,F762,Florian Fallert,1373.7646361781203,6,1470.5229985013823,1,1389.5423447884984,4,1500.0,0,1500.0,0
2026-09-29,O432,Keelan Oakley,1373.7599905533652,3,1500.0,0,1500.0,0,1355.4447122770625,3,1500.0,0
2026-09-29,TC02,Taha Tifnouti,1373.7541590538972,4,1500.0,0,1359.8900120875062,4,1500.0,0,1500.0,0
2026-09-29,D790,Mark De Jong,1373.6387026650725,3,1500.0,0,1378.7645219358849,3,1500.0,0,1500.0,0
2026-09-29,ME01,Wahib Maknieh,1373.5826540809453,2,1436.3650308113083,1,1500.0,0,1500.0,0,1422.0725382885757,1
2026-09-29,P0AV,Uisung Park,1373.4926791273786,11,1349.6785495043828,11,1500.0,0,1500.0,0,1500.0,0
2026-09-29,GC87,Lucas Gomez,1373.4588761922132,48,1374.4161909578313,34,1373.6558278655195,14,1500.0,0,1500.0,0
2026-09-29,V758,David Vega Hernandez,1373.451420008736,19,1433.6062041939003,1,1414.973406231922,17,1457.0734347483663,1,1500.0,0
2026-09-29,CB97,Simon Cauvard,1373.336913704308,4,1407.6958424812178,3,1500.0,0,1500.0,0,1500.0,0
2026-09-29,N777,Diego Nunez,1373.2918871485824,2,1373.2918871485824,2,1500.0,0,1500.0,0,1500.0,0
2026-09-29,B544,Yari Bernardo,1373.2918871485824,2,1500.0,0,1384.693573353169,2,1500.0,0,1500.0,0
2026-09-29,P389,Jean-Baptiste Perlant,1373.2164525733006,32,1404.844112191772,11,1425.2739382514817,20,1500.0,0,1500.0,0
2026-09-29,H687,Yves-Eric Houpert,1373.1620258698756,3,1364.9261782624583,3,1500.0,0,1500.0,0,1500.0,0
2026-09-29,MO07,Ben McLachlan,1373.0677065646994,3,1360.0895629126544,3,1500.0,0,1500.0,0,1500.0,0
2026-09-29,Z450,Shi Hong Zeng,1372.954200691901,2,1425.4314026420975,1,1425.3524258472362,1,1500.0,0,1500.0,0
2026-09-29,P416,Guillermo Platel,1372.9340130388648,4,1386.9594141073621,3,1461.7034581154908,1,1500.0,0,1500.0,0
2026-09-29,L828,Hsin-Han Lee,1372.9069112003206,9,1457.3884274297739,6,1440.3132286353573,1,1500.0,0,1387.6522077703114,2
2026-09-29,P387,Dejan Petrovic,1372.7858598876412,54,1357.687700121832,29,1326.096174130917,4,1399.832423226032,11,1499.5150272269286,2
2026-09-29,K398,Vijay Kannan,1372.5367283558105,6,1378.8773894506876,6,1500.0,0,1500.0,0,1500.0,0
2026-09-29,SX51,Saida'Lo Saidkarimov,1372.4452407298513,2,1371.1611445054318,2,1500.0,0,1500.0,0,1500.0,0
2026-09-29,R775,Artur Romanowski,1372.4312357764416,4,1471.4400699509179,1,1377.211401815489,3,1500.0,0,1500.0,0
2026-09-29,T316,Andreas Tattermusch,1372.3521297652837,3,1500.0,0,1500.0,0,1500.0,0,1381.8889305857704,3
2026-09-29,C463,Rodolphe Cadart,1372.2421706297068,57,1392.0639955214276,41,1422.8374661711819,4,1399.2042000749084,4,1395.3133017563405,8
2026-09-29,HD64,Matthias Haim,1372.1806200154488,3,1500.0,0,1371.602851548142,3,1500.0,0,1500.0,0
2026-09-29,D915,Eduardo Dischinger,1372.1757560766655,7,1446.2183284370583,1,1399.6296863663724,6,1500.0,0,1500.0,0
2026-09-29,PG91,Loic Perret,1372.0459821864365,7,1433.55121815672,2,1362.9106570879458,5,1500.0,0,1500.0,0
2026-09-29,R695,Gustavo Ramirez,1371.990336348677,13,1455.464143576918,3,1382.3360232575722,10,1500.0,0,1500.0,0
2026-09-29,T0FK,Giorgio Tabacco,1371.9255510791133,6,1500.0,0,1355.351740975445,6,1500.0,0,1500.0,0
2026-09-29,H653,Javier Herrera-Eguiluz,1371.7214251672744,2,1373.7411249659356,2,1500.0,0,1500.0,0,1500.0,0
2026-09-29,W541,Akash Wagh,1371.6962375727287,7,1359.1815216681778,7,1500.0,0,1500.0,0,1500.0,0
2026-09-29,B429,Jordi Burillo,1371.6864317444924,4,1434.0603009566491,1,1405.964637004566,3,1500.0,0,1500.0,0
2026-09-29,L900,James Lemke,1371.6296404456996,43,1409.5842012003293,26,1301.2483371232368,12,1355.90808801972,2,1422.405136593827,2
2026-09-29,SG54,Juan-Carlos Spir,1371.5736916035141,22,1374.9332326097372,10,1414.2813557272555,11,1500.0,0,1500.0,0
2026-09-29,BG06,Miles Bugby,1371.532197635923,3,1500.0,0,1500.0,0,1353.39143101043,3,1500.0,0
2026-09-29,V0F6,Nicolas Villalon,1371.5026971165385,16,1500.0,0,1366.074642725106,16,1500.0,0,1500.0,0
2026-09-29,CG50,Juan Sebastian Carvajal Jurado,1371.486021381846,2,1500.0,0,1371.042337661168,2,1500.0,0,1500.0,0
2026-09-29,DA42,Durukan Durmus,1371.4368995307004,5,1356.2538340488115,5,1500.0,0,1500.0,0,1500.0,0
2026-09-29,G0EQ,Sebastian Gima,1371.421512673934,24,1373.021260033101,3,1382.251741217431,21,1500.0,0,1500.0,0
2026-09-29,K0DE,Takuya Kumasaka,1371.329045403473,16,1352.4707494757242,16,1500.0,0,1500.0,0,1500.0,0
2026-09-29,P463,Ekkarin Pisuth-Arnonth,1371.3222147433266,2,1371.3222147433266,2,1500.0,0,1500.0,0,1500.0,0
2026-09-29,A476,Marcos Felipe Arend,1370.9536530481494,5,1331.516762165694,5,1500.0,0,1500.0,0,1500.0,0
2026-09-29,C0I8,Rodrigo Crespo Piedra,1370.8505624219724,3,1362.581666114863,3,1500.0,0,1500.0,0,1500.0,0
2026-09-29,MB26,Andrei Mlendea,1370.8280562868786,9,1500.0,0,1400.68460572701,8,1500.0,0,1500.0,0
2026-09-29,AB46,Abdulrahman Al Harib,1370.8038136194582,3,1362.753220110002,3,1500.0,0,1500.0,0,1500.0,0
2026-09-29,BJ57,Nattan Benjasupawan,1370.768131739737,3,1359.2208780332228,3,1500.0,0,1500.0,0,1500.0,0
2026-09-29,W200,Herbert Wiltschnig,1370.5799140664055,70,1423.3951380914364,8,1397.6366942256466,60,1500.0,0,1424.0391955381413,2
2026-09-29,D845,Andrew Dottino,1370.4330552553645,3,1500.0,0,1362.9071092012007,3,1500.0,0,1500.0,0
2026-09-29,S913,Vinod Sridhar,1370.4308388147992,3,1369.0858311220386,3,1500.0,0,1500.0,0,1500.0,0
2026-09-29,CB33,Martin Colenbrander,1370.2437252515508,4,1357.383300633291,4,1500.0,0,1500.0,0,1500.0,0
2026-09-29,F808,He Feng,1370.2427321817952,4,1350.3265449486735,4,1500.0,0,1500.0,0,1500.0,0
2026-09-29,SL81,Masato Shiga,1370.1488005757715,8,1357.6170353412408,7,1500.0,0,1500.0,0,1445.6981419468489,1
2026-09-29,F0HI,Ryan Fishback,1370.1339141325177,3,1363.541359237212,3,1500.0,0,1500.0,0,1500.0,0
2026-09-29,SE84,Jonathan Schneider,1370.0611327592455,3,1464.6494896512284,1,1398.3329772947732,2,1500.0,0,1500.0,0
2026-09-29,PA15,Juho Paukku,1370.0043501932541,48,1279.0020570897407,21,1446.1175598392156,22,1500.0,0,1540.8747630705423,3
2026-09-29,D787,Guillermo Duran,1369.8946993061732,53,1288.7467453259392,6,1411.2562087242452,47,1500.0,0,1500.0,0
2026-09-29,I151,Murad Inoyatov,1369.703975455166,67,1359.6005938313886,49,1323.9620317367355,17,1434.6665094049602,1,1500.0,0
2026-09-29,V555,Adelchi Virgili,1369.7038498661564,18,1412.534298638207,1,1398.20160282832,17,1500.0,0,1500.0,0
2026-09-29,G820,Xin Gao,1369.6555513118276,41,1365.8442899846507,32,1402.4464011425894,9,1500.0,0,1500.0,0
2026-09-29,AA49,Boris Arias,1369.5482556039397,5,1429.3094889975828,1,1411.199449278734,4,1500.0,0,1500.0,0
2026-09-29,F402,Trace Fielding,1369.4836069139633,9,1376.1383327006338,9,1500.0,0,1500.0,0,1500.0,0
2026-09-29,K0EL,Alexander Kotzen,1369.3054053256162,3,1365.032407660987,3,1500.0,0,1500.0,0,1500.0,0
2026-09-29,B881,Tomasz Bednarek,1369.3011838985713,11,1358.4306572452363,4,1458.931393923066,7,1500.0,0,1500.0,0
2026-09-29,BM09,Lawrence Bataljin,1369.2906051958837,3,1440.9031244009152,1,1400.2500603124365,2,1500.0,0,1500.0,0
2026-09-29,KD77,Neven Krivokuca,1369.1388554061605,3,1500.0,0,1410.6460810726346,2,1434.5686153105303,1,1500.0,0
2026-09-29,SP64,Tudor Sulea,1368.9696780167894,4,1500.0,0,1372.7664328706394,4,1500.0,0,1500.0,0
2026-09-29,P0N6,Oskari Paldanius,1368.93680152353,4,1422.5657921039963,2,1423.0852639364496,2,1500.0,0,1500.0,0
2026-09-29,SM28,Sebastian Serrano,1368.8613241342173,8,1500.0,0,1372.526884922237,8,1500.0,0,1500.0,0
2026-09-29,N0A0,Dac Thien Nguyen,1368.7951456135315,2,1411.080992092084,1,1500.0,0,1500.0,0,1500.0,0
2026-09-29,MF31,Thomas Morton,1368.7652634066812,2,1382.6145180928959,2,1500.0,0,1500.0,0,1500.0,0
2026-09-29,R0JJ,Davis Rolis,1368.757773526329,2,1380.058517575832,2,1500.0,0,1500.0,0,1500.0,0
2026-09-29,SD76,Dilshod Sharifi,1368.7333380965642,3,1400.7639129952868,2,1434.3368048899058,1,1500.0,0,1500.0,0
2026-09-29,A351,Lefteris Alexiou,1368.5592962640858,5,1451.5479318305406,3,1370.4450701098635,2,1500.0,0,1500.0,0
2026-09-29,BA58,Piet Hein Boekel,1368.5198155896862,2,1500.0,0,1434.3368048899058,1,1500.0,0,1434.3368048899058,1
2026-09-29,G486,Matteo Galli,1368.423163050808,2,1500.0,0,1392.660637883481,2,1500.0,0,1500.0,0
2026-09-29,SK30,Carlos Eduardo Severino,1368.4093745698767,18,1426.2314703947604,1,1387.1645736849293,17,1500.0,0,1500.0,0
2026-09-29,L831,Denes Lukacs,1368.3998613317146,13,1450.982076063498,5,1378.3704895739268,8,1500.0,0,1500.0,0
2026-09-29,E702,Mauricio Echazu,1368.3772653350363,54,1391.6798774868112,7,1386.4750782907747,46,1500.0,0,1500.0,0
2026-09-29,MF14,Luiz Miotto,1368.3313113109211,3,1404.626387799938,2,1449.739843315082,1,1500.0,0,1500.0,0
2026-09-29,N714,Alan Nunez Aguilera,1368.3055279575137,3,1371.3891854221372,2,1479.582944031155,1,1500.0,0,1500.0,0
2026-09-29,MI83,Konstantinos Mikos,1368.173823550505,2,1500.0,0,1352.7395706001023,2,1500.0,0,1500.0,0
2026-09-29,CN15,Felix Corwin,1367.9721502821544,23,1415.8464551257773,15,1342.9492833788809,8,1500.0,0,1500.0,0
2026-09-29,SJ04,Mateusz Szmigiel,1367.9537014199805,3,1500.0,0,1364.775752905954,3,1500.0,0,1500.0,0
2026-09-29,C783,Sergei Cuptov,1367.8316621052084,4,1434.3368048899058,1,1346.920801732439,2,1500.0,0,1565.6631951100942,1
2026-09-29,SA59,Eric Scherer,1367.8026575987994,10,1325.819736630194,3,1435.165979358691,7,1500.0,0,1500.0,0
2026-09-29,111451,Noah Rubin,1367.7831233161733,2,1364.6106631160862,2,1500.0,0,1500.0,0,1500.0,0
2026-09-29,SD19,David Sebok,1367.7605114394412,3,1500.0,0,1371.941237952064,3,1500.0,0,1500.0,0
2026-09-29,G580,Dimitar Grabul,1367.6049896247496,10,1443.4053270073885,4,1353.9510185563504,6,1500.0,0,1500.0,0
2026-09-29,O230,Guilherme Ochiai,1367.503264507317,2,1379.770858469707,2,1500.0,0,1500.0,0,1500.0,0
2026-09-29,F334,Katsushi Fukuda,1367.4569039655582,3,1419.3023981656002,2,1500.0,0,1500.0,0,1419.7926315491075,1
2026-09-29,H0HU,Samuel Heredia,1367.4437775132708,15,1475.7433191431999,1,1357.449576355588,14,1500.0,0,1500.0,0
2026-09-29,Y193,Efe Yurtacan,1367.4042186777517,9,1295.6350730178524,6,1494.3634180053675,3,1500.0,0,1500.0,0
2026-09-29,I205,Ali Ismaeel,1367.3508586540988,2,1362.145452981583,2,1500.0,0,1500.0,0,1500.0,0
2026-09-29,MB11,Vladimir Melnikov,1367.3348002961127,2,1372.4802623573871,2,1500.0,0,1500.0,0,1500.0,0
2026-09-29,C0OW,Lorenzo Carboni,1367.3279622424286,33,1356.8921355568818,8,1366.5151520169854,25,1500.0,0,1500.0,0
2026-09-29,G633,Rodrigo Gabriel,1367.290600665593,3,1367.977082177795,3,1500.0,0,1500.0,0,1500.0,0
2026-09-29,E672,Laurentiu Erlic,1367.2876808137958,3,1500.0,0,1371.8886818817753,3,1500.0,0,1500.0,0
2026-09-29,W614,Chuhan Wang,1367.2779310446076,52,1347.5437387012767,46,1366.054140972548,6,1500.0,0,1500.0,0
2026-09-29,SG66,Peerakiat Siriluethaiwattana,1367.260226067962,21,1380.9514447059914,20,1500.0,0,1500.0,0,1500.0,0
2026-09-29,AC23,Jabor Al-Mutawa,1367.2325543264606,7,1367.513130531567,7,1500.0,0,1500.0,0,1500.0,0
2026-09-29,BA06,Alexej Beljajev,1367.1706523936055,5,1500.0,0,1316.3407582569605,5,1500.0,0,1500.0,0
2026-09-29,E143,Ben Ellwood,1367.0820072912582,3,1395.2186683933733,2,1500.0,0,1437.4782623709445,1,1500.0,0
2026-09-29,TC88,Julius Tverijonas,1367.0589144445821,4,1481.1544796958303,1,1369.3564610681362,3,1500.0,0,1500.0,0
2026-09-29,D935,Gibril Diarra,1366.9743172785518,15,1449.107104690702,1,1411.9460360833427,11,1354.7905920936792,3,1500.0,0
2026-09-29,F514,Amadeus Fulford-Jones,1366.9653092905398,4,1437.8682195909062,2,1400.601743386509,2,1500.0,0,1500.0,0
2026-09-29,L772,Shane La Porte,1366.8786588473201,4,1412.2956512303965,2,1440.660026556179,2,1500.0,0,1500.0,0
2026-09-29,Q975,Sebastian Quiros,1366.7948105276987,2,1434.3368048899058,1,1414.0046460999845,1,1500.0,0,1500.0,0
2026-09-29,M882,Hamid Mirzadeh,1366.7639840736886,8,1364.4793417082926,8,1500.0,0,1500.0,0,1500.0,0
2026-09-29,I067,Vladimir Ivanov,1366.739341012893,38,1420.4805665287092,19,1338.230360116968,16,1500.0,0,1433.5598115606592,1
2026-09-29,MA71,Jhonathan Medina-Alvarez,1366.7356860075524,23,1333.8885375901825,16,1534.4983560823687,7,1500.0,0,1500.0,0
2026-09-29,PC29,Dane Propoggia,1366.6261894490503,41,1349.0347195681775,40,1460.25390239512,1,1500.0,0,1500.0,0
2026-09-29,C485,Hee-Sung Chung,1366.6012943872802,4,1437.0320664306075,3,1500.0,0,1500.0,0,1422.0725382885757,1
2026-09-29,L0K7,Fryderyk Lechno-Wasiutynski,1366.5596733079424,3,1453.5849476516462,1,1365.9889141843043,2,1500.0,0,1500.0,0
2026-09-29,C922,Jamie Cerretani,1366.4123756302654,6,1420.341715527089,5,1422.7523807267146,1,1500.0,0,1500.0,0
2026-09-29,P693,Deniss Pavlovs,1366.2977581613195,50,1380.8635461999902,21,1379.1643792498855,21,1500.0,0,1493.8338414217303,8
2026-09-29,D227,Grant Doyle,1366.1841446453325,3,1500.0,0,1500.0,0,1500.0,0,1409.479054767094,2
2026-09-29,Z0BY,Nicolas Zanellato,1366.1692443626923,26,1500.0,0,1354.7279655370037,26,1500.0,0,1500.0,0
2026-09-29,R996,Marc Rath,1365.9889487728763,17,1444.5166289818947,3,1389.9641914993597,13,1500.0,0,1500.0,0
2026-09-29,CB66,James Cluskey,1365.8669564489187,3,1500.0,0,1435.097709427569,1,1500.0,0,1388.7314453766994,2
2026-09-29,O420,Dean O'Brien,1365.772340109735,13,1409.1930093694018,10,1344.1753081244315,3,1500.0,0,1500.0,0
2026-09-29,KC50,Alexandr Kushakov,1365.5934542956836,4,1500.0,0,1369.2086460056594,4,1500.0,0,1500.0,0
2026-09-29,M810,Domenic Marafiote,1365.5881358430158,8,1358.6980855948402,8,1500.0,0,1500.0,0,1500.0,0
2026-09-29,U055,Irakli Ushangishvili,1365.4363785071318,4,1405.3312552401221,1,1520.0354862933123,2,1500.0,0,1451.7216133394566,1
2026-09-29,104149,Rainer Eitzinger,1365.370719404443,3,1444.18628415642,1,1444.18628415642,1,1500.0,0,1444.18628415642,1
2026-09-29,103126,Bjorn Rehnquist,1365.370719404443,3,1444.18628415642,1,1400.5626976644917,2,1500.0,0,1500.0,0
2026-09-29,K307,Helge Koll,1365.3636112933445,25,1352.126410532792,9,1359.3104781850348,5,1545.6570083947088,7,1536.5604866914048,4
2026-09-29,Y195,Yahor Yatsyk,1365.3127952751568,3,1356.026174290434,3,1500.0,0,1500.0,0,1500.0,0
2026-09-29,O386,Rami Osman,1365.241832237983,2,1407.2568972781914,1,1434.3368048899058,1,1500.0,0,1500.0,0
2026-09-29,MF95,Ryusei Makiguchi,1365.2105284626648,7,1500.0,0,1358.9011547724717,7,1500.0,0,1500.0,0
2026-09-29,W730,Chun Hun Wong,1365.0465573480703,3,1369.5932703643584,3,1500.0,0,1500.0,0,1500.0,0
2026-09-29,N480,Jeevan Nedunchezhiyan,1365.0207360615752,41,1338.401001407048,35,1364.4181002049834,6,1500.0,0,1500.0,0
2026-09-29,TA21,Ryan Thacher,1364.811888260777,5,1374.6503103913778,5,1500.0,0,1500.0,0,1500.0,0
2026-09-29,D0JM,Rafael De Alba,1364.8028972453403,5,1369.2688496443839,4,1443.420723682993,1,1500.0,0,1500.0,0
2026-09-29,H938,Hans Hach Verdugo,1364.7877002901164,9,1363.8667312647597,9,1500.0,0,1500.0,0,1500.0,0
2026-09-29,RH13,Patrik Rikl,1364.7708349760867,11,1500.0,0,1340.8105147244637,11,1500.0,0,1500.0,0
2026-09-29,T235,Melvin Tong,1364.7613546708549,7,1446.2311894690083,5,1373.2918871485824,2,1500.0,0,1500.0,0
2026-09-29,L292,Ville Liukko,1364.754359819597,16,1429.2970285618112,9,1345.064994655109,3,1424.3551324044377,1,1511.5257331140149,3
2026-09-29,G905,Peng Gao,1364.6995785565623,5,1396.2556583958553,4,1447.0243537862552,1,1500.0,0,1500.0,0
2026-09-29,H465,Phillip Harboe,1364.6849541312688,33,1423.2508944527383,17,1364.4525064485217,16,1500.0,0,1500.0,0
2026-09-29,105634,Marcus Willis,1364.5649139875707,3,1400.1821996568224,2,1444.18628415642,1,1500.0,0,1500.0,0
2026-09-29,KH65,Patcharapol Kawin,1364.5430480892985,3,1358.665115004824,3,1500.0,0,1500.0,0,1500.0,0
2026-09-29,X015,Zihao Xia,1364.5143213387535,38,1383.9815641959497,33,1328.7616012661242,5,1500.0,0,1500.0,0
2026-09-29,K350,Niko Karagiannis,1364.4075168255724,3,1383.9285731051957,2,1500.0,0,1500.0,0,1440.9031244009152,1
2026-09-29,C510,Guillaume Couillard,1364.2560970955474,12,1565.6631951100942,1,1344.109888544838,10,1500.0,0,1442.4826382177573,1
2026-09-29,D378,Yann Drieux,1364.2430177648203,2,1422.8420742955773,1,1500.0,0,1500.0,0,1500.0,0
2026-09-29,N645,Alexey Nesterov,1364.1723248161386,2,1366.0099152214116,2,1500.0,0,1500.0,0,1500.0,0
2026-09-29,H702,Christian Haupt,1364.1047675869725,3,1500.0,0,1343.4907244613257,3,1500.0,0,1500.0,0
2026-09-29,S670,Toshiaki Sakai,1363.9773677122457,6,1432.4887790937576,4,1440.9031244009152,1,1500.0,0,1451.3180106185962,1
2026-09-29,G0MI,Adhithya Ganesan,1363.9625680311103,6,1376.9375333297553,4,1485.2985940929846,1,1461.4621933867074,1,1500.0,0
2026-09-29,B478,Pedro Braga,1363.8673037666467,25,1375.658767318284,17,1400.0017968117547,8,1500.0,0,1500.0,0
2026-09-29,CM88,Congsup Congcar,1363.6486049425368,6,1343.7102243814456,6,1500.0,0,1500.0,0,1500.0,0
2026-09-29,W536,Gilbert Wong,1363.406741905723,2,1500.0,0,1361.028553937578,2,1500.0,0,1500.0,0
2026-09-29,AB29,Facundo Alvo,1363.3865670611963,3,1500.0,0,1363.5562552194347,3,1500.0,0,1500.0,0
2026-09-29,R243,Eyal Ran,1363.2337051188113,4,1368.1082027207792,3,1444.1800096469399,1,1500.0,0,1500.0,0
2026-09-29,F403,Timo Fleischfresser,1363.2285317975134,2,1500.0,0,1364.0749779243267,2,1500.0,0,1500.0,0
2026-09-29,KA72,Warut Korkiatthaworn,1363.2011629942076,6,1319.8583775166312,4,1500.0,0,1500.0,0,1500.0,0
2026-09-29,N604,Nicolas N'Godrela,1363.1816422148056,7,1335.434562085644,7,1500.0,0,1500.0,0,1500.0,0
2026-09-29,I327,Guy Orly Iradukunda,1363.0498630853451,6,1466.8878018903984,1,1388.2730548568625,5,1500.0,0,1500.0,0
2026-09-29,D465,Kostyantyn Dmytrenko,1363.0093793878966,3,1460.1574832447964,1,1394.5076641277133,2,1500.0,0,1500.0,0
2026-09-29,Z245,Arsenije Zlatanovic,1362.8805541249142,4,1440.050249471772,1,1404.5988867882434,3,1500.0,0,1500.0,0
2026-09-29,U107,Volodoymyr Uzhylovskyi,1362.7562301849453,7,1433.5774016829441,5,1391.7049885689482,2,1500.0,0,1500.0,0
2026-09-29,L373,Gianluca Luddi,1362.578731634416,21,1455.1066019840057,1,1381.040720679583,20,1500.0,0,1500.0,0
2026-09-29,RA43,Maciej Rajski,1362.5267697222719,4,1500.0,0,1355.4574563389624,4,1500.0,0,1500.0,0
2026-09-29,B765,Brian Battistone,1362.382422784185,6,1392.0806399199594,5,1500.0,0,1444.18628415642,1,1500.0,0
2026-09-29,K418,Oh-Hee Kwon,1362.2180204059425,11,1381.9481125448503,7,1565.6631951100942,1,1500.0,0,1324.2752907236334,3
2026-09-29,H509,Chad Harris,1362.032741368469,3,1346.320523853888,3,1500.0,0,1500.0,0,1500.0,0
2026-09-29,A420,Alessandro Accardo,1361.9602008061024,11,1428.7400538535105,1,1408.7795482730946,10,1500.0,0,1500.0,0
2026-09-29,M607,Luke Milligan,1361.9524293160046,20,1439.373471491218,9,1463.554262694978,1,1355.3349809434253,7,1429.345236831097,2
2026-09-29,O427,Bowen Ouyang,1361.9279215404213,22,1353.2786077548221,17,1359.063787712519,5,1500.0,0,1500.0,0
2026-09-29,K778,Victor Kozin,1361.9045091932444,2,1442.3643233937182,1,1500.0,0,1500.0,0,1444.18628415642,1
2026-09-29,SL62,Marko Stanic,1361.8541055924018,2,1500.0,0,1364.2243587507764,2,1500.0,0,1500.0,0
2026-09-29,M0GR,Kaipo Marshall,1361.7829181778452,10,1348.3473688630631,6,1393.343920046517,2,1500.0,0,1500.0,0
2026-09-29,R511,Predrag Rusevski,1361.6318038189227,35,1497.2996639263013,2,1346.2495440090684,33,1500.0,0,1500.0,0
2026-09-29,P371,Vladimir Pavicevic,1361.627204764231,14,1413.839777158396,4,1416.2097492130956,9,1500.0,0,1441.0728770901644,1
2026-09-29,F607,Goncalo Falcao,1361.515110388898,12,1500.0,0,1349.256194893255,12,1500.0,0,1500.0,0
2026-09-29,B796,Aivaras Balzekas,1361.454491229318,5,1347.5355113383957,3,1500.0,0,1500.0,0,1495.3817226312292,2
2026-09-29,V886,Pablo Vivero Gonzalez,1361.3784521102361,3,1391.05837292279,2,1434.9077797528291,1,1500.0,0,1500.0,0
2026-09-29,E645,Mahmoud Ezz,1361.3503750237307,3,1431.4523818782616,1,1429.8091521887789,1,1500.0,0,1431.589699350293,1
2026-09-29,BT64,Raphael Baltensperger,1361.335827933071,3,1417.4606883532783,1,1423.9094668623673,2,1500.0,0,1500.0,0
2026-09-29,A861,Danila Arsenov,1361.171231567381,6,1364.9372204015228,6,1500.0,0,1500.0,0,1500.0,0
2026-09-29,PC36,Vignesh Peranamallur,1361.0893963218389,6,1338.40027827675,6,1500.0,0,1500.0,0,1500.0,0
2026-09-29,C831,Diego Cubas,1361.0288473172059,9,1430.9175483742765,5,1395.2903625544905,4,1500.0,0,1500.0,0
2026-09-29,K980,Reda Karakhi,1360.9272642324568,8,1500.0,0,1363.0827445923214,8,1500.0,0,1500.0,0
2026-09-29,F640,Jesus Francisco Felix,1360.7671362292995,6,1307.6781360973225,3,1525.1510613832672,3,1500.0,0,1500.0,0
2026-09-29,C009,Omar Camporese,1360.6774270239885,4,1500.0,0,1351.700891776116,4,1500.0,0,1500.0,0
2026-09-29,K742,David Kvernadze,1360.6508923849233,2,1500.0,0,1439.427787818747,1,1500.0,0,1432.1221419333851,1
2026-09-29,L507,Kerlin Leon Zamora,1360.552353688619,2,1373.263426520727,2,1500.0,0,1500.0,0,1500.0,0
2026-09-29,B491,Maxime Boye,1360.3408228741982,20,1496.846861960249,8,1294.1484634055748,6,1385.333642174548,2,1622.6687219378196,4
2026-09-29,P315,Seung-Kyu Park,1360.3026415806512,5,1391.716268542475,5,1500.0,0,1500.0,0,1500.0,0
2026-09-29,B0G6,Preston Brown,1360.288435116469,12,1387.840644159277,5,1421.1007089065463,7,1500.0,0,1500.0,0
2026-09-29,F434,Alejandro Fabbri,1360.2298593880173,45,1292.1057075423755,12,1397.9795137881313,32,1500.0,0,1500.0,0
2026-09-29,D749,Daniel Danilovic,1360.2056224602177,6,1423.4142203539716,1,1345.2248372383685,5,1500.0,0,1500.0,0
2026-09-29,G678,Sat Galan,1360.1530935542587,7,1435.5432581166667,1,1361.9394575624108,6,1500.0,0,1500.0,0
2026-09-29,F473,Romano Frantzen,1360.1416864165885,3,1500.0,0,1332.4872438456302,3,1500.0,0,1500.0,0
2026-09-29,I183,Yuichi Ito,1360.0503976644543,32,1397.4646967692056,26,1441.0845266017805,1,1425.9015641987016,1,1405.6018680155612,4
2026-09-29,V141,Daniel Vacek,1359.939255881297,29,1437.8567824338602,22,1264.5104626129194,5,1473.8512691990002,2,1500.0,0
2026-09-29,R765,Federico Rodriguez,1359.7409232692673,3,1427.5105617610268,1,1385.9087462460204,2,1500.0,0,1500.0,0
2026-09-29,DC83,Gabriel Donev,1359.629773655102,3,1350.782572286769,3,1500.0,0,1500.0,0,1500.0,0
2026-09-29,A345,Adriano Albanesi,1359.625267258859,4,1500.0,0,1357.1197850152535,4,1500.0,0,1500.0,0
2026-09-29,H510,Troy Hahn,1359.4933888308249,2,1372.2911134113115,2,1500.0,0,1500.0,0,1500.0,0
2026-09-29,103656,Albert Montanes,1359.4768349374851,3,1400.9417309968658,2,1419.9435882754365,1,1500.0,0,1500.0,0
2026-09-29,MV33,Philip Wilbert Major,1359.441267429884,2,1500.0,0,1500.0,0,1500.0,0,1500.0,0
2026-09-29,E243,David Estruch,1359.3875195314833,9,1482.9432394163603,1,1363.5542747457334,8,1500.0,0,1500.0,0
2026-09-29,D0K3,Guillaume Dalmasso,1359.3088219080544,8,1378.3928972683216,7,1500.0,0,1440.9031244009152,1,1500.0,0
2026-09-29,SK02,Karunuday Singh,1359.1218167020124,17,1393.307487932788,14,1433.0633204649896,3,1500.0,0,1500.0,0
2026-09-29,H0B7,Trey Hilderbrand,1359.1062493381132,13,1390.4265099563363,7,1437.8537086069487,5,1440.9031244009152,1,1500.0,0
2026-09-29,H344,Scott Humphries,1359.0624475191528,7,1322.4711977660518,4,1450.9217368417528,3,1500.0,0,1500.0,0
2026-09-29,AB40,Albert Alcaraz Ivorra,1359.0238074019985,5,1487.3940047431045,1,1338.5688879176112,4,1500.0,0,1500.0,0
2026-09-29,BC20,Guillermo Bujniewicz,1359.0110317421816,2,1500.0,0,1377.7339569633432,2,1500.0,0,1500.0,0
2026-09-29,R927,Vitali Reshetnikov,1358.905636444109,8,1341.6754465889717,6,1496.960792086745,2,1500.0,0,1500.0,0
2026-09-29,G813,Claudio Grassi,1358.9037590004696,26,1376.3779502804025,12,1423.4613933390863,12,1500.0,0,1412.73572320961,2
2026-09-29,K878,George Khrikadze,1358.85035969615,4,1440.4487049309125,1,1428.340374891267,2,1500.0,0,1434.3368048899058,1
2026-09-29,R615,Simon Rea,1358.6949758239846,10,1402.3379060513025,3,1356.0461226449006,2,1500.0,0,1525.2015616172584,4
2026-09-29,D755,Mauricio Doria-Medina,1358.6933799908404,7,1443.996520702506,3,1399.724280190052,4,1500.0,0,1500.0,0
2026-09-29,108625,Mohammed Rajan Sundera Karuppiah,1358.6774454701247,3,1353.9007782076908,3,1500.0,0,1500.0,0,1500.0,0
2026-09-29,PH19,Suraj R Prabodh,1358.5155902742817,5,1325.3882724059624,5,1500.0,0,1500.0,0,1500.0,0
2026-09-29,I209,Artem Isaev,1358.4920491307057,2,1500.0,0,1362.8967500669935,2,1500.0,0,1500.0,0
2026-09-29,SH15,Sasa Stojisavljevic,1358.4798257632979,4,1500.0,0,1351.9782516503972,4,1500.0,0,1500.0,0
2026-09-29,T961,Thales Turini,1358.4723526604969,31,1317.6692072003666,13,1407.4548765701743,18,1500.0,0,1500.0,0
2026-09-29,CA93,Pavel Chekhov,1358.415212498415,49,1373.9498057964627,23,1440.2141602451095,15,1404.3210229852089,5,1449.2038047300264,4
2026-09-29,B741,Stian Boretti,1358.210845918111,31,1431.6306458174613,16,1379.4095325961177,14,1500.0,0,1450.0919667864143,1
2026-09-29,P0JG,Gabriele Pennaforti,1358.1761916624025,16,1500.0,0,1352.3358174958819,16,1500.0,0,1500.0,0
2026-09-29,SI19,Frederik Sletting-Johnsen,1358.142160573782,6,1405.8571051112842,4,1407.9091913201128,2,1500.0,0,1500.0,0
2026-09-29,SL89,Matias Sborowitz,1358.0486526836823,13,1452.2470334017485,1,1384.7937876451845,12,1500.0,0,1500.0,0
2026-09-29,S823,Harel Srugo,1357.7603008510239,4,1382.8209667909737,3,1455.1653934459766,1,1500.0,0,1500.0,0
2026-09-29,SY66,Julian Saborio,1357.5333564304756,3,1356.7593173851976,3,1500.0,0,1500.0,0,1500.0,0
2026-09-29,ML48,Antonio Massara,1357.4287232098752,4,1421.8512917117516,2,1388.6554924964487,2,1500.0,0,1500.0,0
2026-09-29,Y172,Serizhan Yessenbekov,1357.361791879232,6,1343.9194250740313,6,1500.0,0,1500.0,0,1500.0,0
2026-09-29,H379,Andres Schneiter,1357.351710026588,6,1500.0,0,1342.397500089159,6,1500.0,0,1500.0,0
2026-09-29,PG56,Jorge Panta,1357.3083154242845,21,1395.4106103088068,2,1380.5900668086347,19,1500.0,0,1500.0,0
2026-09-29,B517,Oscar Burrieza-Lopez,1357.2722301895235,62,1321.816760384442,19,1351.1096699911188,20,1433.9414837825914,3,1577.3135278972181,20
2026-09-29,CB04,Alin-Mihai Constantin,1357.2125070111983,10,1500.0,0,1338.9091066052345,10,1500.0,0,1500.0,0
2026-09-29,MG55,Nikolaus Moser,1357.1977121217049,30,1352.525260391543,28,1456.4929858303778,1,1500.0,0,1440.9031244009152,1
2026-09-29,105436,Michael Linzer,1357.0977900331523,3,1400.5626976644917,2,1444.18628415642,1,1500.0,0,1500.0,0
2026-09-29,G850,Botond Godry,1357.0288172887983,4,1500.0,0,1345.1520104633698,4,1500.0,0,1500.0,0
2026-09-29,PB05,Eduardo Peralta-Tello,1356.8822360286392,9,1382.9905637957663,3,1431.4563940542737,6,1500.0,0,1500.0,0
2026-09-29,R0DC,Ajeet Rai,1356.86909618535,31,1320.8260409131167,31,1500.0,0,1500.0,0,1500.0,0
2026-09-29,F512,Favel Freyre,1356.8074508108882,3,1434.3368048899058,1,1416.0133884584263,2,1500.0,0,1500.0,0
2026-09-29,L698,Karlis Lejnieks,1356.77890379199,18,1370.2239158118693,10,1311.7576856439878,4,1500.0,0,1485.2790949754892,4
2026-09-29,R984,Igor Rud,1356.4852390050123,3,1406.4526045460466,2,1500.0,0,1500.0,0,1439.110208789159,1
2026-09-29,Y178,Andrei Iakovlev,1356.436443739952,4,1369.8774401020185,3,1500.0,0,1438.4052238950048,1,1500.0,0
2026-09-29,MA27,Lucas Machado,1356.4087067066403,4,1360.9034395074893,4,1500.0,0,1500.0,0,1500.0,0
2026-09-29,GE03,Andre Goransson,1356.3351960632792,6,1391.710041400286,4,1428.4552957871967,2,1500.0,0,1500.0,0
2026-09-29,T0FN,Benjamin Torres,1356.252048853644,4,1500.0,0,1359.9920662114578,4,1500.0,0,1500.0,0
2026-09-29,A391,Maximilian Abel,1356.2481437135116,67,1413.443867715333,40,1320.8145710854942,17,1477.4513960814825,1,1359.5004085560597,9
2026-09-29,BK30,Manuel Barros,1356.2084403157864,3,1500.0,0,1360.1637583629292,3,1500.0,0,1500.0,0
2026-09-29,KB07,Hicham Khaddari,1356.1203466469506,21,1500.0,0,1371.28032967642,21,1500.0,0,1500.0,0
2026-09-29,PB76,Enzo Pigola,1355.800994610318,3,1500.0,0,1352.8696141278979,3,1500.0,0,1500.0,0
2026-09-29,BI09,Abdul-Hazli Bin Zainuddin,1355.6767664099016,5,1360.9975381097415,5,1500.0,0,1500.0,0,1500.0,0
2026-09-29,MB48,Andrei Mazkun,1355.6127314784599,2,1439.3851174248355,1,1437.8229542611998,1,1500.0,0,1500.0,0
2026-09-29,C419,Riccardo Ciruolo,1355.5965216254467,3,1388.5855242971093,2,1434.4559929360278,1,1500.0,0,1500.0,0
2026-09-29,F317,Keith From,1355.5260452326174,5,1361.898867615203,5,1500.0,0,1500.0,0,1500.0,0
2026-09-29,S0JV,Qian Sun,1355.4339080482273,3,1344.2021606201406,3,1500.0,0,1500.0,0,1500.0,0
2026-09-29,K675,Sun-Yong Kim Jr.,1355.3903613103405,19,1308.109815656024,16,1509.8409517453113,2,1500.0,0,1565.6631951100942,1
2026-09-29,B635,Pablo Bianchi,1355.2076431351297,21,1434.3743141710427,4,1371.7913779720939,17,1500.0,0,1500.0,0
2026-09-29,CA14,Julio-Victor Casarotti,1355.0529199578082,3,1357.5217147791348,3,1500.0,0,1500.0,0,1500.0,0
2026-09-29,SL22,Neal Skupski,1355.0139592299336,3,1375.5510944875402,2,1500.0,0,1461.4915634180627,1,1500.0,0
2026-09-29,BE19,Alex Bartlett,1354.995430724409,3,1428.9109643419524,2,1428.609392270142,1,1500.0,0,1500.0,0
2026-09-29,MG63,Dragos Cristian Mirtea,1354.893220951825,4,1500.0,0,1362.578494490056,4,1500.0,0,1500.0,0
2026-09-29,O171,Graydon Oliver,1354.8367034120374,3,1396.4058555953968,2,1500.0,0,1440.9225547698036,1,1500.0,0
2026-09-29,L600,Quoc-Khanh Le,1354.8310608930562,3,1355.8419520075922,3,1500.0,0,1500.0,0,1500.0,0
2026-09-29,F0FL,Bruno Fernandez,1354.7972695003634,17,1500.0,0,1343.3745896537905,17,1500.0,0,1500.0,0
2026-09-29,B656,Jean-Francois Berard,1354.7484111910514,6,1338.5622625167894,4,1500.0,0,1500.0,0,1503.2083549368094,2
2026-09-29,O099,Alex O'Brien,1354.7311562044295,13,1313.194981204126,9,1500.0,0,1488.0034909772985,3,1402.7443871543594,1
2026-09-29,T136,Jeff Tarango,1354.7236759069685,50,1299.9021074270825,26,1480.0132290837803,19,1420.6389683814832,4,1471.8000271262397,1
2026-09-29,MG88,Junn Mitsuhashi,1354.6633929026796,38,1330.7514558455653,22,1379.4356356729747,7,1500.0,0,1470.168103451881,9
2026-09-29,SM38,Connor Smith,1354.5755534815016,40,1382.3109375839394,32,1356.192018945109,5,1381.930212987966,2,1500.0,0
2026-09-29,D540,Tin Dong,1354.3529047048987,2,1500.0,0,1361.493287169164,2,1500.0,0,1500.0,0
2026-09-29,MK29,Stefan Merunka,1354.351079015557,6,1349.1102472441237,5,1461.8941949138632,1,1500.0,0,1500.0,0
2026-09-29,B735,German Berkovich,1354.234089846985,3,1360.9285517451567,3,1500.0,0,1500.0,0,1500.0,0
2026-09-29,T0EN,Gunawan Trismuwantara,1354.1299974967671,6,1478.6697520806017,3,1421.008566329601,1,1379.8701792135482,2,1500.0,0
2026-09-29,D383,Simon Dickson,1354.1178572155025,9,1469.3726489773674,2,1440.7085636248883,1,1383.7823274090404,5,1430.9469055397637,1
2026-09-29,H515,Janne Holmia,1354.0805949423805,3,1500.0,0,1355.7978825257285,3,1500.0,0,1500.0,0
2026-09-29,O150,Melvyn Op der Heijde,1353.987919383269,59,1345.5079095577348,10,1380.0871868487407,45,1500.0,0,1379.61655693295,2
2026-09-29,P485,Todd Perry,1353.840708228045,6,1433.9293689532021,1,1472.09314207821,1,1381.3810148049413,2,1509.1791262375398,2
2026-09-29,GE70,Ricardo Gonzalez-Diaz,1353.648469174958,4,1366.182426136798,4,1500.0,0,1500.0,0,1500.0,0
2026-09-29,RB86,Sidharth Rawat,1353.4550662722802,42,1321.1208886674308,42,1500.0,0,1500.0,0,1500.0,0
2026-09-29,SR78,Takashi Saito,1353.4301945416837,5,1427.6548074626821,3,1440.9031244009152,1,1500.0,0,1440.9031244009152,1
2026-09-29,V0IZ,Angel Veliz,1353.4227343003106,3,1480.4576056331157,1,1356.3104304125661,2,1500.0,0,1500.0,0
2026-09-29,C993,Ignacio Coll-Riudavets,1353.4021017455989,11,1404.933085945833,3,1367.0807204285054,8,1500.0,0,1500.0,0
2026-09-29,S594,Rafael Serpa-Guinazu,1353.2794326025144,3,1420.1827955868682,1,1411.4373613256355,2,1500.0,0,1500.0,0
2026-09-29,PB97,Andrei Plotniy,1353.277491757471,4,1420.9633573208505,2,1426.779746690863,1,1500.0,0,1434.4405635106375,1
2026-09-29,S873,Nejc Smole,1353.2570443428303,3,1500.0,0,1353.6996662870793,3,1500.0,0,1500.0,0
2026-09-29,V513,Jose-Roberto Velasco,1353.256640705321,6,1408.4424922166647,1,1421.2980239250508,5,1500.0,0,1500.0,0
2026-09-29,K479,Ognian Kolev,1353.253122936692,4,1361.5526463729116,4,1500.0,0,1500.0,0,1500.0,0
2026-09-29,SE26,Andrei Savchuk,1353.2380016830061,3,1433.014758802699,1,1373.2012303959482,2,1500.0,0,1500.0,0
2026-09-29,LB23,Christopher Lawson,1353.2252614023803,3,1404.1183765839332,2,1429.8446442439915,1,1500.0,0,1500.0,0
2026-09-29,BA22,Laurent Bram,1353.1947325184938,14,1254.0788897174782,9,1535.8411343493794,5,1500.0,0,1500.0,0
2026-09-29,N0BU,Daniel Antonio Nunez,1353.1898336443012,18,1497.6923807239186,2,1329.5882414784496,16,1500.0,0,1500.0,0
2026-09-29,E646,Christopher Eldon,1353.1577949448395,3,1403.9943565742421,2,1435.1492081610688,1,1500.0,0,1500.0,0
2026-09-29,VA19,David Volfson,1353.0569193691324,6,1347.7851311942838,5,1465.636748273525,1,1500.0,0,1500.0,0
2026-09-29,SA71,Jonathas Sucupira,1352.7442391694733,3,1500.0,0,1395.3724758090852,2,1500.0,0,1500.0,0
2026-09-29,H421,Paul Hanley,1352.5419272984063,10,1362.5955784208018,6,1441.6641353526504,3,1500.0,0,1500.0,0
2026-09-29,G974,Geoff Gehrke,1352.2664505123255,3,1458.721451600605,1,1433.7309011059028,1,1500.0,0,1440.9031244009152,1
2026-09-29,B0OT,Jacob Bradshaw,1352.2433022554355,14,1337.351730616656,14,1500.0,0,1500.0,0,1500.0,0
2026-09-29,J525,Isade Juneau,1352.0169474610607,5,1329.8740730282302,5,1500.0,0,1500.0,0,1500.0,0
2026-09-29,L585,Pavel Lobanov,1352.0141182343618,5,1469.3335884116052,2,1319.3434483685442,3,1500.0,0,1500.0,0
2026-09-29,Z09K,Evan Zhu,1351.984757967518,75,1309.3528952978133,54,1468.8490398828064,18,1327.5355230917519,3,1500.0,0
2026-09-29,O176,Massimo Ocera,1351.755674123298,6,1451.6992578354411,3,1381.9919901772973,3,1500.0,0,1500.0,0
2026-09-29,C260,Andrei Cherkasov,1351.6945854246035,65,1487.1198891853642,29,1344.680323949307,31,1500.0,0,1289.533918647964,5
2026-09-29,T836,Aljoscha Thron,1351.6587363129486,7,1500.0,0,1431.4778348631467,2,1500.0,0,1344.7345224334679,5
2026-09-29,S0C2,Hikaru Shiraishi,1351.6485149285759,13,1329.6985798034489,13,1500.0,0,1500.0,0,1500.0,0
2026-09-29,D376,Or Dekel,1351.6361948466788,10,1435.0226593503207,8,1500.0,0,1440.9031244009152,1,1500.0,0
2026-09-29,MF45,Koki Matsunaga,1351.6223321521127,4,1380.4016344463757,3,1500.0,0,1500.0,0,1444.961495113094,1
2026-09-29,K459,Sadik Kadir,1351.455475634452,42,1327.59840755612,34,1376.311007723697,2,1442.843432084284,3,1454.850734345359,3
2026-09-29,W456,Rasid Winklaar,1351.3113192980404,7,1455.2468555905843,5,1362.8345584641306,2,1500.0,0,1500.0,0
2026-09-29,KD02,Sergis Kyratzis,1351.250344033686,9,1292.6685298139705,6,1496.4532080931824,3,1500.0,0,1500.0,0
2026-09-29,S833,Alexander Sikanov,1351.0743565146595,6,1379.0721083722128,5,1440.9031244009152,1,1500.0,0,1500.0,0
2026-09-29,LB39,Antonio Lupieri,1350.9284460291642,3,1387.5882231778883,2,1500.0,0,1500.0,0,1500.0,0
2026-09-29,MM10,Samuel Monette,1350.916905517113,13,1332.967658997264,13,1500.0,0,1500.0,0,1500.0,0
2026-09-29,F902,Jesse Flores,1350.7906285252186,4,1321.316303263656,4,1500.0,0,1500.0,0,1500.0,0
2026-09-29,Y114,Daniel Yoo,1350.6525014241959,40,1318.2890309630177,32,1447.5206013471266,5,1500.0,0,1464.7806204910723,3
2026-09-29,L499,Pedro Leao,1350.583751110163,7,1500.0,0,1367.7928867758783,7,1500.0,0,1500.0,0
2026-09-29,A470,Rodrigo Abucham,1350.5519652951314,2,1371.49520400339,2,1500.0,0,1500.0,0,1500.0,0
2026-09-29,A933,Sulaiman Al Rawahi,1350.526672233753,2,1351.5967886241067,2,1500.0,0,1500.0,0,1500.0,0
2026-09-29,C369,Marcio Carlsson,1350.5185796229875,25,1353.0398636050797,15,1469.7415748865026,9,1500.0,0,1500.0,0
2026-09-29,S699,Ricardo Schlachter,1350.417548355751,17,1305.31906365918,6,1418.4244914217354,11,1500.0,0,1500.0,0
2026-09-29,EA34,Akram El Sallaly,1350.3011119920147,3,1389.6366755699423,2,1422.0777100963417,1,1500.0,0,1500.0,0
2026-09-29,SB79,Andre Santos,1350.2554268749575,3,1354.268598109171,3,1500.0,0,1500.0,0,1500.0,0
2026-09-29,R904,Razlan Rawi,1350.2077104491027,4,1353.9165711990263,4,1500.0,0,1500.0,0,1500.0,0
2026-09-29,F850,Gabriel Flores Ruiz,1350.1810258888456,5,1348.2214005954543,5,1500.0,0,1500.0,0,1500.0,0
2026-09-29,BD52,Ariel Behar,1350.1259418307359,13,1423.2583723356036,5,1374.9593206333257,8,1500.0,0,1500.0,0
2026-09-29,X011,Jun-Chao Xu,1350.0272782279367,4,1353.077348748105,4,1500.0,0,1500.0,0,1500.0,0
2026-09-29,O493,Rafa Orantes,1349.955009114512,2,1367.5423561624486,2,1500.0,0,1500.0,0,1500.0,0
2026-09-29,G909,Anis Ghorbel,1349.8651245803967,4,1388.4172666573188,2,1439.5524570963962,1,1500.0,0,1461.189699232124,1
2026-09-29,CO11,Simon Carr,1349.570762690523,11,1351.2252712018376,10,1500.0,0,1500.0,0,1500.0,0
2026-09-29,V746,Mike Vermeer,1349.4300797530188,4,1342.442486816156,4,1500.0,0,1500.0,0,1500.0,0
2026-09-29,BG41,Andraz Bedene,1349.4083964784495,3,1500.0,0,1405.296577805519,2,1500.0,0,1500.0,0
2026-09-29,T0AG,Zura Tkemaladze,1349.373850190461,12,1280.2690757057358,11,1500.0,0,1500.0,0,1500.0,0
2026-09-29,FC42,Luis Faria,1349.1749295534928,5,1464.949250633836,1,1380.952823798026,3,1500.0,0,1500.0,0
2026-09-29,N112,Sandor Noszaly,1349.1653569900905,4,1500.0,0,1360.3186699500616,3,1441.822641606194,1,1500.0,0
2026-09-29,K447,Mait Kunnap,1349.0399131676968,14,1413.4594735417065,3,1287.9316559842707,4,1497.821604779961,2,1425.9371301995131,5
2026-09-29,K545,Roger Krajcovic,1348.9581321862902,3,1442.7117541025348,1,1385.4691084240014,2,1500.0,0,1500.0,0
2026-09-29,P359,Srinath Prahlad,1348.852559124945,7,1395.2186683933733,2,1430.2715889353879,4,1440.9031244009152,1,1500.0,0
2026-09-29,ML08,Santiago Maresca,1348.7357734613902,10,1495.9448797402374,4,1308.8782202891418,6,1500.0,0,1500.0,0
2026-09-29,SJ02,Ricardo Siggia,1348.6767368998894,3,1438.6810756276138,1,1387.1343051488136,2,1500.0,0,1500.0,0
2026-09-29,K859,Bryan Koniecko,1348.66268809501,8,1333.9927424749476,8,1500.0,0,1500.0,0,1500.0,0
2026-09-29,M690,Dimitri Mazur,1348.481493870839,31,1434.7395505140762,23,1309.6130321451537,7,1500.0,0,1500.0,0
2026-09-29,SF32,Mike Steinherr,1348.477943859371,4,1500.0,0,1367.9650088182484,4,1500.0,0,1500.0,0
2026-09-29,GB37,Philippe Grandjean,1348.2954174345805,3,1350.6268883351217,2,1484.2228792329713,1,1500.0,0,1500.0,0
2026-09-29,D773,Joao De Nes,1348.1789170574864,3,1413.8839906407015,2,1423.223997939583,1,1500.0,0,1500.0,0
2026-09-29,L231,Alex Lopez Moron,1348.1697249216786,29,1342.7694282779207,2,1370.9528999252216,27,1500.0,0,1500.0,0
2026-09-29,N336,James Nelson,1348.1627660918302,4,1406.9721821400399,2,1500.0,0,1379.6199993399816,2,1500.0,0
2026-09-29,G457,Josh Goffi,1348.1468623891124,5,1344.6064825489825,5,1500.0,0,1500.0,0,1500.0,0
2026-09-29,D463,Baptiste Dupuy,1348.1137436280274,15,1367.6541997877089,3,1369.3004349414139,9,1500.0,0,1503.3130194717526,3
2026-09-29,MH33,Ilija Martinoski,1348.0565326710937,6,1350.3487602738735,3,1447.7845250723635,3,1500.0,0,1500.0,0
2026-09-29,CG73,Ayoub Chakrouni,1348.0177381157196,7,1500.0,0,1331.6207786961108,7,1500.0,0,1500.0,0
2026-09-29,R805,Sebastian Rivera,1347.734937084005,8,1534.8124388773172,2,1308.4568007629573,6,1500.0,0,1500.0,0
2026-09-29,A663,Aleksandr Agafonov,1347.583140650832,3,1378.6225106024042,2,1449.5517512106644,1,1500.0,0,1500.0,0
2026-09-29,CG97,Artur Completo,1347.5244196325052,3,1500.0,0,1370.4069397812596,3,1500.0,0,1500.0,0
2026-09-29,V0GI,Aditya Vishal Balsekar,1347.3730905127093,9,1310.2856139055507,7,1487.8881232311978,2,1500.0,0,1500.0,0
2026-09-29,K739,Zlatan Kadric,1346.9978566475693,3,1466.4052830542057,1,1381.7296602810866,2,1500.0,0,1500.0,0
2026-09-29,RC94,Ando Rasolomalala,1346.9862519648937,2,1500.0,0,1430.7716342185404,1,1500.0,0,1446.6010714912359,1
2026-09-29,D735,Damiano Di Ienno,1346.8159988127506,3,1500.0,0,1435.7936692700364,1,1403.120632764158,2,1500.0,0
2026-09-29,PG17,Jeson Patrombon,1346.733744411999,17,1256.3281993886503,9,1484.054419531834,8,1500.0,0,1500.0,0
2026-09-29,C608,Diego Camacho,1346.6336173481504,2,1368.5626087678725,1,1436.981249802885,1,1500.0,0,1500.0,0
2026-09-29,D609,Marco De Sanctis,1346.6182516425818,6,1500.0,0,1355.6591771263163,6,1500.0,0,1500.0,0
2026-09-29,A787,Ivan Arenas-Gualda,1346.5615433045828,10,1356.4832657556158,9,1453.550217711142,1,1500.0,0,1500.0,0
2026-09-29,K306,Cedric Kauffmann,1346.515774053735,54,1425.8268194231052,43,1365.0205128851114,5,1415.589012837457,2,1447.6630800184919,3
2026-09-29,A633,Victor-Mugurel Anagnastopol,1346.4056211408843,10,1500.0,0,1329.9627191543573,8,1500.0,0,1500.0,0
2026-09-29,K407,Alexey Kedryuk,1346.3360332001976,99,1369.3001824840803,69,1426.529847292093,26,1500.0,0,1399.3804871780544,4
2026-09-29,T860,Sunu-Wahyu Trijati,1346.3066223998399,11,1393.997737263348,10,1416.0409338110833,1,1500.0,0,1500.0,0
2026-09-29,106421,Pedro Cachin,1346.0777985999405,2,1367.8230324798333,2,1500.0,0,1500.0,0,1500.0,0
2026-09-29,T261,Stefano Tarallo,1345.5670183462187,56,1500.0,0,1376.3596852945846,55,1500.0,0,1430.9469055397637,1
2026-09-29,N522,Terence Nugent,1345.5536849036378,2,1434.3368048899058,1,1424.3862483261275,1,1500.0,0,1500.0,0
2026-09-29,SN90,Syed Mohd Agil Syed Naguib,1345.3161237304494,6,1336.0580660789815,6,1500.0,0,1500.0,0,1500.0,0
2026-09-29,SQ55,Eric Sock,1345.310568797229,3,1356.8751991905249,3,1500.0,0,1500.0,0,1500.0,0
2026-09-29,V628,Juan-Sebastian Vivanco,1345.3017123815475,6,1500.0,0,1347.9817451022739,6,1500.0,0,1500.0,0
2026-09-29,MV75,Ignacio Monzon,1345.1733285420166,30,1500.0,0,1329.5622893225388,30,1500.0,0,1500.0,0
2026-09-29,PF03,Vladimir Polyakov,1345.1588344824133,8,1333.3636183307208,8,1500.0,0,1500.0,0,1500.0,0
2026-09-29,K923,Julian Kurz,1345.151950084896,3,1500.0,0,1344.2380201706876,3,1500.0,0,1500.0,0
2026-09-29,T0CU,Fausto Tabacco,1345.1435164836066,8,1449.741175616213,1,1339.8838654200185,7,1500.0,0,1500.0,0
2026-09-29,R472,Attapol Rithiwattanapong,1344.5835950066655,3,1348.09791268518,3,1500.0,0,1500.0,0,1500.0,0
2026-09-29,S403,Jonathan Stark,1344.515014618633,8,1366.1247004586037,3,1440.8687892720232,1,1480.552514838061,4,1500.0,0
2026-09-29,L0CR,Xavier Lawrence,1344.1999513887135,3,1367.2663215656767,2,1462.2386852545196,1,1500.0,0,1500.0,0
2026-09-29,P0ED,Kiranpal Pannu,1344.08277807769,30,1352.4692056074396,25,1343.1536912501685,5,1500.0,0,1500.0,0
2026-09-29,KB13,Charalampos Kapogiannis,1343.79645048881,4,1481.0550833901802,1,1325.610266501848,3,1500.0,0,1500.0,0
2026-09-29,W475,Ayrton Wibowo,1343.608710565867,3,1343.8954616211465,3,1500.0,0,1500.0,0,1500.0,0
2026-09-29,B0EZ,Ignacio Antonio Becerra Otarola,1343.6016287344544,4,1500.0,0,1330.248946405912,4,1500.0,0,1500.0,0
2026-09-29,W655,Matthias Wunner,1343.5583071577562,3,1500.0,0,1377.091389258167,2,1442.7527041634685,1,1500.0,0
2026-09-29,MI17,Victor Morales,1343.1216146995828,4,1500.0,0,1346.1730414805165,4,1500.0,0,1500.0,0
2026-09-29,R883,Robin Roshardt,1343.0159586884463,16,1459.0464894216125,1,1334.698437379308,15,1500.0,0,1500.0,0
2026-09-29,D960,Kirill Dmitriev,1342.9798417927698,6,1466.6050555395107,1,1345.9300992063786,4,1434.8588461414574,1,1500.0,0
2026-09-29,TA30,Tomislav Ternar,1342.865345454377,6,1410.623246401747,4,1372.0614202106206,2,1500.0,0,1500.0,0
2026-09-29,F703,Mikhail Fufygin,1342.783505135975,10,1335.4282588961898,9,1500.0,0,1500.0,0,1434.9614997803503,1
2026-09-29,H908,Abdulla Hajji,1342.7187890631703,5,1328.6673912299548,5,1500.0,0,1500.0,0,1500.0,0
2026-09-29,W462,Andre Wiesler,1342.613500642858,3,1500.0,0,1351.8994677834855,3,1500.0,0,1500.0,0
2026-09-29,AB52,Khalid Allouch,1342.4539034402505,6,1500.0,0,1337.7310977737893,6,1500.0,0,1500.0,0
2026-09-29,C866,Jose Checa-Calvo,1342.4496568585296,76,1373.1401174006758,17,1351.86931697317,56,1365.706055366718,2,1425.9144007450273,1
2026-09-29,W312,Brad Weston,1342.4127953099776,4,1352.184197589594,4,1500.0,0,1500.0,0,1500.0,0
2026-09-29,C944,Evghenii Corduneanu,1342.3236585877107,3,1450.3775213240601,1,1383.3184549338189,2,1500.0,0,1500.0,0
2026-09-29,G563,Bastian Gronefeld,1342.2713833076077,9,1364.1282257729097,2,1448.7408322845874,5,1500.0,0,1386.731179705668,2
2026-09-29,R721,Sergio Ramirez,1342.2567160006668,3,1500.0,0,1341.9405125479732,3,1500.0,0,1500.0,0
2026-09-29,G353,Martin Garcia,1342.1959917831523,4,1500.0,0,1340.1475448593694,3,1474.408389015762,1,1500.0,0
2026-09-29,M0FS,Muzammil Murtaza,1342.1420391071847,9,1453.8489877320333,4,1410.9642504740236,3,1384.693573353169,2,1500.0,0
2026-09-29,BB97,Antoine Benneteau,1342.136879580618,12,1378.5482100154823,9,1363.218819613154,2,1444.18628415642,1,1500.0,0
2026-09-29,J343,David Josepa,1341.764471743695,4,1434.3368048899058,1,1366.0236439898904,3,1500.0,0,1500.0,0
2026-09-29,F538,Maxim Filippov,1341.7617839549084,12,1477.9115552204255,5,1336.3949173152482,7,1500.0,0,1500.0,0
2026-09-29,N430,Hyun-Woo Nam,1341.7501078010264,17,1374.6456217650498,16,1428.1857371898936,1,1500.0,0,1500.0,0
2026-09-29,CA62,Erik Crepaldi,1341.7252941051217,53,1334.3132010395123,34,1389.9137752760416,17,1405.83729653534,2,1500.0,0
2026-09-29,H284,Stephane Huet,1341.5948618218697,62,1333.3790446329992,17,1355.3711696389528,27,1507.8982785197268,6,1394.4174084883614,12
2026-09-29,D878,Alexander Domijan,1341.5565762161248,17,1305.2037985509885,17,1500.0,0,1500.0,0,1500.0,0
2026-09-29,A418,Fredrik Aarum,1341.5076076336663,3,1415.029088861736,1,1393.4203626485378,2,1500.0,0,1500.0,0
2026-09-29,L525,Dmitri Lomakin,1341.4013628509006,3,1350.2237894388998,3,1500.0,0,1500.0,0,1500.0,0
2026-09-29,R606,Igor Racic,1341.1373652610125,7,1440.5584527951066,1,1383.8374050566194,5,1500.0,0,1500.0,0
2026-09-29,U057,Filip Urban,1341.0036651510497,11,1500.0,0,1341.1462443175021,11,1500.0,0,1500.0,0
2026-09-29,PA58,Ludwig Pellerin,1340.9827339932908,11,1500.0,0,1338.8401309462658,11,1500.0,0,1500.0,0
2026-09-29,S764,James Shortall,1340.955768470123,5,1436.771902256393,3,1500.0,0,1417.9652528006238,1,1500.0,0
2026-09-29,M0I0,Maxwell Mckennon,1340.7840135303288,9,1320.8376210680117,6,1451.6759503717244,3,1500.0,0,1500.0,0
2026-09-29,CD30,Jack Carpenter,1340.742252096392,3,1500.0,0,1500.0,0,1333.5062769174197,3,1500.0,0
2026-09-29,T212,Dmitri Tomashevich,1340.6388058005991,25,1303.0761393909809,16,1462.0354876938811,8,1458.187681696042,1,1500.0,0
2026-09-29,S802,Valentin Sanon,1340.57177091455,25,1367.531104682773,7,1395.6502282259598,11,1500.0,0,1340.7716988811005,7
2026-09-29,BD42,Agustin Boje-Ordonez,1340.5456191364115,21,1451.5164209401364,4,1337.2666200829347,17,1500.0,0,1500.0,0
2026-09-29,PC37,Goncalo Pereira,1340.5315093238835,9,1471.5994599637581,1,1323.4773810485256,8,1500.0,0,1500.0,0
2026-09-29,C924,Alex Clayton,1340.4855728014957,5,1362.7489496898766,4,1422.0065259835799,1,1500.0,0,1500.0,0
2026-09-29,N364,Florian Nufer,1340.272506657238,4,1500.0,0,1338.7428729771304,4,1500.0,0,1500.0,0
2026-09-29,SE15,David Savic,1340.1708009264937,16,1337.62201975875,4,1408.107868683376,11,1500.0,0,1428.8417815624127,1
2026-09-29,SX96,Benjamin Sigouin,1340.1423520263888,13,1334.1474158519093,13,1500.0,0,1500.0,0,1500.0,0
2026-09-29,R646,Tom Rushby,1339.985152677973,6,1391.9676715284843,2,1500.0,0,1342.7690342468786,4,1500.0,0
2026-09-29,Z241,Oleksiy Zhornyak,1339.9406761034256,4,1379.9953277385773,2,1366.1635041374286,2,1500.0,0,1500.0,0
2026-09-29,C366,David Caballero,1339.9150627763104,7,1424.6724612484068,1,1390.2068517647172,6,1500.0,0,1500.0,0
2026-09-29,K426,Lauri Kiiski,1339.8853378693002,20,1423.1364146649842,6,1294.5273071534125,11,1500.0,0,1534.788954852822,3
2026-09-29,F974,Tom Fawcett,1339.8360906701164,16,1325.7692708898933,16,1500.0,0,1500.0,0,1500.0,0
2026-09-29,Z09L,Ayed Zatar,1339.7754978865548,5,1424.9222144596683,1,1338.0739851770784,2,1500.0,0,1500.0,0
2026-09-29,GA84,Daniel Glancy,1339.7665946154266,10,1340.9309244075655,8,1430.8423378840314,2,1500.0,0,1500.0,0
2026-09-29,SH33,Aditya Hari Sasongko,1339.7310544711193,10,1385.2080087283862,8,1422.0725382885757,1,1500.0,0,1500.0,0
2026-09-29,Z0C3,Maxim Zhukov,1339.6482934637986,8,1324.8214602381972,8,1500.0,0,1500.0,0,1500.0,0
2026-09-29,I074,Jonathan Igbinovia,1339.5153809408323,5,1336.432030970533,5,1500.0,0,1500.0,0,1500.0,0
2026-09-29,D846,Adrian-Marin Dancescu,1339.503142248719,4,1500.0,0,1352.5450298901378,3,1500.0,0,1500.0,0
2026-09-29,A09W,Juan Carlos Aguilar,1339.4936799572263,21,1277.128116503845,14,1456.2870621595985,7,1500.0,0,1500.0,0
2026-09-29,T0GE,Pavlos Tsitsipas,1339.4493293101523,11,1342.457280162723,10,1451.7202859001763,1,1500.0,0,1500.0,0
2026-09-29,RH69,Matthew Romios,1339.3895369172687,8,1321.8834740156508,8,1500.0,0,1500.0,0,1500.0,0
2026-09-29,F165,Marcelo Filippini,1339.3251653082057,4,1500.0,0,1329.6044323142153,4,1500.0,0,1500.0,0
2026-09-29,L812,Tiago Lopes,1339.1789411211234,36,1308.2266233788373,12,1390.497604115255,24,1500.0,0,1500.0,0
2026-09-29,R446,Martin Rammal,1338.970006602347,3,1444.237713332495,1,1365.8480625232867,2,1500.0,0,1500.0,0
2026-09-29,Z363,Marcelo Zormann,1338.961002909234,22,1427.9130956412341,1,1359.530741513138,21,1500.0,0,1500.0,0
2026-09-29,BL74,Pavel Baranov,1338.8011403690148,3,1338.8011403690148,3,1500.0,0,1500.0,0,1500.0,0
2026-09-29,F0BL,Matthew Foster-Estwick,1338.7293067608216,3,1348.6087963064815,3,1500.0,0,1500.0,0,1500.0,0
2026-09-29,N256,Tapio Nurminen,1338.577904699265,24,1449.0492685896447,1,1313.9600076034774,19,1500.0,0,1502.339577693305,4
2026-09-29,SO02,Warit Sornbutnark,1338.2569190353768,14,1324.7986559818798,14,1500.0,0,1500.0,0,1500.0,0
2026-09-29,TB28,George Tsivadze,1338.2417546955887,10,1331.144428274485,5,1453.5260639274925,2,1500.0,0,1462.9967439833774,3
2026-09-29,R479,Rolando Ruel,1337.974601329415,3,1446.6010714912359,1,1373.2918871485824,2,1500.0,0,1500.0,0
2026-09-29,DA96,Hugo Di Feo,1337.8585444923801,5,1333.7675487730073,5,1500.0,0,1500.0,0,1500.0,0
2026-09-29,D684,Weerapat Doakmaiklee,1337.8240879783943,17,1407.9677567467165,12,1461.2401213684072,1,1500.0,0,1373.677639027383,3
2026-09-29,Z0BL,Fares Zakaria,1337.8093303940495,11,1414.6125116851845,7,1341.4518659525304,4,1500.0,0,1500.0,0
2026-09-29,N561,Ivan Nedelko,1337.7015051906797,82,1339.429453309165,38,1362.4206761568878,40,1385.37014097957,2,1452.1743170065242,1
2026-09-29,R370,Damien Roberts,1337.6903940458592,6,1350.261546702676,3,1500.0,0,1504.1564496318938,2,1500.0,0
2026-09-29,KF24,Timur Kiyamov,1337.640523571694,4,1337.1983110048045,4,1500.0,0,1500.0,0,1500.0,0
2026-09-29,M09E,Tao Mu,1337.5832504145528,6,1321.223108629801,6,1500.0,0,1500.0,0,1500.0,0
2026-09-29,BC54,Petros Baghdatis,1337.4627007315848,2,1500.0,0,1372.4870148643195,2,1500.0,0,1500.0,0
2026-09-29,AA57,Vicente Elberto Anasta,1337.279381509105,2,1500.0,0,1344.010205128737,2,1500.0,0,1500.0,0
2026-09-29,E232,Juan-Manuel Elizondo,1337.1685310349926,31,1303.9130082635513,17,1423.8953157851183,14,1500.0,0,1500.0,0
2026-09-29,RB04,Quentin Robert,1336.978935094389,4,1428.0707326855095,1,1388.699180378077,2,1500.0,0,1500.0,0
2026-09-29,K190,Bernd Karbacher,1336.8742784502965,3,1401.5052073348588,1,1425.8403202203108,2,1500.0,0,1500.0,0
2026-09-29,F634,Isaac Frost,1336.849318953447,5,1320.9868870616838,5,1500.0,0,1500.0,0,1500.0,0
2026-09-29,VA48,Siddharth Vishwakarma,1336.7200456610508,5,1317.1111886206113,5,1500.0,0,1500.0,0,1500.0,0
2026-09-29,D384,Alessandro Da Col,1336.7073829188107,16,1375.112019645048,6,1389.7991086620057,10,1500.0,0,1500.0,0
2026-09-29,G386,Jaymon Crabb,1336.4805624844812,61,1367.2338281905172,44,1354.4925152664293,7,1378.7390241665346,5,1440.9031244009152,1
2026-09-29,PF69,Herkko Pollanen,1336.3827820836418,10,1318.7730880918687,7,1467.7096993833504,3,1500.0,0,1500.0,0
2026-09-29,BT51,Salvador Andres Bolanos,1336.0771189644065,2,1412.952371069303,1,1415.7824818594224,1,1500.0,0,1500.0,0
2026-09-29,SG04,Roberto Sirotsky,1335.9745835932883,4,1370.1895533263237,3,1459.2700015816179,1,1500.0,0,1500.0,0
2026-09-29,W201,Jan Weinzierl,1335.715290356367,47,1382.851505737799,5,1403.7559133091604,38,1500.0,0,1382.9191712793581,3
2026-09-29,PG10,Janis Podzus,1335.5739602941271,6,1348.7603577243367,5,1434.3368048899058,1,1500.0,0,1500.0,0
2026-09-29,G385,Rodrigo-Antonio Grilli,1335.5558008076362,12,1314.851239643091,7,1449.1954122013276,2,1457.6870675440216,1,1500.0,0
2026-09-29,W636,Ruikai Wang,1335.5024058774495,6,1392.608224336974,3,1367.4693078191606,3,1500.0,0,1500.0,0
2026-09-29,K572,Gilles Kremer,1335.1200755220655,29,1357.055373925549,22,1346.106855771056,7,1500.0,0,1500.0,0
2026-09-29,V462,Stefano Vukov,1335.0856265922343,6,1395.843232306181,2,1395.8007723452079,4,1500.0,0,1500.0,0
2026-09-29,PC73,Hsien-Yin Peng,1334.9411043122125,6,1373.8073037758768,3,1500.0,0,1500.0,0,1483.7560203759795,1
2026-09-29,K346,Sultan Khalfan,1334.467769832931,7,1304.564785822581,7,1500.0,0,1500.0,0,1500.0,0
2026-09-29,C857,Dejan Cvetkovic,1334.4203609255094,3,1334.3906103195334,3,1500.0,0,1500.0,0,1500.0,0
2026-09-29,Y101,Fady Youssef,1334.1736568504498,3,1390.5327621567874,2,1500.0,0,1500.0,0,1422.0725382885757,1
2026-09-29,CG49,Andrew Carter,1334.146149444087,17,1298.326437452226,16,1478.7252253535348,1,1500.0,0,1500.0,0
2026-09-29,J171,Gabor Jaross,1334.0956127227662,7,1426.2208652835764,1,1375.4395008064243,6,1500.0,0,1500.0,0
2026-09-29,LD33,Yuanfeng Li,1334.0076041613686,4,1445.8101978139523,1,1342.6867119437943,3,1500.0,0,1500.0,0
2026-09-29,LA40,Augusto Laranja,1333.9697118586923,12,1419.488220990275,6,1348.217024753295,6,1500.0,0,1500.0,0
2026-09-29,K0KN,Lucky Candra Kurniawan,1333.8827012951454,3,1396.0468241126082,2,1431.010524367211,1,1500.0,0,1500.0,0
2026-09-29,L391,Jaroslav Levinsky,1333.848406137564,53,1292.5780495152403,11,1399.6175159199518,34,1500.0,0,1489.8881576070803,5
2026-09-29,MG42,Nikolay Marinchenko,1333.766460006196,3,1375.072077379587,2,1428.4730133928465,1,1500.0,0,1500.0,0
2026-09-29,C603,Benjamin Cassaigne,1333.7239140473835,18,1360.9142334200476,11,1426.6066061918198,1,1454.4126224091947,4,1517.1669112179843,2
2026-09-29,R776,Martin Rmus,1333.6483994897785,3,1500.0,0,1390.5082695514134,2,1434.3368048899058,1,1500.0,0
2026-09-29,M440,Andrei Merinov,1333.5216231753525,4,1377.3328698580167,3,1431.692625943243,1,1500.0,0,1500.0,0
2026-09-29,TA01,Ty Trombetta,1333.3144738816588,4,1355.6367893377326,3,1447.4013130222818,1,1500.0,0,1500.0,0
2026-09-29,V377,Adam Vejmelka,1333.085304325795,54,1430.0064424299394,4,1327.8648659098487,48,1500.0,0,1481.8551589857204,1
2026-09-29,KG72,Jurabek Karimov,1333.0725775983162,20,1266.4184253083272,15,1450.4011086354012,5,1500.0,0,1500.0,0
2026-09-29,J206,Alexandros Jakupovic,1333.0247300811063,37,1365.92430176254,10,1338.09167300033,23,1500.0,0,1318.7834289062007,4
2026-09-29,SC57,Hyun-Joon Suk,1332.773184273624,4,1413.1206789637154,2,1398.769802062722,2,1500.0,0,1500.0,0
2026-09-29,R518,Sanchai Ratiwatana,1332.638383531153,26,1406.245757649209,19,1407.0286839026405,3,1422.0792288247167,2,1425.897795541546,1
2026-09-29,N313,Timo Nieminen,1332.3100772862715,78,1293.8115968328111,28,1341.3014528882527,47,1500.0,0,1410.0185852623044,2
2026-09-29,DH19,Yasitha De Silva,1332.2994830285159,3,1500.0,0,1320.8729282606662,3,1500.0,0,1500.0,0
2026-09-29,C885,Thomas Cazes-Carrere,1332.2781148037152,4,1500.0,0,1344.1109636477227,4,1500.0,0,1500.0,0
2026-09-29,H610,Hazuan Hizan,1332.1126370249478,5,1336.890531357205,5,1500.0,0,1500.0,0,1500.0,0
2026-09-29,N428,Timothy Neilly,1332.0506686388158,6,1406.835078404599,4,1400.9152524036149,2,1500.0,0,1500.0,0
2026-09-29,MJ88,Felipe Mantilla,1331.9590037320693,25,1429.7699880586606,5,1330.589616339482,20,1500.0,0,1500.0,0
2026-09-29,GD32,Sander Gille,1331.6320799973485,4,1382.2069011956683,2,1414.8074856344954,2,1500.0,0,1500.0,0
2026-09-29,MD76,Noel Moossa,1331.627580054573,3,1500.0,0,1355.59646409603,3,1500.0,0,1500.0,0
2026-09-29,M744,Karim Maamoun,1331.6169512687422,41,1355.4713365618102,10,1327.4481928574126,22,1500.0,0,1364.6622353833534,7
2026-09-29,G861,Tim Goransson,1331.5559338537003,15,1469.0143548659305,1,1365.7471062147442,13,1500.0,0,1500.0,0
2026-09-29,C649,Federico Camacho,1331.4731527501167,4,1402.8380290303735,2,1387.6315558919573,2,1500.0,0,1500.0,0
2026-09-29,T0H5,Benjamin Torrealba,1331.4399133327563,9,1470.0811060209296,1,1332.7186860053246,8,1500.0,0,1500.0,0
2026-09-29,GB71,Marc Giner,1331.285505785446,29,1347.8618863044053,10,1350.8911294195957,19,1500.0,0,1500.0,0
2026-09-29,C750,Frank Condor,1331.102572420628,9,1468.5657590963879,1,1356.6367469460429,8,1500.0,0,1500.0,0
2026-09-29,O423,Fabrizio Ornago,1330.9588997770168,18,1311.476533418899,10,1383.4667652794528,8,1500.0,0,1500.0,0
2026-09-29,KD32,Timur Khabibulin,1330.7959808418686,14,1324.4028623210065,10,1421.3983712623533,4,1500.0,0,1500.0,0
2026-09-29,K681,Joel Kerley,1330.712171627055,7,1367.958776347575,6,1446.1456576809717,1,1500.0,0,1500.0,0
2026-09-29,P592,Vishal Punna,1330.5835980387862,3,1389.7429050819921,2,1500.0,0,1500.0,0,1412.9337084642345,1
2026-09-29,BA01,Gyorgy Balazs,1330.4665744240835,18,1425.2536154970467,2,1343.1444295145554,15,1500.0,0,1557.6666318130794,1
2026-09-29,N367,Francisco Neves,1330.3202214161286,6,1500.0,0,1327.6336087633729,6,1500.0,0,1500.0,0
2026-09-29,BH33,Daniil Braun,1330.2654015201142,4,1338.270576484529,4,1500.0,0,1500.0,0,1500.0,0
2026-09-29,ML47,Mohd Assri Merzuki,1330.092759717454,6,1326.590264512779,6,1500.0,0,1500.0,0,1500.0,0
2026-09-29,SA86,Yew-Ming Si,1330.053554271002,19,1345.3946373850708,17,1402.305673542924,2,1500.0,0,1500.0,0
2026-09-29,C736,Olivier Charroin,1329.972654941589,22,1321.7567151384462,16,1430.4325644255407,4,1381.2218863284702,2,1500.0,0
2026-09-29,P0D4,Brandon Perez,1329.880978590807,5,1461.2152922148732,2,1338.7838646383975,3,1500.0,0,1500.0,0
2026-09-29,SY71,Digvijay Pratap Singh,1329.7159133114444,13,1292.1158469263646,11,1509.932660452905,2,1500.0,0,1500.0,0
2026-09-29,V403,Martin Vilarrubi,1329.6266496451465,8,1399.3623258281239,2,1360.121683582328,6,1500.0,0,1500.0,0
2026-09-29,A803,Mauricio Astorga,1329.6260718195306,9,1375.4775649817964,5,1387.5684547835888,4,1500.0,0,1500.0,0
2026-09-29,G478,Pablo Gonzalez,1329.4536413686403,58,1302.9957541409321,16,1372.6252058630791,41,1500.0,0,1456.6841837676327,1
2026-09-29,C574,Tyler Cleveland,1329.4029844117213,30,1349.4346702971422,22,1413.1768077218785,8,1500.0,0,1500.0,0
2026-09-29,T312,Ruben Torres,1329.3209192970971,4,1500.0,0,1322.9711871142474,4,1500.0,0,1500.0,0
2026-09-29,C648,Julien Cassaigne,1329.2688623061356,7,1299.9520640784683,4,1422.242682496627,1,1494.6210879361358,2,1500.0,0
2026-09-29,V595,Bruno Volkmann,1329.2682156343737,4,1500.0,0,1338.1031982120464,4,1500.0,0,1500.0,0
2026-09-29,H526,Gregory Howe,1329.187046289967,5,1326.9066631546832,5,1500.0,0,1500.0,0,1500.0,0
2026-09-29,D829,Andrei Daescu,1329.1759792419284,7,1337.6746465100591,5,1416.726771787263,2,1500.0,0,1500.0,0
2026-09-29,MG99,Jordi Munoz-Abreu,1329.0767642179994,10,1357.2210785399172,4,1378.7369012977917,5,1500.0,0,1500.0,0
2026-09-29,C483,Rodrigo Cerdera,1328.8591857066024,7,1426.4580164364033,1,1342.5181709136377,6,1500.0,0,1500.0,0
2026-09-29,R348,Andrian Raturandang,1328.8352351842618,4,1332.7061695185798,4,1500.0,0,1500.0,0,1500.0,0
2026-09-29,K840,Tobias Klein,1328.542576498627,4,1441.834689135621,1,1500.0,0,1344.99847673985,3,1500.0,0
2026-09-29,B0D8,Jacob Brumm,1328.5099937368518,7,1423.0865240419373,1,1355.0301880220068,6,1500.0,0,1500.0,0
2026-09-29,S773,Slimane Saoudi,1328.383609721308,85,1393.0022735296243,19,1313.1955968591078,63,1500.0,0,1522.1845723775907,2
2026-09-29,B975,Guillem Burniol,1328.029309602751,23,1406.791306059911,2,1353.5719296298807,21,1500.0,0,1500.0,0
2026-09-29,J0D4,Jeremy Jin,1327.9942197806483,7,1298.2259786301024,7,1500.0,0,1500.0,0,1500.0,0
2026-09-29,BA28,Abdul-Mumin Babalola,1327.9749869028547,3,1336.30543960414,3,1500.0,0,1500.0,0,1500.0,0
2026-09-29,B543,Seung-Bok Baek,1327.6738811411694,4,1379.094770849764,3,1500.0,0,1500.0,0,1426.989989187043,1
2026-09-29,T0AF,Fermin Tenti,1327.6328748896892,9,1500.0,0,1324.3714123356042,9,1500.0,0,1500.0,0
2026-09-29,RA38,Marcel Ruzic,1327.261143636153,5,1500.0,0,1352.940329761765,4,1500.0,0,1500.0,0
2026-09-29,MH48,Vijayant Malik,1327.0488913776041,8,1350.666333983157,7,1430.526852877979,1,1500.0,0,1500.0,0
2026-09-29,M934,Israel Matos Gil,1326.6154813590817,8,1422.3405810548697,2,1358.2569679922817,6,1500.0,0,1500.0,0
2026-09-29,B471,Mahesh Bhupathi,1326.5990878665264,8,1378.7057389412682,6,1500.0,0,1331.7129770197948,2,1500.0,0
2026-09-29,TB00,Philippos Tsangaridis,1326.584618364932,5,1320.711099842057,3,1490.8468619316563,1,1500.0,0,1434.3368048899058,1
2026-09-29,A361,Marcello Amador,1326.5197680974977,25,1468.217226605412,13,1260.4483506898168,10,1500.0,0,1379.035969311622,2
2026-09-29,M0EG,Tristan McCormick,1326.3636749637462,21,1358.0199011230106,7,1337.0053907607435,13,1440.9031244009152,1,1500.0,0
2026-09-29,N509,Nikolai Nesterov,1326.3588329118782,4,1436.6909696455093,1,1351.9873052665953,2,1500.0,0,1442.0914899205281,1
2026-09-29,PD35,Dominic Pagon,1326.3069658052445,3,1436.5752652475976,1,1500.0,0,1400.5626976644917,2,1500.0,0
2026-09-29,S791,Shane Stone,1326.1712596650593,3,1354.1576276066792,3,1500.0,0,1500.0,0,1500.0,0
2026-09-29,F500,Filippo Figliomeni,1325.9809348560887,5,1500.0,0,1318.4252956768207,5,1500.0,0,1500.0,0
2026-09-29,118675,Seung-Hoon Lee,1325.9151862788335,3,1463.9377969889074,1,1500.0,0,1414.1114001891046,1,1435.2761326235454,1
2026-09-29,BA62,Massimo Bosa,1325.8801777176043,4,1500.0,0,1358.9942203806638,4,1500.0,0,1500.0,0
2026-09-29,MU88,Rudolfs Mednis,1325.5251323346718,4,1355.7313241071183,3,1500.0,0,1500.0,0,1500.0,0
2026-09-29,V731,Michel Vernier,1325.335044691773,6,1500.0,0,1317.3641635421845,6,1500.0,0,1500.0,0
2026-09-29,H0AB,Adam Hornby,1325.284302947801,3,1451.1314242152027,1,1370.3222797601286,2,1500.0,0,1500.0,0
2026-09-29,V510,Kaes Van't Hof,1325.1109497783696,6,1353.343608008669,5,1440.3092450608356,1,1500.0,0,1500.0,0
2026-09-29,W242,Alex Witt,1324.98233356294,4,1393.0961272205002,3,1500.0,0,1434.3368048899058,1,1500.0,0
2026-09-29,F849,Viktor Filipenko,1324.890624982919,3,1333.5517082196147,3,1500.0,0,1500.0,0,1500.0,0
2026-09-29,BB53,Brett Baudinet,1324.8619142472319,3,1368.0599650975555,2,1500.0,0,1500.0,0,1434.3368048899058,1
2026-09-29,C759,Ivan Cerovic,1324.8170322126766,58,1416.8677679465761,24,1293.6883504638254,28,1500.0,0,1472.2938915569346,6
2026-09-29,SD20,Juan-Francisco Spina,1324.7787198565115,3,1419.1612663800804,1,1445.7182346773118,1,1444.18628415642,1,1500.0,0
2026-09-29,AB19,Sagadat Ayap,1324.7749199063044,4,1328.9776651894692,4,1500.0,0,1500.0,0,1500.0,0
2026-09-29,SP02,Batyr Sapaev,1324.2761178852738,3,1333.889248328043,3,1500.0,0,1500.0,0,1500.0,0
2026-09-29,P433,Kamil Patel,1324.1669705058546,4,1338.5260590153323,3,1463.6271412143813,1,1500.0,0,1500.0,0
2026-09-29,Z163,Mehdi Ziadi,1323.956089797063,31,1444.18628415642,1,1316.401616427379,29,1453.7537560776377,1,1500.0,0
2026-09-29,F309,Oliver Freelove,1323.655983031156,6,1435.3895193645722,3,1500.0,0,1372.7381967245533,3,1500.0,0
2026-09-29,R0F6,Francisco Rocha,1323.294184405329,12,1351.0593857936924,4,1337.3838121577571,8,1500.0,0,1500.0,0
2026-09-29,F652,Enrico Fioravante,1323.1804603917446,12,1500.0,0,1332.3423712285085,12,1500.0,0,1500.0,0
2026-09-29,DA17,Maximilian Dinslaken,1323.0883346931278,5,1440.0892265391572,1,1389.7193498172353,2,1399.2076288518485,2,1500.0,0
2026-09-29,V392,Juan-Manuel Valverde,1323.0660956729505,7,1380.6696167192565,2,1393.827638178657,5,1500.0,0,1500.0,0
2026-09-29,M0B2,Yuki Mochizuki,1322.990185358631,19,1300.0000675248505,16,1443.0579890159315,3,1500.0,0,1500.0,0
2026-09-29,S948,Kevin Sorensen,1322.9878317843518,21,1486.281515660895,10,1270.523953501756,7,1434.3368048899058,1,1431.7585659430115,3
2026-09-29,E669,Patrick Eichenberger,1322.966813418721,8,1424.6244795695602,1,1422.5777312768964,2,1382.1666092886182,5,1500.0,0
2026-09-29,N469,Kris Nathan,1322.8947377442641,3,1420.9349718790866,1,1399.712269826873,2,1500.0,0,1500.0,0
2026-09-29,P724,Vladimir Portnov,1322.8325352299614,3,1381.9443273672796,2,1430.1841515518436,1,1500.0,0,1500.0,0
2026-09-29,V385,Dekel Valtzer,1322.7283773253414,21,1336.228973634189,15,1431.5685542162387,6,1500.0,0,1500.0,0
2026-09-29,M808,Julien Maes,1322.6820687144063,8,1352.3764985242203,7,1500.0,0,1413.8142988947848,1,1500.0,0
2026-09-29,BP36,Tadas Babelis,1322.5639212528745,5,1416.24966277484,2,1381.852037231357,2,1500.0,0,1500.0,0
2026-09-29,Z316,Tilen Zitnik,1322.2231090255284,5,1459.852445716984,1,1378.1457846018798,3,1500.0,0,1500.0,0
2026-09-29,B655,Eduardo Bergmann,1322.1039517597912,7,1392.9667081457878,5,1380.77626961223,2,1500.0,0,1500.0,0
2026-09-29,SA84,Phil Stolt,1321.8126863997998,7,1369.700973978412,5,1470.2795554258414,1,1443.2976712534091,1,1500.0,0
2026-09-29,I097,Stefano Ianni,1321.4391026590042,41,1449.2121931840472,10,1326.601391752507,30,1422.034403179167,1,1500.0,0
2026-09-29,A412,Andrea Agazzi,1321.3724908790755,10,1435.3965873518362,3,1328.681723755284,4,1434.6056129448457,3,1500.0,0
2026-09-29,O196,Atsuo Ogawa,1321.3526762805477,4,1376.027231207066,2,1500.0,0,1500.0,0,1379.997007311013,2
2026-09-29,Z0CO,Maximo Zeitune,1321.069485096669,16,1500.0,0,1310.8350299420451,16,1500.0,0,1500.0,0
2026-09-29,SC40,Ken Skupski,1320.9818255461607,12,1379.3306651797113,2,1446.1563753069915,1,1413.2942628844116,8,1440.9031244009152,1
2026-09-29,BH94,Tobias Blomgren,1320.505077196501,10,1291.726984250081,6,1472.0572853044646,3,1500.0,0,1500.0,0
2026-09-29,N583,Victor Nunez,1319.7890210700266,7,1500.0,0,1314.7161288467923,7,1500.0,0,1500.0,0
2026-09-29,SZ29,Mehluli Don Ayanda Sibanda,1319.6066139117545,6,1332.960606413449,5,1452.4410904645636,1,1500.0,0,1500.0,0
2026-09-29,T779,Kenneth Tuilier-Curco,1319.606247054981,4,1390.816475359292,2,1500.0,0,1500.0,0,1357.3295250076355,2
2026-09-29,K783,Alejandro Kon,1319.567722110905,7,1500.0,0,1322.837236883071,6,1500.0,0,1500.0,0
2026-09-29,Z115,Marius Zay,1319.419207606258,6,1500.0,0,1368.9130171450356,4,1500.0,0,1500.0,0
2026-09-29,AD04,Sarp Agabigun,1319.0674443625792,14,1369.0987437651315,7,1344.8931539737812,5,1443.8367528904096,2,1500.0,0
2026-09-29,W227,Scott Willinsky,1318.6043523522299,7,1391.7070309742303,5,1377.6970638911162,2,1500.0,0,1500.0,0
2026-09-29,BM15,Joachim Bjerke,1318.2181948388977,6,1336.1138352499208,4,1414.1580387290544,2,1500.0,0,1500.0,0
2026-09-29,SI69,Maciek Sykut,1318.1596059238564,4,1456.5582403587819,1,1326.7931180498579,3,1500.0,0,1500.0,0
2026-09-29,AD06,Aaron Addison,1317.5277195895771,5,1291.3342976535153,5,1500.0,0,1500.0,0,1500.0,0
2026-09-29,O659,Vladyslav Orlov,1317.1982727653358,42,1355.0036917062976,23,1280.2463074227237,17,1474.3418628665174,1,1500.0,0
2026-09-29,L542,Iphton Louis,1317.1715125660803,6,1507.0184713672309,2,1338.052365542619,3,1500.0,0,1440.9031244009152,1
2026-09-29,S0JB,Noah Schachter,1317.1392218155088,9,1357.2586786582508,3,1375.4686275788094,6,1500.0,0,1500.0,0
2026-09-29,T206,Ignacio Truyol,1317.0771598231413,15,1404.7702418773383,6,1322.9549099406586,7,1500.0,0,1395.2186683933733,2
2026-09-29,TC10,Pavel Tsoy,1316.3008012783932,5,1341.9931247911422,4,1423.6946482505828,1,1500.0,0,1500.0,0
2026-09-29,I168,Gafur Ishmatov,1316.12157998609,4,1342.9915767101877,4,1500.0,0,1500.0,0,1500.0,0
2026-09-29,SG28,Vivek Shokeen,1316.0120718523237,4,1423.49610407647,2,1372.7592451916548,2,1500.0,0,1500.0,0
2026-09-29,P513,Sergei Pozdnev,1315.874303534369,13,1339.656964349964,9,1405.578531782154,4,1500.0,0,1500.0,0
2026-09-29,R581,Antonio Ruiz-Rosales,1315.7363249185305,12,1315.4126997806304,10,1456.6856575447543,2,1500.0,0,1500.0,0
2026-09-29,T0AB,Linh Giang Trinh,1315.599611733692,6,1362.6200626238042,5,1434.3368048899058,1,1500.0,0,1500.0,0
2026-09-29,M761,Bjorn Munroe,1315.4561898480163,4,1500.0,0,1298.3744739386839,4,1500.0,0,1500.0,0
2026-09-29,BD64,Stanislav Bykov,1315.2748297458877,4,1367.8163341674783,3,1440.9031244009152,1,1500.0,0,1500.0,0
2026-09-29,G0AH,Ignacio Garcia,1315.241902432559,5,1327.2676107878708,5,1500.0,0,1500.0,0,1500.0,0
2026-09-29,A250,Trent Aaron,1314.8586212823636,5,1322.6399579005085,5,1500.0,0,1500.0,0,1500.0,0
2026-09-29,SI06,Antonio Sancic,1314.501757762963,28,1431.2602876692074,9,1299.758591368635,18,1500.0,0,1440.9031244009152,1
2026-09-29,E135,Eyal Erlich,1314.4140060175816,12,1331.9433042123815,8,1434.1685509644524,1,1440.9031244009152,1,1491.506619292295,2
2026-09-29,GA46,Sergio Galdos,1314.352615055612,19,1435.539467962789,3,1319.7761583285144,16,1500.0,0,1500.0,0
2026-09-29,V627,Stanislav Vovk,1314.1747667991253,16,1297.8520964158502,13,1450.2199433074811,3,1500.0,0,1500.0,0
2026-09-29,B763,Adriano Biasella,1314.1552882369565,7,1334.4028152740989,3,1430.7739266631322,4,1500.0,0,1500.0,0
2026-09-29,LH62,Courtney John Lock,1314.0864973349437,6,1347.8785651239846,4,1418.0608963971442,2,1500.0,0,1500.0,0
2026-09-29,C0JT,Robin Catry,1313.6849456428686,8,1359.0595965346554,5,1369.1868845005727,2,1453.7394162697788,1,1500.0,0
2026-09-29,H712,Jorge Hernando Ruano,1313.6128713261598,12,1323.6348104843291,12,1500.0,0,1500.0,0,1500.0,0
2026-09-29,K556,Chris Kwon,1313.5862575238843,7,1392.773094176088,3,1389.1829339441674,4,1500.0,0,1500.0,0
2026-09-29,P0LG,Salvador Price,1313.5828260313122,4,1500.0,0,1308.6410071773735,4,1500.0,0,1500.0,0
2026-09-29,A834,Ryan Agar,1313.515972039754,8,1303.9683788973714,8,1500.0,0,1500.0,0,1500.0,0
2026-09-29,SB63,Gary Sacks,1312.7872762121788,9,1302.99978790861,9,1500.0,0,1500.0,0,1500.0,0
2026-09-29,HB45,Christos Hadjigeorgiou,1312.769140480005,4,1340.89265221347,4,1500.0,0,1500.0,0,1500.0,0
2026-09-29,SK66,Bruno Semenzato,1312.6553174567264,6,1421.5644794698535,2,1348.4027317833709,4,1500.0,0,1500.0,0
2026-09-29,MA10,Marcel-Ioan Miron,1312.6347541216983,5,1500.0,0,1313.4220893416123,5,1500.0,0,1500.0,0
2026-09-29,RA52,Franjo Raspudic,1312.354035708632,4,1388.8851433350287,2,1354.0324947748352,2,1500.0,0,1500.0,0
2026-09-29,T192,Manuel Tejada,1312.2068174409492,4,1500.0,0,1328.42342546578,4,1500.0,0,1500.0,0
2026-09-29,D862,Dorian Descloix,1312.142655721887,7,1306.7351936393547,7,1500.0,0,1500.0,0,1500.0,0
2026-09-29,T885,Kento Takeuchi,1312.0117738836534,57,1296.5799363147682,42,1446.730612564597,6,1500.0,0,1320.8157198996867,9
2026-09-29,SC23,Matthew Smith,1311.4989196263991,6,1370.6429581689008,4,1500.0,0,1470.4515622004576,1,1429.3249261325493,1
2026-09-29,B841,Doug Bohaboy,1311.4598465885986,37,1360.7559744022628,27,1423.3574112792903,2,1445.0395711477224,6,1391.36005645288,2
2026-09-29,PH77,David Poljak,1310.9654805871614,21,1389.1003670623209,8,1289.9144225743412,13,1500.0,0,1500.0,0
2026-09-29,W573,Andres Weisskopf,1310.733110109894,3,1434.3368048899058,1,1335.0988092715681,2,1500.0,0,1500.0,0
2026-09-29,H677,Robert Haybittel,1310.6706245235964,4,1300.6475504722998,4,1500.0,0,1500.0,0,1500.0,0
2026-09-29,M197,Nuno Marques,1310.5082210252576,5,1500.0,0,1313.8549892261601,5,1500.0,0,1500.0,0
2026-09-29,Z264,Steffen Zornosa,1310.4369311282355,4,1428.9351246870967,1,1372.8418816801513,3,1500.0,0,1500.0,0
2026-09-29,V365,Joseph Victorino,1310.1881082059645,8,1347.444540759909,3,1372.268130655423,5,1500.0,0,1500.0,0
2026-09-29,Y100,Robert Yim,1309.7173618474933,15,1317.5923977704017,14,1451.0675286077646,1,1500.0,0,1500.0,0
2026-09-29,K181,Nicklas Kulti,1309.1052427043742,5,1392.3389218231243,2,1411.788670124473,2,1434.3368048899058,1,1500.0,0
2026-09-29,F570,Adam Fass,1308.6465625098226,4,1500.0,0,1325.3757779911618,4,1500.0,0,1500.0,0
2026-09-29,PH05,Minhtuan Pham,1308.5705663009176,5,1349.0846447188217,4,1500.0,0,1500.0,0,1500.0,0
2026-09-29,BT50,Juan Borba,1308.300762823378,6,1500.0,0,1323.3406551473627,5,1500.0,0,1500.0,0
2026-09-29,T213,Jim Thomas,1308.084369161168,14,1405.3191172833888,6,1420.729792850919,2,1378.583533405653,5,1500.0,0
2026-09-29,SC03,Jasper Smit,1307.9385026343946,10,1356.2600202329852,6,1388.541445718129,4,1500.0,0,1500.0,0
2026-09-29,SD31,Andrei Somov,1307.7665519531076,4,1500.0,0,1307.4104938040969,4,1500.0,0,1500.0,0
2026-09-29,J159,Joan Jimenez-Guerra,1307.6352258487407,11,1318.682171252312,4,1491.4022051632735,3,1500.0,0,1383.3820732399502,4
2026-09-29,R704,Karan Rastogi,1307.3844798693144,44,1280.1881964634201,39,1343.7602145658166,4,1500.0,0,1500.0,0
2026-09-29,T732,Gwinyai Tongoona,1307.33952321542,6,1352.686350185645,3,1400.3917958670206,2,1500.0,0,1540.4310459490484,1
2026-09-29,Z171,Ergun Zorlu,1307.2553722729801,6,1365.9567525410032,3,1468.7968170720567,1,1361.7565404678512,2,1500.0,0
2026-09-29,SE55,Akmal Sharipov,1306.9798838293186,3,1360.284617172482,2,1418.4266607781271,1,1500.0,0,1500.0,0
2026-09-29,RH25,Kenneth Raisma,1306.7375073832764,6,1467.3800523194711,2,1343.9018740890147,3,1500.0,0,1500.0,0
2026-09-29,LA43,Sebastian Lopez,1306.3107692954695,5,1432.0988737180107,1,1357.4252258259667,4,1500.0,0,1500.0,0
2026-09-29,K354,Lassi Ketola,1306.1033392373686,5,1447.7734447211571,1,1319.9710893792774,4,1500.0,0,1500.0,0
2026-09-29,E201,Matthew Emery,1305.9426623578531,3,1323.7758590775313,3,1500.0,0,1500.0,0,1500.0,0
2026-09-29,SK03,David Agung Susanto,1305.8344643952184,20,1320.8850977567404,16,1500.0,0,1427.2230103247973,2,1500.0,0
2026-09-29,M0AA,Cayetano March,1305.6460198064697,9,1412.2571318222851,5,1331.185673757552,4,1500.0,0,1500.0,0
2026-09-29,Y235,Jumpei Yamasaki,1305.5332270789086,5,1331.1580934068297,4,1500.0,0,1500.0,0,1440.9031244009152,1
2026-09-29,D0DK,Santiago De La Fuente,1305.4824395314513,16,1500.0,0,1298.9309431628444,16,1500.0,0,1500.0,0
2026-09-29,I308,Samir Iftikhar,1305.1063335566555,9,1320.0939395190983,8,1444.8758537027145,1,1500.0,0,1500.0,0
2026-09-29,B953,Neil Bamford,1305.0686401893227,6,1443.1080724698659,1,1500.0,0,1281.983671668529,5,1500.0,0
2026-09-29,C928,Raony Carvalho,1304.9272619305398,5,1339.1300306805201,3,1416.4328714185249,2,1500.0,0,1500.0,0
2026-09-29,MO41,Rafael Matos,1304.8332107645679,11,1498.2872934467819,2,1276.273933607196,9,1500.0,0,1500.0,0
2026-09-29,N251,Rene Nicklisch,1304.766637228308,5,1433.755135951447,1,1396.2766845274703,2,1500.0,0,1406.2442927018872,2
2026-09-29,K0AB,Adil Kalyanpur,1304.7293664649555,5,1304.9380211041087,5,1500.0,0,1500.0,0,1500.0,0
2026-09-29,M0G0,Ryuki Matsuda,1304.581470040185,16,1275.0318713981453,16,1500.0,0,1500.0,0,1500.0,0
2026-09-29,G0DB,Raul Garcia,1304.491752925148,4,1421.720064813098,1,1400.8492223708147,2,1500.0,0,1500.0,0
2026-09-29,N744,Thien Nguyen Hoang,1304.1698710950216,10,1386.1329842846387,8,1500.0,0,1500.0,0,1500.0,0
2026-09-29,MI69,Alexis Musialek,1303.6894278199331,20,1285.5005175245233,5,1373.295546918908,15,1500.0,0,1500.0,0
2026-09-29,O521,Alvaro Ochoa,1303.608808145798,4,1424.9159694884,1,1352.1850061721811,3,1500.0,0,1500.0,0
2026-09-29,H471,Juraj Hasko,1303.4651937336323,11,1455.4885581143528,5,1306.9773877438158,6,1500.0,0,1500.0,0
2026-09-29,Z261,Ivan Zovko,1303.35209076273,6,1399.4986814876472,2,1331.993084007404,4,1500.0,0,1500.0,0
2026-09-29,M480,Miles MacLagan,1303.334539290218,13,1414.107043742911,4,1392.6793736424067,3,1320.9689360726206,4,1504.1564496318938,2
2026-09-29,MA48,Alessandro Motti,1303.1727054043888,13,1500.0,0,1306.222587699155,13,1500.0,0,1500.0,0
2026-09-29,K741,Shahzad Khan,1303.1133178548962,5,1411.8526301707038,1,1470.800915930378,1,1414.1889172164636,1,1452.2702769271145,2
2026-09-29,A813,Ibrahim Abou Chahine,1302.7638810593073,5,1330.9159885416361,4,1462.2974905998578,1,1500.0,0,1500.0,0
2026-09-29,SB57,Anoosha Shahgholi,1302.6093496026797,21,1273.425937002999,5,1425.0477738704287,14,1500.0,0,1506.7834088358159,2
2026-09-29,K767,Dejan Katic,1302.3905640654898,7,1500.0,0,1303.2045199903948,6,1500.0,0,1442.156982948338,1
2026-09-29,A609,Khalid Al Nabhani,1301.7503662977333,7,1295.2848830458156,7,1500.0,0,1500.0,0,1500.0,0
2026-09-29,C963,Eldad Campbell,1301.624489434256,4,1376.596114145572,2,1402.4729927341073,2,1500.0,0,1500.0,0
2026-09-29,G987,Marcel Goodman,1301.6163899455473,6,1431.0797645581945,1,1342.8804284474847,5,1500.0,0,1500.0,0
2026-09-29,Z239,Federico Zeballos,1301.532147690545,31,1279.9317912666252,11,1247.2241139707967,15,1500.0,0,1500.0,0
2026-09-29,F304,Ashley Fisher,1301.2820382065966,10,1332.0298108921274,8,1500.0,0,1440.9031244009152,1,1446.2922902881317,1
2026-09-29,G284,Amro Ghoneim,1300.889814650899,7,1407.6198206693396,1,1411.0214159041223,5,1500.0,0,1434.3368048899058,1
2026-09-29,R519,Sonchat Ratiwatana,1300.7928834932184,20,1282.7340161348206,15,1432.5781569658095,2,1465.8533793102038,1,1554.0502582624845,1
2026-09-29,A714,Patricio Alvarado,1300.3556948798014,8,1373.701004224653,3,1379.8731829142462,5,1500.0,0,1500.0,0
2026-09-29,A653,Mohammed Al Nabhani,1300.3389713475742,10,1301.1265426878917,10,1500.0,0,1500.0,0,1500.0,0
2026-09-29,I189,Nodar Itonishvili,1299.7968549791594,5,1469.2820949875377,1,1326.4208187559798,4,1500.0,0,1500.0,0
2026-09-29,SB22,Patrick Schmolzer,1299.6176760108422,5,1352.1479929037407,3,1417.8624339552273,2,1500.0,0,1500.0,0
2026-09-29,LC90,Siyu Liu,1299.505398126465,7,1342.1959782859083,6,1423.3688026349248,1,1500.0,0,1500.0,0
2026-09-29,O130,Erhan Oral,1299.4220633004363,5,1362.579808158087,3,1384.693573353169,2,1500.0,0,1500.0,0
2026-09-29,K800,Christofer Koutrouzas,1299.377523489039,3,1403.061172244688,1,1420.800642676418,1,1500.0,0,1434.3368048899058,1
2026-09-29,M829,Luis Fernando Manrique,1299.210937135276,3,1500.0,0,1316.4592770663876,3,1500.0,0,1500.0,0
2026-09-29,B667,Eduardo Bohrer,1299.11288880698,4,1333.9731725058646,3,1440.47725512998,1,1500.0,0,1500.0,0
2026-09-29,LB56,Kong Pop Lertchai,1298.1984663997462,5,1321.3849789647836,4,1500.0,0,1500.0,0,1500.0,0
2026-09-29,M864,Joji Miyao,1297.9390747627165,5,1316.789514009892,4,1500.0,0,1500.0,0,1457.9469426373737,1
2026-09-29,PD74,Jaime Pulgar-Garcia,1297.617290476888,9,1286.837487932307,8,1462.946311477284,1,1500.0,0,1500.0,0
2026-09-29,BG16,Daniel Berta,1297.6127203052538,11,1453.376019484281,1,1314.8788653351448,9,1437.6401386435582,1,1500.0,0
2026-09-29,K905,Mateusz Kowalczyk,1297.5292871693216,12,1500.0,0,1316.6826554962481,9,1500.0,0,1452.0460174633586,2
2026-09-29,W357,Stefan Wiespeiner,1297.4651659687765,3,1353.386222925081,2,1500.0,0,1500.0,0,1453.7656410966047,1
2026-09-29,V509,Santiago Villegas,1297.262402078382,4,1438.2570614210476,1,1335.7080647286316,3,1500.0,0,1500.0,0
2026-09-29,SN44,Bruno Santanna,1297.082010105314,44,1416.0278314882871,16,1281.0506121842939,28,1500.0,0,1500.0,0
2026-09-29,C518,Genius Chidzikwe,1297.062359160177,16,1274.1224459932532,11,1419.6776537993528,5,1500.0,0,1500.0,0
2026-09-29,H928,Diego Hidalgo,1296.2525205035836,27,1390.663103309011,10,1294.803201562461,17,1500.0,0,1500.0,0
2026-09-29,L653,Haydn Lewis,1295.7698624445675,24,1341.2237134534043,18,1343.6781686955646,4,1460.9901323032002,1,1500.0,0
2026-09-29,C967,Andrew Coelho,1295.1201413707795,38,1289.1685566770602,29,1500.0,0,1361.0869196499416,7,1482.320248731033,2
2026-09-29,D532,Minh-Quan Do,1294.9878894873984,11,1315.5870242808815,10,1500.0,0,1500.0,0,1452.3410518261699,1
2026-09-29,MJ69,Luca Margaroli,1294.7992415065721,24,1386.2851835049562,13,1235.0344322716212,11,1500.0,0,1500.0,0
2026-09-29,G435,Mustafa Ghouse,1294.3822164009255,13,1319.667628727796,12,1500.0,0,1440.9031244009152,1,1500.0,0
2026-09-29,BE84,Rifat Biktyakov,1294.338761898125,9,1271.404521893226,6,1454.7057327016112,3,1500.0,0,1500.0,0
2026-09-29,P452,Tripp Phillips,1293.8231736808593,15,1301.789450601604,14,1417.4816807354853,1,1500.0,0,1500.0,0
2026-09-29,G764,Ervand Gasparyan,1292.9790806216085,20,1303.5345268105073,16,1390.1475600622464,4,1500.0,0,1500.0,0
2026-09-29,PF36,David Perez Sanz,1292.9671831123235,47,1376.8958548520895,21,1251.4448682786349,25,1389.9335771969713,1,1500.0,0
2026-09-29,A563,Haythem Abid,1292.6617682360136,19,1287.6130141258536,6,1341.654197973788,13,1500.0,0,1500.0,0
2026-09-29,V656,Francesco Vilardo,1292.2025871081926,8,1336.9650272585868,4,1374.2592876268384,4,1500.0,0,1500.0,0
2026-09-29,SM18,Kelsey Stevenson,1291.979922144793,9,1290.8151677013734,9,1500.0,0,1500.0,0,1500.0,0
2026-09-29,C0GN,Milledge Cossu,1291.7121178598893,6,1305.8951983394297,5,1445.5842600534793,1,1500.0,0,1500.0,0
2026-09-29,D893,Marko Djokovic,1291.6369922379988,24,1405.3705793809274,8,1297.4039298094558,15,1500.0,0,1422.116896173392,1
2026-09-29,BA00,Sergio Bruni,1291.5069722997175,5,1322.0453287856524,4,1442.9172886782553,1,1500.0,0,1500.0,0
2026-09-29,MH61,Ya-Nan Ma,1291.3094854435599,11,1276.54090437431,10,1500.0,0,1460.7951792441681,1,1500.0,0
2026-09-29,G642,Andrei Gorban,1291.1181355577428,33,1338.1909238997985,15,1288.286670820727,16,1500.0,0,1506.4618673783202,2
2026-09-29,K364,Jordan Kerr,1290.9989329773955,14,1312.7795251757773,6,1462.6624830801422,1,1434.7967941944796,3,1500.0,0
2026-09-29,R847,Younes Rachidi,1290.859514763056,20,1554.9224594347018,2,1255.286291125043,18,1500.0,0,1500.0,0
2026-09-29,J378,Tomislav Jotovski,1290.3135948670467,5,1468.5697354818924,1,1295.4484850637932,4,1500.0,0,1500.0,0
2026-09-29,E227,Mauricio Estivariz,1289.9242969308484,8,1556.7937920885627,1,1250.8136888374286,7,1500.0,0,1500.0,0
2026-09-29,Y180,Barkin Yalcinkale,1289.8825137291824,8,1323.035563352729,5,1396.7785195310175,3,1500.0,0,1500.0,0
2026-09-29,PC33,Neil Pauffley,1289.5204159380053,7,1336.877968706869,3,1500.0,0,1368.1917198782317,4,1500.0,0
2026-09-29,K821,Mikhail Karpol,1289.2793908233616,4,1500.0,0,1306.4267866652729,4,1500.0,0,1500.0,0
2026-09-29,MC42,Aleksandar Maric,1289.1656390447602,8,1500.0,0,1319.5428099355045,7,1500.0,0,1500.0,0
2026-09-29,A570,Ali Ghareeb,1288.8413113757872,5,1296.4223163203706,4,1448.927130851166,1,1500.0,0,1500.0,0
2026-09-29,O208,Sobir Ochilov,1288.7394586059743,5,1288.4724822949559,5,1500.0,0,1500.0,0,1500.0,0
2026-09-29,K528,Photos Kallias,1288.3697881995108,22,1326.9999451924969,8,1335.4968513898327,14,1500.0,0,1500.0,0
2026-09-29,S0LT,Daniel Siniakov,1287.935828721417,9,1500.0,0,1265.7872461575373,9,1500.0,0,1500.0,0
2026-09-29,C601,Fabio Colangelo,1287.8506775525043,9,1382.855649633212,4,1340.9977062362182,5,1500.0,0,1500.0,0
2026-09-29,O464,Naser Obaidly,1287.5729983901867,4,1307.8686622719797,3,1430.8800234612577,1,1500.0,0,1500.0,0
2026-09-29,G0D9,Igor Gimenez,1287.5293300130602,10,1500.0,0,1272.2366747039837,10,1500.0,0,1500.0,0
2026-09-29,SK76,Sergey Shipilov,1286.6509687994192,11,1316.4654066660325,7,1400.1947214479826,4,1500.0,0,1500.0,0
2026-09-29,L0LD,Samuel Alejandro Linde Palacios,1285.9932039469577,10,1500.0,0,1284.2624613401852,10,1500.0,0,1500.0,0
2026-09-29,ME73,Anthony Marshall,1285.4039233552503,3,1444.9580187015126,1,1350.9582237711998,2,1500.0,0,1500.0,0
2026-09-29,K244,Paul Kilderry,1285.132179101106,8,1395.2495104809504,2,1405.8667365937183,2,1411.5804976106301,1,1495.7741893643963,2
2026-09-29,S760,Norikazu Sugiyama,1284.684912560716,43,1270.5341194545274,27,1363.8626416318662,15,1500.0,0,1470.543453379534,1
2026-09-29,L312,Tommi Lenho,1284.6744650036767,14,1428.7862172032055,1,1341.778105834834,12,1500.0,0,1429.1457046989453,1
2026-09-29,G729,Tsolak Gevorgyan,1284.630039801926,7,1345.6771902003634,3,1344.3763882833855,3,1500.0,0,1565.6631951100942,1
2026-09-29,BI17,Phassawit Burapharitta,1284.2150272358203,8,1270.9552338662477,7,1500.0,0,1500.0,0,1500.0,0
2026-09-29,H920,Mohsen Hossein Zade,1284.1818155514832,4,1349.4555167350538,2,1402.8346168471537,2,1500.0,0,1500.0,0
2026-09-29,HB59,Yecong He,1284.1428938945696,38,1279.759417531241,30,1335.9572522784774,8,1500.0,0,1500.0,0
2026-09-29,A674,Juan-Pablo Amado,1284.017089917451,40,1354.313855948546,5,1334.9019056951574,33,1406.035796844989,1,1500.0,0
2026-09-29,T09L,Dostanbek Tashbulatov,1282.0299362472458,9,1307.1824001698183,6,1389.679233050034,3,1500.0,0,1500.0,0
2026-09-29,S712,Asim Shafik,1282.0278428674042,9,1344.3026334020667,7,1434.3368048899058,1,1434.3368048899058,1,1500.0,0
2026-09-29,MC17,Kevin McDuffee,1281.8818175539132,8,1459.7292163243576,1,1381.6943527402375,3,1500.0,0,1336.2054425483796,4
2026-09-29,DB44,Djordje Djokovic,1281.800423514888,7,1400.1097471960527,2,1323.9302657202447,5,1500.0,0,1500.0,0
2026-09-29,V605,Nick Van Rosberg,1280.9912705436998,6,1375.1199138089512,4,1381.3929009428791,2,1500.0,0,1500.0,0
2026-09-29,S891,Evgueni Smirnov,1280.7975010782225,9,1322.8806382138434,4,1410.75191551562,5,1500.0,0,1500.0,0
2026-09-29,U133,Mike Urbanija,1280.5229381406696,11,1417.276884429137,3,1293.6985993347325,8,1500.0,0,1500.0,0
2026-09-29,O634,Jose Olivares,1280.375587986703,12,1454.5046900815735,3,1299.1354098388472,9,1500.0,0,1500.0,0
2026-09-29,H460,Carl Hagman,1280.3604907497215,6,1417.2753886467096,1,1384.5789146383072,2,1500.0,0,1374.2565915224334,3
2026-09-29,D459,Andrey Dernovskiy,1280.3015652147176,16,1436.8525657133118,1,1313.269223003327,12,1500.0,0,1426.070972255627,3
2026-09-29,H338,Emmanuel Heussner,1279.852975353848,9,1434.3368048899058,1,1353.2936240583822,8,1500.0,0,1500.0,0
2026-09-29,BF95,William Boe-Wiegaard,1279.630524542161,8,1327.2864964240962,5,1368.5190274785657,3,1500.0,0,1500.0,0
2026-09-29,PC96,John Peers,1277.488739834734,17,1212.6716161384968,12,1478.193784059394,5,1500.0,0,1500.0,0
2026-09-29,F569,Anas Fattar,1277.3503391601214,10,1500.0,0,1289.8734567534543,10,1500.0,0,1500.0,0
2026-09-29,SD46,Divij Sharan,1276.7718682493369,22,1318.6824413585741,15,1418.9583402759163,4,1350.6731819225813,3,1500.0,0
2026-09-29,C664,Dominique Coene,1276.6000271361727,12,1278.317340921811,6,1367.718045222968,6,1500.0,0,1500.0,0
2026-09-29,MH27,Giacomo Miccini,1276.538639173352,12,1288.98506214113,10,1418.1490214514422,2,1500.0,0,1500.0,0
2026-09-29,MH10,Anton Manegin,1276.2972592286974,17,1282.6481875569775,11,1416.021463086301,5,1500.0,0,1448.241803228316,1
2026-09-29,R462,Narciso Reyes-Rygh,1275.6200275541694,7,1368.6508043437718,4,1338.8220544382154,3,1500.0,0,1500.0,0
2026-09-29,ME70,Alejandro Mendoza,1275.5197939404154,8,1434.910070479089,1,1283.5660953152453,7,1500.0,0,1500.0,0
2026-09-29,R656,Ahmad Rabeea Muhammad,1275.215211591282,14,1272.701147782755,12,1513.7099643061172,2,1500.0,0,1500.0,0
2026-09-29,Y152,Anil Yuksel,1275.1585197482543,23,1281.3916067185069,17,1428.9398501177945,5,1431.6143828767997,1,1500.0,0
2026-09-29,D927,Marko Danis,1274.1229138975543,7,1500.0,0,1277.8141130940269,7,1500.0,0,1500.0,0
2026-09-29,H500,Philipp Hammer,1273.8952893813262,21,1427.089325524298,5,1314.830970526186,9,1440.9031244009152,1,1304.6302603505067,6
2026-09-29,A764,Tuna Altuna,1273.345418794148,12,1306.9077589271926,8,1445.4408904883353,3,1412.3250644779675,1,1500.0,0
2026-09-29,F616,Dmitry Frumkin,1272.6419277554933,6,1303.4619884648705,5,1435.828324003721,1,1500.0,0,1500.0,0
2026-09-29,SC63,Sunil-Kumar Sipaeya,1272.5945186967542,24,1301.8866352592822,20,1331.0266575607957,3,1429.1930987258106,1,1500.0,0
2026-09-29,CO07,Ezekiel Clark,1272.4659001940227,9,1267.8319457153675,8,1465.6393220669577,1,1500.0,0,1500.0,0
2026-09-29,Z079,Jicham Zaatini,1271.2302522638222,17,1365.557351086387,9,1403.3763502807112,4,1395.3265786107331,2,1379.875708884394,2
2026-09-29,SY76,Anthony Susanto,1270.4329032774722,5,1324.049895546271,3,1500.0,0,1500.0,0,1500.0,0
2026-09-29,M996,Christian Magg,1269.918610275778,6,1303.5324091589362,4,1444.18628415642,1,1500.0,0,1500.0,0
2026-09-29,D0I6,Yaroslav Demin,1268.3801236596405,15,1275.1432782546742,9,1388.671808093001,5,1500.0,0,1500.0,0
2026-09-29,J265,Adam Jaya,1267.98748794598,7,1291.115368525346,6,1438.7118220623915,1,1500.0,0,1500.0,0
2026-09-29,W214,Mashiska Washington,1267.8546424783503,46,1308.0361555865638,35,1333.3242049975665,11,1500.0,0,1500.0,0
2026-09-29,R759,Ignaci Roca,1267.61249413188,5,1289.7695682868416,5,1500.0,0,1500.0,0,1500.0,0
2026-09-29,W609,Yusuke Watanuki,1266.8103232727517,14,1356.0437345962905,10,1429.445461039354,1,1500.0,0,1342.8121164728718,3
2026-09-29,M745,Abdul Hamid Makhkamov,1266.504746975961,6,1348.1463990526934,4,1395.4021848273019,2,1500.0,0,1500.0,0
2026-09-29,Y039,Yu Zhang,1266.4534344867786,13,1258.0408860415603,13,1500.0,0,1500.0,0,1500.0,0
2026-09-29,M099,Thomas Muster,1266.2313942294297,22,1392.3766687345499,3,1272.9800151708855,17,1443.3581136504151,1,1500.0,0
2026-09-29,T0HY,Daniels Tens,1266.0788632393692,6,1254.9568729919185,6,1500.0,0,1500.0,0,1500.0,0
2026-09-29,C0NU,Cesar Cruz,1265.220596097495,9,1332.8116608210057,7,1369.6491637983622,2,1500.0,0,1500.0,0
2026-09-29,J374,Damion Johnson,1264.7948700528405,6,1355.3306812826495,3,1349.8267357043273,3,1500.0,0,1500.0,0
2026-09-29,SE31,Armin Sandbichler,1264.5555355936592,12,1384.858874680314,3,1301.2876985690184,9,1500.0,0,1500.0,0
2026-09-29,F172,Andres Filimonov,1264.5335623484386,5,1500.0,0,1297.5815328653848,4,1500.0,0,1434.3368048899058,1
2026-09-29,D519,Vadim Davletshin,1264.335940954082,23,1318.165716280923,11,1350.3884370413052,11,1500.0,0,1469.1885104606072,1
2026-09-29,LG37,Grigoriy Lomakin,1263.9237029422072,17,1298.2224952212343,13,1334.632683361955,4,1500.0,0,1500.0,0
2026-09-29,R853,Nima Roshan,1263.7767691273489,9,1290.1716855335944,8,1446.149857096838,1,1500.0,0,1500.0,0
2026-09-29,H685,Edgar Hernandez-Perez,1263.6319735365646,7,1349.4651736798928,3,1360.442308084817,4,1500.0,0,1500.0,0
2026-09-29,A440,Xavier Audouy,1263.582681426092,12,1339.9704921050431,8,1306.7537425493906,4,1500.0,0,1500.0,0
2026-09-29,AC35,Muhammad Abid,1263.310507743427,6,1336.4475590439126,3,1378.2355953092815,2,1500.0,0,1500.0,0
2026-09-29,A402,Haluk Akkoyun,1262.8494088618934,20,1275.5715289486232,18,1478.0186615605078,1,1500.0,0,1424.0968042564348,1
2026-09-29,LA54,Wilson Leite,1260.9847358671584,76,1297.2649016529192,7,1282.9164452207383,69,1500.0,0,1500.0,0
2026-09-29,T810,Laszlo Toth,1259.9359033795138,8,1500.0,0,1219.990367514456,8,1500.0,0,1500.0,0
2026-09-29,T292,Akbar Taheri,1259.8548849464325,6,1342.6361442262873,3,1349.0055262906872,3,1500.0,0,1500.0,0
2026-09-29,PE42,Luis Patino,1259.367546385704,42,1267.3716338211887,33,1302.4231457092765,8,1500.0,0,1500.0,0
2026-09-29,P603,Antonio Pastorino,1258.2591321400648,11,1401.084834701904,2,1311.1274325266893,9,1500.0,0,1500.0,0
2026-09-29,DA53,Ariez Elyaas Deen Heshaam,1258.2194102133005,6,1258.5150394246798,6,1500.0,0,1500.0,0,1500.0,0
2026-09-29,C09G,Ignacio Carou,1258.2189576297826,12,1500.0,0,1261.009374125699,12,1500.0,0,1500.0,0
2026-09-29,V502,Ranjeet Virali-Murugesan,1257.810593306847,11,1247.9512370782636,11,1500.0,0,1500.0,0,1500.0,0
2026-09-29,C995,Rares Cuzdriorean,1257.4384879830482,5,1295.8933165402614,4,1476.7480712201423,1,1500.0,0,1500.0,0
2026-09-29,B952,Raoul Behr,1257.3499531136456,7,1303.1432648125738,3,1386.2137687571278,4,1500.0,0,1500.0,0
2026-09-29,KB12,Pavel Krainik,1255.9745200358543,27,1235.108620059244,27,1500.0,0,1500.0,0,1500.0,0
2026-09-29,CA23,Federico Ciarrochi,1255.1148775296947,5,1407.3671463798628,1,1320.064125251702,4,1500.0,0,1500.0,0
2026-09-29,Z378,Wei Qiang Zheng,1254.4521668444236,6,1383.4350509112492,3,1344.7196847134267,3,1500.0,0,1500.0,0
2026-09-29,W078,Jeff Williams,1254.137241219043,17,1274.9093449261202,16,1500.0,0,1500.0,0,1500.0,0
2026-09-29,W692,Seanon Williams,1253.8964137319047,10,1345.8171493756017,6,1337.1770921180498,3,1500.0,0,1500.0,0
2026-09-29,CF25,Victor Cornea,1252.7375634966784,17,1448.6471202703522,1,1246.4934116377553,16,1500.0,0,1500.0,0
2026-09-29,N691,Yuqing Ning,1250.8992197705238,7,1264.092584239274,6,1437.8137646118307,1,1500.0,0,1500.0,0
2026-09-29,O09A,Aziz Ouakaa,1250.4765461597797,27,1262.6467947734957,12,1296.8634640151527,15,1500.0,0,1500.0,0
2026-09-29,RD66,Hillel Rousseau,1250.4095900115342,5,1378.450397924749,2,1318.6168922024412,3,1500.0,0,1500.0,0
2026-09-29,H517,Alexander Hartman,1250.3482831328242,7,1358.6300989673746,2,1296.9104133951041,5,1500.0,0,1500.0,0
2026-09-29,C0DS,Thanapet Chanta,1249.5992136080652,13,1257.7928275242261,12,1422.4471531688678,1,1500.0,0,1500.0,0
2026-09-29,R609,Claudio Rizzo,1249.1093422445163,7,1383.1614220852534,2,1282.158296470508,5,1500.0,0,1500.0,0
2026-09-29,R823,Purav Raja,1248.515153363424,16,1250.8979775127525,13,1438.400953596113,1,1466.2201710765942,1,1473.2156891505313,1
2026-09-29,O131,Elmar Gerth,1247.8879545569696,6,1329.9319182413315,3,1385.8037171130588,2,1500.0,0,1434.3368048899058,1
2026-09-29,B619,Thomas Blake,1246.7270256257946,34,1270.2703513551344,23,1301.3540331142262,8,1487.4433507986507,3,1500.0,0
2026-09-29,Z195,Jose Zunino,1245.5195689841512,7,1359.1948092354648,3,1326.867815108639,4,1500.0,0,1500.0,0
2026-09-29,V439,Mikhail Vasiliev,1243.836695778111,12,1299.0144142701479,8,1331.1966565841824,4,1500.0,0,1500.0,0
2026-09-29,MD50,Andre Miele,1242.3101617974576,77,1313.3472359026591,25,1277.0167530223894,49,1344.5584759025467,2,1500.0,0
2026-09-29,B693,Christophe Bosio,1242.1971776275234,6,1440.9031244009152,1,1300.030407777501,5,1500.0,0,1500.0,0
2026-09-29,D844,Gabriel Dias,1241.4411022661438,5,1395.6361168682931,2,1309.8403944567942,3,1500.0,0,1500.0,0
2026-09-29,TB65,Dineshkanthan Thangarajah,1237.4745249502341,13,1256.4832990036966,4,1361.1257058721915,9,1500.0,0,1500.0,0
2026-09-29,J399,Mehdi Jdi,1235.869228983062,11,1442.4100916076436,1,1280.4546003653031,9,1500.0,0,1500.0,0
2026-09-29,SM51,Dominik Sproch,1233.3056980532633,11,1500.0,0,1217.129994130745,11,1500.0,0,1500.0,0
2026-09-29,H917,Tigre Hank,1232.771004813827,35,1226.2774639755858,26,1316.6623302629089,9,1500.0,0,1500.0,0
2026-09-29,D0IP,Gustavo Ribeiro De Almeida,1231.1345045953728,9,1500.0,0,1222.066334872665,9,1500.0,0,1500.0,0
2026-09-29,W354,K.J. Weiss,1228.5072558273814,10,1229.2408974510768,10,1500.0,0,1500.0,0,1500.0,0
2026-09-29,KA41,Yasir Khan,1228.0123558116384,9,1273.0409060689237,5,1317.9363778174056,4,1500.0,0,1500.0,0
2026-09-29,S626,James Sekulov,1227.6489330221061,37,1239.7810853342671,23,1325.4062489376247,11,1442.5832403028494,1,1500.0,0
2026-09-29,SL44,Shonigmatjon Shofayziyev,1226.901794587508,23,1233.8360211443055,19,1408.8004980029684,4,1500.0,0,1500.0,0
2026-09-29,I164,Sarvar Ikramov,1225.9530897506402,49,1267.2602539538977,36,1230.8494647888233,12,1475.5766909237047,1,1500.0,0
2026-09-29,G918,Paris Gemouchidis,1224.9211158916435,7,1470.0415383981829,1,1226.5195894029994,6,1500.0,0,1500.0,0
2026-09-29,K384,Sergei Krotiouk,1224.3796447545922,29,1271.3527318729998,17,1293.5830729441782,11,1500.0,0,1440.9031244009152,1
2026-09-29,MB67,Dmitriy Makeyev,1222.5343124289952,15,1284.135094518208,10,1315.4548150022076,4,1500.0,0,1434.3368048899058,1
2026-09-29,U081,Vaja Uzakov,1218.1298441501133,46,1199.3346368092741,28,1263.7843956287074,18,1500.0,0,1500.0,0
2026-09-29,DH23,S D Prajwal Dev,1217.977392705147,15,1254.28591454425,12,1370.6053847814053,3,1500.0,0,1500.0,0
2026-09-29,CA18,Artur Chernov,1215.9493920305683,11,1230.678896747373,7,1359.0902561785874,3,1500.0,0,1444.18628415642,1
2026-09-29,L857,Juan Langton,1215.3921020503751,13,1290.7677073422522,10,1370.6371694185916,2,1500.0,0,1434.3368048899058,1
2026-09-29,P616,Dennis Peschek,1213.390724100699,13,1500.0,0,1285.2450689311383,6,1500.0,0,1277.7915248864078,7
2026-09-29,BB10,Enrico Becuzzi,1213.1580696436952,11,1333.4837944706064,4,1317.9651072167792,5,1400.5626976644917,2,1500.0,0
2026-09-29,E784,Felipe Escobar,1209.5571667305705,12,1447.4313906770444,1,1219.4855825512984,11,1500.0,0,1500.0,0
2026-09-29,A494,Karim Alayli,1208.7456869865068,26,1222.759478081305,17,1324.9802386935714,9,1500.0,0,1500.0,0
2026-09-29,Y062,Alexander Yarmola,1208.5603698251894,13,1290.3338255737058,5,1309.6377460451154,7,1500.0,0,1444.18628415642,1
2026-09-29,F329,Fazaluddin Syed,1203.8708216997366,13,1172.1334163696476,8,1500.0,0,1457.2859103089427,5,1500.0,0
2026-09-29,K496,Dmitri Kotchetkov,1202.98350209654,13,1339.006976057154,3,1252.1692815652768,8,1500.0,0,1427.037425258144,2
2026-09-29,T281,Marcio Torres,1197.2166374319117,13,1250.7530504520423,7,1334.445212683027,6,1500.0,0,1500.0,0
2026-09-29,AB55,Alberto Emmanuel Alvarado Larin,1196.8892531803458,10,1246.687045961552,7,1456.8543517545072,1,1500.0,0,1500.0,0
2026-09-29,R592,Marvin Rolle,1195.685931956084,6,1270.5900035341556,4,1362.5944092911625,2,1500.0,0,1500.0,0
2026-09-29,L762,Mikhail Lifshits,1193.4789674649282,11,1303.7045323817208,5,1275.9452351495136,5,1500.0,0,1444.18628415642,1
2026-09-29,J341,Cyril Jacobe,1183.7992860041888,9,1189.1589692970012,8,1444.3688620558846,1,1500.0,0,1500.0,0
2026-09-29,E248,Baris Erguden,1175.8768124190765,24,1206.4951925198284,21,1411.538897477697,2,1500.0,0,1434.3368048899058,1
2026-09-29,MB98,Jochen Matschke,1174.196630385502,18,1500.0,0,1229.572198021278,12,1500.0,0,1325.2444945864638,6
2026-09-29,F618,Carlton Fiorentino,1139.006804758846,20,1254.5571042751608,8,1187.6325715765286,11,1500.0,0,1500.0,0
